,time,country,category,peak
0,2022-02-27T08:00:00Z,US,cases,1
1,2022-02-26T08:00:00Z,US,cases,1
2,2022-02-25T08:00:00Z,US,cases,1
3,2022-02-24T08:00:00Z,US,cases,1
4,2022-02-23T18:04:01Z,US,other,1
5,2022-02-23T08:00:00Z,US,cases,1
6,2022-02-22T08:00:00Z,US,cases,1
7,2022-02-21T08:00:00Z,US,cases,1
8,2022-02-20T08:00:00Z,US,cases,1
9,2022-02-19T08:00:00Z,US,cases,1
10,2022-02-18T08:00:00Z,US,cases,1
11,2022-02-17T08:00:00Z,US,cases,1
12,2022-02-16T18:00:35Z,US,other,1
13,2022-02-16T08:00:00Z,US,cases,1
14,2022-02-15T08:00:00Z,US,cases,1
15,2022-02-14T08:00:00Z,US,cases,1
16,2022-02-13T08:00:00Z,US,cases,1
17,2022-02-12T08:00:00Z,US,cases,1
18,2022-02-11T08:00:00Z,US,cases,1
19,2022-02-10T08:00:00Z,US,cases,1
20,2022-02-09T18:21:59Z,US,live,1
21,2022-02-09T18:15:03Z,US,live,1
22,2022-02-09T08:00:00Z,US,cases,1
23,2022-02-08T19:00:40Z,US,live,0
24,2022-02-08T18:02:45Z,US,live,1
25,2022-02-08T08:00:00Z,US,cases,1
26,2022-02-07T18:02:00Z,US,other,1
27,2022-02-07T08:00:00Z,US,cases,1
28,2022-02-06T08:00:00Z,US,cases,1
29,2022-02-05T08:00:00Z,US,cases,1
30,2022-02-04T08:00:00Z,US,cases,1
31,2022-02-03T08:00:00Z,US,cases,1
32,2022-02-02T18:01:20Z,US,other,1
33,2022-02-02T08:00:00Z,US,cases,1
34,2022-02-01T08:00:00Z,US,cases,1
35,2022-01-31T08:00:00Z,US,cases,1
36,2022-01-30T08:00:00Z,US,cases,1
37,2022-01-29T08:00:00Z,US,cases,1
38,2022-01-28T08:00:00Z,US,cases,1
39,2022-01-27T08:00:00Z,US,cases,1
40,2022-01-26T08:00:00Z,US,cases,1
41,2022-01-25T08:00:00Z,US,cases,1
42,2022-01-24T18:01:13Z,US,other,1
43,2022-01-24T08:00:00Z,US,cases,1
44,2022-01-23T08:00:00Z,US,cases,1
45,2022-01-22T08:00:00Z,US,cases,1
46,2022-01-21T08:00:00Z,US,cases,1
47,2022-01-20T19:08:30Z,US,live,0
48,2022-01-20T08:00:00Z,US,cases,1
49,2022-01-19T16:08:11Z,US,live,0
50,2022-01-19T08:00:00Z,US,cases,1
51,2022-01-18T08:00:00Z,US,cases,1
52,2022-01-17T08:00:00Z,US,cases,1
53,2022-01-16T08:00:00Z,US,cases,1
54,2022-01-15T08:00:00Z,US,cases,1
55,2022-01-14T08:00:00Z,US,cases,1
56,2022-01-13T18:15:17Z,US,live,1
57,2022-01-13T15:41:05Z,US,president speech,0
58,2022-01-13T08:00:00Z,US,cases,1
59,2022-01-12T20:21:55Z,US,live,0
60,2022-01-12T08:00:00Z,US,cases,1
61,2022-01-11T08:00:00Z,US,cases,1
62,2022-01-10T18:01:48Z,US,other,1
63,2022-01-10T08:00:00Z,US,cases,1
64,2022-01-09T08:00:00Z,US,cases,1
65,2022-01-08T08:00:00Z,US,cases,1
66,2022-01-07T08:00:00Z,US,cases,1
67,2022-01-06T08:00:00Z,US,cases,1
68,2022-01-05T08:00:00Z,US,cases,1
69,2022-01-04T19:11:25Z,US,president speech,0
70,2022-01-04T15:08:01Z,US,live,0
71,2022-01-04T08:00:00Z,US,cases,1
72,2022-01-03T17:59:47Z,US,other,1
73,2022-01-03T08:00:00Z,US,cases,1
74,2022-01-02T08:00:00Z,US,cases,1
75,2022-01-01T08:00:00Z,US,cases,1
76,2021-12-31T08:00:00Z,US,cases,1
77,2021-12-30T08:00:00Z,US,cases,1
78,2021-12-29T08:00:00Z,US,cases,1
79,2021-12-28T08:00:00Z,US,cases,1
80,2021-12-27T16:38:57Z,US,live,1
81,2021-12-27T08:00:00Z,US,cases,1
82,2021-12-26T08:00:00Z,US,cases,1
83,2021-12-25T08:00:00Z,US,cases,1
84,2021-12-24T08:00:00Z,US,cases,1
85,2021-12-23T08:00:00Z,US,cases,1
86,2021-12-22T18:46:15Z,US,live,0
87,2021-12-22T08:00:00Z,US,cases,1
88,2021-12-21T19:42:28Z,US,president speech,0
89,2021-12-21T08:00:00Z,US,cases,1
90,2021-12-20T18:00:46Z,US,other,1
91,2021-12-20T08:00:00Z,US,cases,1
92,2021-12-19T08:00:00Z,US,cases,1
93,2021-12-18T08:00:00Z,US,cases,1
94,2021-12-17T08:00:00Z,US,cases,1
95,2021-12-16T08:00:00Z,US,cases,1
96,2021-12-15T08:00:00Z,US,cases,1
97,2021-12-14T08:00:00Z,US,cases,1
98,2021-12-13T18:04:06Z,US,other,1
99,2021-12-13T08:00:00Z,US,cases,1
100,2021-12-12T08:00:00Z,US,cases,1
101,2021-12-11T08:00:00Z,US,cases,1
102,2021-12-10T08:00:00Z,US,cases,1
103,2021-12-09T08:00:00Z,US,cases,1
104,2021-12-08T18:00:13Z,US,other,1
105,2021-12-08T08:00:00Z,US,cases,1
106,2021-12-07T08:00:00Z,US,cases,1
107,2021-12-06T08:00:00Z,US,cases,1
108,2021-12-05T08:00:00Z,US,cases,1
109,2021-12-04T08:00:00Z,US,cases,1
110,2021-12-03T08:00:00Z,US,cases,1
111,2021-12-02T18:37:49Z,US,president speech,0
112,2021-12-02T08:00:00Z,US,cases,1
113,2021-12-01T19:45:46Z,US,live,0
114,2021-12-01T19:06:20Z,US,live,0
115,2021-12-01T08:00:00Z,US,cases,1
116,2021-11-30T08:00:00Z,US,cases,1
117,2021-11-29T18:01:40Z,US,other,1
118,2021-11-29T08:00:00Z,US,cases,1
119,2021-11-28T08:00:00Z,US,cases,1
120,2021-11-27T08:00:00Z,US,cases,1
121,2021-11-26T08:00:00Z,US,cases,1
122,2021-11-25T08:00:00Z,US,cases,1
123,2021-11-24T08:00:00Z,US,cases,1
124,2021-11-23T08:00:00Z,US,cases,1
125,2021-11-22T18:01:59Z,US,other,1
126,2021-11-22T08:00:00Z,US,cases,1
127,2021-11-21T08:00:00Z,US,cases,1
128,2021-11-20T08:00:00Z,US,cases,1
129,2021-11-19T08:00:00Z,US,cases,1
130,2021-11-18T16:40:31Z,US,live,1
131,2021-11-18T08:00:00Z,US,cases,1
132,2021-11-17T08:00:00Z,US,cases,1
133,2021-11-16T08:00:00Z,US,cases,1
134,2021-11-15T18:00:03Z,US,other,1
135,2021-11-15T08:00:00Z,US,cases,1
136,2021-11-14T08:00:00Z,US,cases,1
137,2021-11-13T08:00:00Z,US,cases,1
138,2021-11-12T08:00:00Z,US,cases,1
139,2021-11-11T08:00:00Z,US,cases,1
140,2021-11-10T18:18:08Z,US,live,1
141,2021-11-10T08:00:00Z,US,cases,1
142,2021-11-09T08:00:00Z,US,cases,1
143,2021-11-08T18:02:15Z,US,other,1
144,2021-11-08T08:00:00Z,US,cases,1
145,2021-11-07T08:00:00Z,US,cases,1
146,2021-11-06T08:00:00Z,US,cases,0
147,2021-11-05T08:00:00Z,US,cases,0
148,2021-11-04T08:00:00Z,US,cases,0
149,2021-11-03T20:04:45Z,US,president speech,0
150,2021-11-03T19:03:06Z,US,live,0
151,2021-11-03T08:00:00Z,US,cases,0
152,2021-11-02T08:00:00Z,US,cases,0
153,2021-11-01T17:00:40Z,US,other,1
154,2021-11-01T08:00:00Z,US,cases,0
155,2021-10-31T08:00:00Z,US,cases,0
156,2021-10-30T07:00:00Z,US,cases,1
157,2021-10-29T07:00:00Z,US,cases,1
158,2021-10-28T07:00:00Z,US,cases,1
159,2021-10-27T17:02:02Z,US,other,1
160,2021-10-27T07:00:00Z,US,cases,1
161,2021-10-26T07:00:00Z,US,cases,1
162,2021-10-25T18:01:45Z,US,live,0
163,2021-10-25T07:00:00Z,US,cases,1
164,2021-10-24T07:00:00Z,US,cases,1
165,2021-10-23T07:00:00Z,US,cases,1
166,2021-10-22T07:00:00Z,US,cases,1
167,2021-10-21T07:00:00Z,US,cases,1
168,2021-10-20T17:05:39Z,US,other,1
169,2021-10-20T07:00:00Z,US,cases,1
170,2021-10-19T07:00:00Z,US,cases,1
171,2021-10-18T17:01:18Z,US,other,1
172,2021-10-18T07:00:00Z,US,cases,1
173,2021-10-17T07:00:00Z,US,cases,1
174,2021-10-16T07:00:00Z,US,cases,1
175,2021-10-15T18:05:00Z,US,live,0
176,2021-10-15T07:00:00Z,US,cases,1
177,2021-10-14T07:00:00Z,US,cases,1
178,2021-10-13T18:00:44Z,US,other,0
179,2021-10-13T07:00:00Z,US,cases,1
180,2021-10-12T07:00:00Z,US,cases,1
181,2021-10-11T07:00:00Z,US,cases,1
182,2021-10-10T07:00:00Z,US,cases,1
183,2021-10-09T07:00:00Z,US,cases,1
184,2021-10-08T07:00:00Z,US,cases,1
185,2021-10-07T19:43:34Z,US,president speech,0
186,2021-10-07T07:00:00Z,US,cases,1
187,2021-10-06T17:03:41Z,US,other,1
188,2021-10-06T07:00:00Z,US,cases,1
189,2021-10-05T07:00:00Z,US,cases,1
190,2021-10-04T17:00:51Z,US,other,1
191,2021-10-04T07:00:00Z,US,cases,1
192,2021-10-03T07:00:00Z,US,cases,1
193,2021-10-02T07:00:00Z,US,cases,1
194,2021-10-01T07:00:00Z,US,cases,1
195,2021-09-30T18:02:06Z,US,live,0
196,2021-09-30T07:00:00Z,US,cases,1
197,2021-09-29T17:01:32Z,US,other,1
198,2021-09-29T07:00:00Z,US,cases,1
199,2021-09-28T07:00:00Z,US,cases,1
200,2021-09-27T17:06:19Z,US,president speech,1
201,2021-09-27T07:00:00Z,US,cases,1
202,2021-09-26T07:00:00Z,US,cases,1
203,2021-09-25T07:00:00Z,US,cases,1
204,2021-09-24T13:58:29Z,US,president speech,0
205,2021-09-24T07:00:00Z,US,cases,1
206,2021-09-23T07:00:00Z,US,cases,1
207,2021-09-22T17:01:58Z,US,other,1
208,2021-09-22T07:00:00Z,US,cases,1
209,2021-09-21T07:00:00Z,US,cases,1
210,2021-09-20T18:00:03Z,US,live,0
211,2021-09-20T17:00:59Z,US,other,1
212,2021-09-20T07:00:00Z,US,cases,1
213,2021-09-19T07:00:00Z,US,cases,1
214,2021-09-18T07:00:00Z,US,cases,1
215,2021-09-17T07:00:00Z,US,cases,1
216,2021-09-16T07:00:00Z,US,cases,1
217,2021-09-15T17:02:28Z,US,other,1
218,2021-09-15T07:00:00Z,US,cases,1
219,2021-09-14T14:17:11Z,US,live,0
220,2021-09-14T07:00:00Z,US,cases,1
221,2021-09-13T17:00:59Z,US,other,1
222,2021-09-13T16:21:34Z,US,live,0
223,2021-09-13T07:00:00Z,US,cases,1
224,2021-09-12T07:00:00Z,US,cases,1
225,2021-09-11T07:00:00Z,US,cases,1
226,2021-09-10T17:54:26Z,US,other,0
227,2021-09-10T17:17:18Z,US,live,1
228,2021-09-10T07:00:00Z,US,cases,1
229,2021-09-09T21:01:37Z,US,president speech,0
230,2021-09-09T07:00:00Z,US,cases,1
231,2021-09-08T18:01:50Z,US,live,0
232,2021-09-08T17:02:29Z,US,other,1
233,2021-09-08T07:00:00Z,US,cases,1
234,2021-09-07T07:00:00Z,US,cases,1
235,2021-09-06T07:00:00Z,US,cases,1
236,2021-09-05T07:00:00Z,US,cases,1
237,2021-09-04T07:00:00Z,US,cases,1
238,2021-09-03T07:00:00Z,US,cases,1
239,2021-09-02T16:06:22Z,US,live,0
240,2021-09-02T07:00:00Z,US,cases,1
241,2021-09-01T16:16:16Z,US,live,0
242,2021-09-01T07:00:00Z,US,cases,1
243,2021-08-30T17:00:00Z,US,other,1
244,2021-08-30T16:27:00Z,US,live,0
245,2021-08-26T14:45:00Z,US,live,0
246,2021-08-23T17:56:00Z,US,president speech,0
247,2021-08-23T17:03:00Z,US,other,1
248,2021-08-23T16:24:00Z,US,live,0
249,2021-08-18T20:31:00Z,US,president speech,0
250,2021-08-18T18:01:00Z,US,live,0
251,2021-08-18T11:00:00Z,US,live,0
252,2021-08-09T17:00:00Z,US,other,1
253,2021-08-09T16:21:00Z,US,live,0
254,2021-08-05T18:02:00Z,US,live,0
255,2021-08-05T13:00:00Z,US,live,0
256,2021-08-03T20:29:00Z,US,president speech,0
257,2021-08-02T17:01:00Z,US,other,1
258,2021-08-02T16:30:00Z,US,live,0
259,2021-08-02T13:33:00Z,US,live,0
260,2021-07-28T14:05:00Z,US,live,0
261,2021-07-26T17:39:00Z,US,live,0
262,2021-07-19T17:01:00Z,US,other,1
263,2021-07-19T16:18:00Z,US,live,0
264,2021-07-12T17:02:00Z,US,other,1
265,2021-07-12T16:05:00Z,US,live,0
266,2021-07-07T17:09:00Z,US,live,1
267,2021-07-07T17:02:00Z,US,other,1
268,2021-07-07T16:49:00Z,US,live,1
269,2021-07-07T14:03:00Z,US,live,0
270,2021-07-06T19:05:00Z,US,president speech,0
271,2021-06-30T17:25:00Z,US,other,1
272,2021-06-30T17:04:00Z,US,other,1
273,2021-06-30T16:35:00Z,US,live,1
274,2021-06-28T17:33:00Z,US,live,0
275,2021-06-23T18:00:00Z,US,other,0
276,2021-06-23T16:31:00Z,US,live,1
277,2021-06-23T15:33:00Z,US,live,1
278,2021-06-16T20:17:00Z,US,live,0
279,2021-06-16T17:00:00Z,US,other,1
280,2021-06-16T16:20:00Z,US,live,0
281,2021-06-15T16:00:00Z,US,live,1
282,2021-06-15T15:03:00Z,US,live,0
283,2021-06-15T11:13:00Z,US,live,0
284,2021-06-14T17:02:00Z,US,other,1
285,2021-06-14T16:11:00Z,US,live,0
286,2021-06-14T15:41:00Z,US,live,1
287,2021-06-10T17:45:00Z,US,president speech,0
288,2021-06-10T17:26:00Z,US,president speech,1
289,2021-06-07T17:02:00Z,US,other,1
290,2021-06-07T15:32:00Z,US,live,1
291,2021-06-02T19:05:00Z,US,live,0
292,2021-06-02T17:41:00Z,US,president speech,0
293,2021-06-02T17:03:00Z,US,other,1
294,2021-06-02T17:02:00Z,US,other,1
295,2021-06-02T16:07:00Z,US,live,0
296,2021-06-02T14:37:00Z,US,live,0
297,2021-05-28T17:48:00Z,US,live,0
298,2021-05-28T16:06:00Z,US,live,0
299,2021-05-28T15:52:00Z,US,president speech,1
300,2021-05-27T15:34:00Z,US,live,1
301,2021-05-27T15:33:00Z,US,live,1
302,2021-05-26T17:02:00Z,US,other,1
303,2021-05-26T16:29:00Z,US,live,0
304,2021-05-26T15:33:00Z,US,live,1
305,2021-05-26T15:00:00Z,US,live,0
306,2021-05-24T17:03:00Z,US,other,1
307,2021-05-24T16:48:00Z,US,live,1
308,2021-05-24T15:30:00Z,US,live,0
309,2021-05-14T21:00:00Z,US,live,0
310,2021-05-13T17:45:00Z,US,live,0
311,2021-05-13T15:35:00Z,US,live,1
312,2021-05-12T20:30:00Z,US,live,0
313,2021-05-12T20:11:00Z,US,president speech,0
314,2021-05-12T17:00:00Z,US,other,1
315,2021-05-12T16:39:00Z,US,live,1
316,2021-05-12T15:37:00Z,US,live,1
317,2021-05-12T15:11:00Z,US,live,0
318,2021-05-12T11:00:00Z,US,live,0
319,2021-05-11T17:12:00Z,US,president speech,1
320,2021-05-10T19:53:00Z,US,live,0
321,2021-05-10T17:02:00Z,US,other,1
322,2021-05-10T16:30:00Z,US,live,0
323,2021-05-10T15:36:00Z,US,live,1
324,2021-05-06T15:13:00Z,US,live,0
325,2021-05-05T17:01:00Z,US,other,1
326,2021-05-05T17:01:00Z,US,live,1
327,2021-05-05T16:31:00Z,US,live,1
328,2021-05-05T15:38:00Z,US,live,1
329,2021-05-04T18:43:00Z,US,live,0
330,2021-05-04T18:33:00Z,US,president speech,0
331,2021-05-03T15:33:00Z,US,live,1
332,2021-05-03T14:09:00Z,US,live,0
333,2021-04-29T15:38:00Z,US,live,1
334,2021-04-28T20:00:00Z,US,live,0
335,2021-04-28T17:03:00Z,US,other,1
336,2021-04-28T16:09:00Z,US,live,0
337,2021-04-28T11:00:00Z,US,live,0
338,2021-04-27T17:54:00Z,US,president speech,0
339,2021-04-27T17:44:00Z,US,live,0
340,2021-04-26T17:02:00Z,US,other,1
341,2021-04-26T15:38:00Z,US,live,1
342,2021-04-26T14:44:00Z,US,live,0
343,2021-04-19T17:01:00Z,US,other,1
344,2021-04-19T16:56:00Z,US,live,1
345,2021-04-19T15:34:00Z,US,live,1
346,2021-04-14T17:01:00Z,US,other,1
347,2021-04-14T16:18:00Z,US,live,0
348,2021-04-14T15:42:00Z,US,live,1
349,2021-04-07T17:01:00Z,US,other,1
350,2021-04-07T16:26:00Z,US,live,0
351,2021-04-07T16:17:00Z,US,live,0
352,2021-04-06T20:11:00Z,US,president speech,0
353,2021-04-06T18:59:00Z,US,live,0
354,2021-04-06T17:58:00Z,US,live,0
355,2021-04-06T17:12:00Z,US,live,1
356,2021-04-06T15:31:00Z,US,live,1
357,2021-04-01T18:01:00Z,US,live,0
358,2021-04-01T16:18:00Z,US,live,0
359,2021-04-01T16:18:00Z,US,live,0
360,2021-03-31T17:00:00Z,US,live,1
361,2021-03-30T17:34:00Z,US,live,0
362,2021-03-29T18:30:00Z,US,president speech,0
363,2021-03-29T17:00:00Z,US,live,1
364,2021-03-25T18:01:00Z,US,live,0
365,2021-03-25T15:16:00Z,US,live,0
366,2021-03-25T14:36:00Z,US,live,0
367,2021-03-24T17:00:00Z,US,live,1
368,2021-03-24T15:30:00Z,US,other,0
369,2021-03-23T18:30:00Z,US,live,0
370,2021-03-22T17:00:00Z,US,live,1
371,2021-03-17T17:00:00Z,US,live,1
372,2021-03-17T14:52:00Z,US,live,0
373,2021-03-15T18:03:00Z,US,president speech,0
374,2021-03-15T16:05:00Z,US,live,0
375,2021-03-12T19:33:00Z,US,president speech,0
376,2021-03-12T18:30:00Z,US,live,1
377,2021-03-11T18:59:00Z,US,live,0
378,2021-03-11T15:51:00Z,US,live,0
379,2021-03-11T15:30:00Z,US,live,0
380,2021-03-09T16:00:00Z,US,live,0
381,2021-03-09T12:54:00Z,US,live,0
382,2021-03-08T18:02:00Z,US,other,1
383,2021-03-08T16:31:00Z,US,live,1
384,2021-03-05T17:38:00Z,US,live,1
385,2021-03-05T16:42:00Z,US,live,1
386,2021-03-05T15:23:00Z,US,live,0
387,2021-03-04T20:05:00Z,US,other,0
388,2021-03-04T19:36:00Z,US,live,0
389,2021-03-04T19:28:00Z,US,live,0
390,2021-03-04T18:34:00Z,US,live,0
391,2021-03-03T18:05:00Z,US,live,1
392,2021-03-03T16:06:00Z,US,other,0
393,2021-03-03T16:01:00Z,US,live,0
394,2021-03-03T14:02:00Z,US,live,0
395,2021-03-02T21:18:00Z,US,other,0
396,2021-03-02T21:16:00Z,US,other,0
397,2021-03-02T18:02:00Z,US,live,1
398,2021-03-02T17:39:00Z,US,live,1
399,2021-03-02T16:20:00Z,US,president speech,0
400,2021-03-02T16:13:00Z,US,live,0
401,2021-03-02T14:40:00Z,US,live,0
402,2021-03-02T13:04:00Z,US,live,0
403,2021-03-01T19:08:00Z,US,live,0
404,2021-03-01T18:30:00Z,US,live,1
405,2021-03-01T18:26:00Z,US,live,1
406,2021-03-01T18:22:00Z,US,live,1
407,2021-03-01T18:07:00Z,US,other,1
408,2021-03-01T18:03:00Z,US,other,1
409,2021-03-01T17:08:00Z,US,live,0
410,2021-03-01T16:56:00Z,US,live,1
411,2021-03-01T16:08:00Z,US,live,0
412,2021-03-01T15:27:00Z,US,live,0
413,2021-03-01T12:37:00Z,US,other,0
414,2021-02-28T23:30:00Z,US,other,0
415,2021-02-28T23:05:00Z,US,live,0
416,2021-02-27T18:10:00Z,US,other,1
417,2021-02-27T15:59:00Z,US,president speech,0
418,2021-02-27T15:41:00Z,US,live,0
419,2021-02-27T15:40:00Z,US,live,0
420,2021-02-26T23:31:00Z,US,other,0
421,2021-02-26T22:54:00Z,US,other,0
422,2021-02-26T22:47:00Z,US,president speech,0
423,2021-02-26T20:30:00Z,US,other,0
424,2021-02-26T20:16:00Z,US,other,0
425,2021-02-26T19:27:00Z,US,live,0
426,2021-02-26T18:37:00Z,US,other,0
427,2021-02-26T18:26:00Z,US,other,1
428,2021-02-26T18:22:00Z,US,other,1
429,2021-02-26T18:14:00Z,US,live,1
430,2021-02-26T18:08:00Z,US,other,1
431,2021-02-26T18:06:00Z,US,live,1
432,2021-02-26T18:02:00Z,US,live,1
433,2021-02-26T17:47:00Z,US,other,1
434,2021-02-26T16:54:00Z,US,live,1
435,2021-02-26T16:38:00Z,US,live,1
436,2021-02-26T16:34:00Z,US,live,1
437,2021-02-26T16:07:00Z,US,live,0
438,2021-02-26T16:05:00Z,US,live,0
439,2021-02-26T15:53:00Z,US,other,0
440,2021-02-26T14:18:00Z,US,live,0
441,2021-02-26T13:56:00Z,US,live,0
442,2021-02-25T22:14:00Z,US,other,0
443,2021-02-25T21:43:00Z,US,president speech,0
444,2021-02-25T20:14:00Z,US,president speech,0
445,2021-02-25T19:15:00Z,US,live,0
446,2021-02-25T18:28:00Z,US,live,1
447,2021-02-25T18:15:00Z,US,live,1
448,2021-02-25T17:38:00Z,US,live,1
449,2021-02-25T15:04:00Z,US,live,0
450,2021-02-25T14:33:00Z,US,live,0
451,2021-02-25T14:31:00Z,US,live,0
452,2021-02-25T00:06:00Z,US,other,0
453,2021-02-24T23:53:00Z,US,other,0
454,2021-02-24T22:35:00Z,US,president speech,0
455,2021-02-24T20:16:00Z,US,live,0
456,2021-02-24T20:11:00Z,US,other,0
457,2021-02-24T20:05:00Z,US,other,0
458,2021-02-24T17:57:00Z,US,live,1
459,2021-02-24T17:37:00Z,US,live,1
460,2021-02-24T16:27:00Z,US,live,0
461,2021-02-24T16:18:00Z,US,live,0
462,2021-02-24T15:36:00Z,US,other,0
463,2021-02-24T14:07:00Z,US,live,0
464,2021-02-24T12:36:00Z,US,live,0
465,2021-02-23T21:32:00Z,US,other,0
466,2021-02-23T19:31:00Z,US,live,0
467,2021-02-22T23:41:00Z,US,other,0
468,2021-02-22T23:03:00Z,US,other,0
469,2021-02-22T23:01:00Z,US,president speech,0
470,2021-02-22T22:57:00Z,US,other,0
471,2021-02-22T21:22:00Z,US,live,0
472,2021-02-22T21:01:00Z,US,other,0
473,2021-02-22T19:24:00Z,US,president speech,0
474,2021-02-22T18:17:00Z,US,live,1
475,2021-02-22T18:16:00Z,US,other,1
476,2021-02-22T18:02:00Z,US,other,1
477,2021-02-22T17:50:00Z,US,live,1
478,2021-02-22T17:11:00Z,US,live,0
479,2021-02-22T16:44:00Z,US,other,1
480,2021-02-22T16:44:00Z,US,live,1
481,2021-02-22T16:37:00Z,US,live,1
482,2021-02-22T16:21:00Z,US,live,0
483,2021-02-22T16:18:00Z,US,live,0
484,2021-02-22T15:45:00Z,US,live,0
485,2021-02-22T15:32:00Z,US,live,0
486,2021-02-22T14:40:00Z,US,live,0
487,2021-02-22T14:30:00Z,US,live,0
488,2021-02-22T14:22:00Z,US,live,0
489,2021-02-22T14:14:00Z,US,live,0
490,2021-02-20T15:47:00Z,US,live,0
491,2021-02-20T12:07:00Z,US,other,0
492,2021-02-19T23:30:00Z,US,other,0
493,2021-02-19T22:04:00Z,US,live,0
494,2021-02-19T20:17:00Z,US,president speech,0
495,2021-02-19T18:21:00Z,US,live,1
496,2021-02-19T18:18:00Z,US,live,1
497,2021-02-19T18:16:00Z,US,other,1
498,2021-02-19T18:02:00Z,US,other,1
499,2021-02-19T17:52:00Z,US,other,1
500,2021-02-19T17:47:00Z,US,live,1
501,2021-02-19T17:13:00Z,US,other,0
502,2021-02-19T16:52:00Z,US,other,1
503,2021-02-19T16:30:00Z,US,live,0
504,2021-02-19T16:19:00Z,US,live,0
505,2021-02-19T16:15:00Z,US,president speech,0
506,2021-02-19T15:01:00Z,US,live,0
507,2021-02-18T23:49:00Z,US,live,0
508,2021-02-18T21:14:00Z,US,other,0
509,2021-02-18T21:09:00Z,US,other,0
510,2021-02-18T20:20:00Z,US,live,0
511,2021-02-18T20:10:00Z,US,other,0
512,2021-02-18T17:38:00Z,US,live,1
513,2021-02-18T14:12:00Z,US,other,0
514,2021-02-18T14:03:00Z,US,live,0
515,2021-02-18T14:00:00Z,US,live,0
516,2021-02-18T13:19:00Z,US,live,0
517,2021-02-18T00:14:00Z,US,live,0
518,2021-02-17T21:11:00Z,US,live,0
519,2021-02-17T21:10:00Z,US,other,0
520,2021-02-17T18:19:00Z,US,live,1
521,2021-02-17T18:11:00Z,US,live,1
522,2021-02-17T18:02:00Z,US,other,1
523,2021-02-17T18:01:00Z,US,live,1
524,2021-02-17T17:59:00Z,US,other,1
525,2021-02-17T17:09:00Z,US,live,0
526,2021-02-17T17:08:00Z,US,live,0
527,2021-02-17T17:00:00Z,US,live,1
528,2021-02-17T16:48:00Z,US,live,1
529,2021-02-17T15:21:00Z,US,live,0
530,2021-02-17T15:07:00Z,US,live,0
531,2021-02-17T14:10:00Z,US,live,0
532,2021-02-17T14:00:00Z,US,live,0
533,2021-02-17T01:15:00Z,US,president speech,0
534,2021-02-16T23:54:00Z,US,live,0
535,2021-02-16T22:20:00Z,US,other,0
536,2021-02-16T22:05:00Z,US,other,0
537,2021-02-16T19:27:00Z,US,other,0
538,2021-02-16T18:56:00Z,US,live,0
539,2021-02-16T18:21:00Z,US,president speech,1
540,2021-02-16T17:17:00Z,US,live,0
541,2021-02-16T16:00:00Z,US,live,0
542,2021-02-16T15:50:00Z,US,live,0
543,2021-02-16T14:14:00Z,US,live,0
544,2021-02-16T00:50:00Z,US,other,0
545,2021-02-15T21:33:00Z,US,other,0
546,2021-02-15T20:33:00Z,US,live,0
547,2021-02-15T20:00:00Z,US,live,0
548,2021-02-15T19:21:00Z,US,live,0
549,2021-02-15T18:35:00Z,US,other,0
550,2021-02-15T16:30:00Z,US,live,0
551,2021-02-15T00:06:00Z,US,other,0
552,2021-02-14T12:55:00Z,US,other,0
553,2021-02-13T22:14:00Z,US,live,0
554,2021-02-13T14:54:00Z,US,other,0
555,2021-02-12T22:44:00Z,US,other,0
556,2021-02-12T18:32:00Z,US,live,0
557,2021-02-12T18:03:00Z,US,live,1
558,2021-02-12T17:34:00Z,US,president speech,1
559,2021-02-12T17:10:00Z,US,other,0
560,2021-02-12T16:36:00Z,US,live,1
561,2021-02-12T14:47:00Z,US,other,0
562,2021-02-12T01:59:00Z,US,other,0
563,2021-02-11T23:47:00Z,US,other,0
564,2021-02-11T23:30:00Z,US,live,0
565,2021-02-11T21:43:00Z,US,president speech,0
566,2021-02-11T21:22:00Z,US,other,0
567,2021-02-11T19:38:00Z,US,live,0
568,2021-02-11T19:04:00Z,US,live,0
569,2021-02-11T18:31:00Z,US,live,0
570,2021-02-11T17:43:00Z,US,live,1
571,2021-02-11T17:37:00Z,US,live,1
572,2021-02-11T17:30:00Z,US,live,0
573,2021-02-11T16:13:00Z,US,other,0
574,2021-02-11T16:07:00Z,US,live,0
575,2021-02-11T15:31:00Z,US,live,0
576,2021-02-11T15:06:00Z,US,live,0
577,2021-02-11T14:00:00Z,US,live,0
578,2021-02-10T20:17:00Z,US,live,0
579,2021-02-10T20:10:00Z,US,live,0
580,2021-02-10T20:09:00Z,US,other,0
581,2021-02-10T20:04:00Z,US,other,0
582,2021-02-10T19:27:00Z,US,live,0
583,2021-02-10T18:26:00Z,US,live,1
584,2021-02-10T18:22:00Z,US,president speech,1
585,2021-02-10T18:16:00Z,US,other,1
586,2021-02-10T18:06:00Z,US,live,1
587,2021-02-10T17:04:00Z,US,live,0
588,2021-02-10T16:52:00Z,US,live,1
589,2021-02-10T16:46:00Z,US,live,1
590,2021-02-10T16:37:00Z,US,live,1
591,2021-02-10T16:11:00Z,US,other,0
592,2021-02-10T16:04:00Z,US,live,0
593,2021-02-10T15:50:00Z,US,live,0
594,2021-02-10T15:00:00Z,US,live,0
595,2021-02-10T14:19:00Z,US,live,0
596,2021-02-10T13:34:00Z,US,other,0
597,2021-02-09T21:05:00Z,US,live,0
598,2021-02-09T20:33:00Z,US,live,0
599,2021-02-09T18:00:00Z,US,live,1
600,2021-02-09T17:47:00Z,US,live,1
601,2021-02-09T17:10:00Z,US,live,0
602,2021-02-09T17:08:00Z,US,live,0
603,2021-02-09T17:01:00Z,US,live,0
604,2021-02-09T15:08:00Z,US,live,0
605,2021-02-09T15:07:00Z,US,live,0
606,2021-02-07T22:02:00Z,US,other,0
607,2021-02-07T20:52:00Z,US,other,0
608,2021-02-07T18:36:00Z,US,other,0
609,2021-02-06T15:25:00Z,US,other,0
610,2021-02-06T00:01:00Z,US,other,0
611,2021-02-05T19:05:00Z,US,other,0
612,2021-02-05T18:02:00Z,US,other,1
613,2021-02-05T17:56:00Z,US,other,1
614,2021-02-05T17:50:00Z,US,live,1
615,2021-02-05T17:14:00Z,US,live,0
616,2021-02-05T16:49:00Z,US,live,1
617,2021-02-05T16:39:00Z,US,live,1
618,2021-02-05T16:30:00Z,US,live,0
619,2021-02-05T16:12:00Z,US,live,0
620,2021-02-05T15:17:00Z,US,live,0
621,2021-02-05T14:13:00Z,US,live,0
622,2021-02-05T13:45:00Z,US,other,0
623,2021-02-04T21:59:00Z,US,other,0
624,2021-02-04T20:07:00Z,US,other,0
625,2021-02-04T20:01:00Z,US,live,0
626,2021-02-04T19:09:00Z,US,other,0
627,2021-02-04T18:09:00Z,US,other,1
628,2021-02-04T18:01:00Z,US,live,1
629,2021-02-04T17:49:00Z,US,other,1
630,2021-02-04T17:36:00Z,US,live,1
631,2021-02-04T17:10:00Z,US,live,0
632,2021-02-04T17:05:00Z,US,live,0
633,2021-02-04T16:53:00Z,US,other,1
634,2021-02-04T16:52:00Z,US,other,1
635,2021-02-04T16:41:00Z,US,live,1
636,2021-02-04T15:43:00Z,US,live,0
637,2021-02-04T15:20:00Z,US,other,0
638,2021-02-04T14:40:00Z,US,other,0
639,2021-02-04T14:18:00Z,US,live,0
640,2021-02-04T14:05:00Z,US,live,0
641,2021-02-04T13:30:00Z,US,other,0
642,2021-02-04T02:39:00Z,US,other,0
643,2021-02-04T00:01:00Z,US,live,0
644,2021-02-04T00:01:00Z,US,live,0
645,2021-02-03T21:14:00Z,US,other,0
646,2021-02-03T21:06:00Z,US,other,0
647,2021-02-03T20:18:00Z,US,other,0
648,2021-02-03T19:20:00Z,US,other,0
649,2021-02-03T18:45:00Z,US,live,0
650,2021-02-03T18:00:00Z,US,other,1
651,2021-02-03T17:56:00Z,US,live,1
652,2021-02-03T17:05:00Z,US,live,0
653,2021-02-03T17:01:00Z,US,other,0
654,2021-02-03T16:58:00Z,US,live,1
655,2021-02-03T16:40:00Z,US,other,1
656,2021-02-03T16:33:00Z,US,live,1
657,2021-02-03T16:30:00Z,US,live,0
658,2021-02-03T16:30:00Z,US,other,0
659,2021-02-03T16:26:00Z,US,other,0
660,2021-02-03T16:16:00Z,US,live,0
661,2021-02-03T16:07:00Z,US,live,0
662,2021-02-03T16:02:00Z,US,other,0
663,2021-02-03T14:52:00Z,US,live,0
664,2021-02-03T14:00:00Z,US,live,0
665,2021-02-03T12:24:00Z,US,live,0
666,2021-02-02T21:45:00Z,US,president speech,0
667,2021-02-02T21:00:00Z,US,other,0
668,2021-02-02T18:48:00Z,US,live,0
669,2021-02-02T18:12:00Z,US,live,1
670,2021-02-02T18:10:00Z,US,other,1
671,2021-02-02T17:57:00Z,US,other,1
672,2021-02-02T17:38:00Z,US,live,1
673,2021-02-02T17:23:00Z,US,live,0
674,2021-02-02T16:28:00Z,US,other,0
675,2021-02-02T16:00:00Z,US,live,0
676,2021-02-02T15:42:00Z,US,live,0
677,2021-02-02T15:19:00Z,US,live,0
678,2021-02-02T14:34:00Z,US,live,0
679,2021-02-02T01:26:00Z,US,other,0
680,2021-02-02T01:16:00Z,US,other,0
681,2021-02-02T01:15:00Z,US,other,0
682,2021-02-02T01:13:00Z,US,other,0
683,2021-02-02T01:03:00Z,US,other,0
684,2021-02-02T01:02:00Z,US,other,0
685,2021-02-02T00:46:00Z,US,live,0
686,2021-02-01T23:24:00Z,US,live,0
687,2021-02-01T21:18:00Z,US,live,0
688,2021-02-01T21:18:00Z,US,other,0
689,2021-02-01T20:43:00Z,US,other,0
690,2021-02-01T20:31:00Z,US,other,0
691,2021-02-01T20:31:00Z,US,live,0
692,2021-02-01T18:45:00Z,US,president speech,0
693,2021-02-01T17:32:00Z,US,live,1
694,2021-02-01T17:04:00Z,US,live,0
695,2021-02-01T16:59:00Z,US,live,1
696,2021-02-01T16:38:00Z,US,other,1
697,2021-02-01T16:06:00Z,US,live,0
698,2021-02-01T16:05:00Z,US,live,0
699,2021-02-01T14:49:00Z,US,live,0
700,2021-01-29T18:00:00Z,US,other,1
701,2021-01-29T16:35:00Z,US,live,1
702,2021-01-29T16:04:00Z,US,live,0
703,2021-01-29T15:05:00Z,US,live,0
704,2021-01-28T17:32:00Z,US,live,1
705,2021-01-27T18:02:00Z,US,other,1
706,2021-01-27T17:13:00Z,US,live,0
707,2021-01-27T16:44:00Z,US,live,1
708,2021-01-27T16:03:00Z,US,live,0
709,2021-01-26T21:50:00Z,US,president speech,0
710,2021-01-26T19:04:00Z,US,live,0
711,2021-01-26T19:02:00Z,US,live,0
712,2021-01-26T19:00:00Z,US,live,0
713,2021-01-26T15:01:00Z,US,live,0
714,2021-01-25T19:56:00Z,US,live,0
715,2021-01-25T19:00:00Z,US,live,0
716,2021-01-25T18:00:00Z,US,other,1
717,2021-01-25T17:41:00Z,US,live,1
718,2021-01-22T18:00:00Z,US,live,1
719,2021-01-22T17:07:00Z,US,live,0
720,2021-01-22T15:01:00Z,US,live,0
721,2021-01-21T21:03:00Z,US,live,0
722,2021-01-21T19:04:00Z,US,live,0
723,2021-01-20T19:36:00Z,US,live,0
724,2021-01-20T01:42:00Z,US,other,0
725,2021-01-19T18:01:00Z,US,live,1
726,2021-01-18T16:30:00Z,US,live,0
727,2021-01-15T21:49:00Z,US,live,0
728,2021-01-15T18:02:00Z,US,live,1
729,2021-01-15T16:39:00Z,US,live,1
730,2021-01-15T15:00:00Z,US,live,0
731,2021-01-14T22:01:00Z,US,live,0
732,2021-01-14T16:38:00Z,US,live,1
733,2021-01-13T18:00:00Z,US,live,1
734,2021-01-13T17:35:00Z,US,live,1
735,2021-01-13T17:00:00Z,US,live,1
736,2021-01-12T19:01:00Z,US,live,0
737,2021-01-12T18:47:00Z,US,live,0
738,2021-01-12T17:24:00Z,US,live,0
739,2021-01-12T14:08:00Z,US,live,0
740,2021-01-11T20:00:00Z,US,live,0
741,2021-01-11T17:04:00Z,US,other,0
742,2021-01-11T13:50:00Z,US,live,0
743,2021-01-10T15:06:00Z,US,live,0
744,2021-01-08T19:11:00Z,US,live,0
745,2021-01-08T19:01:00Z,US,live,0
746,2021-01-08T18:30:00Z,US,live,1
747,2021-01-08T17:33:00Z,US,live,1
748,2021-01-08T13:30:00Z,US,live,0
749,2021-01-07T18:11:00Z,US,live,1
750,2021-01-06T22:00:00Z,US,live,0
751,2021-01-06T18:02:00Z,US,other,1
752,2021-01-06T18:00:00Z,US,live,1
753,2021-01-06T17:02:00Z,US,live,0
754,2021-01-06T16:35:00Z,US,live,1
755,2021-01-05T22:01:00Z,US,live,0
756,2021-01-05T19:52:00Z,US,live,0
757,2021-01-05T16:41:00Z,US,live,1
758,2021-01-04T20:50:00Z,US,live,0
759,2021-01-04T20:00:00Z,US,live,0
760,2021-01-04T19:57:00Z,US,live,0
761,2021-01-04T18:00:00Z,US,other,1
762,2021-01-04T17:04:00Z,US,live,0
763,2021-01-04T16:54:00Z,US,live,1
764,2021-01-04T16:39:00Z,US,live,1
765,2021-01-03T15:15:00Z,US,other,0
766,2020-12-30T21:01:00Z,US,live,0
767,2020-12-30T20:05:00Z,US,live,0
768,2020-12-30T19:42:00Z,US,other,0
769,2020-12-30T18:03:00Z,US,live,1
770,2020-12-30T18:00:00Z,US,live,1
771,2020-12-30T17:12:00Z,US,live,0
772,2020-12-30T13:58:00Z,US,live,0
773,2020-12-29T16:30:00Z,US,live,0
774,2020-12-28T20:12:00Z,US,live,0
775,2020-12-28T18:01:00Z,US,other,1
776,2020-12-28T16:35:00Z,US,live,1
777,2020-12-28T16:32:00Z,US,live,1
778,2020-12-28T14:15:00Z,US,live,0
779,2020-12-23T19:36:00Z,US,live,0
780,2020-12-23T18:02:00Z,US,other,1
781,2020-12-23T16:46:00Z,US,live,1
782,2020-12-23T16:33:00Z,US,live,1
783,2020-12-23T15:31:00Z,US,live,0
784,2020-12-23T14:00:00Z,US,live,0
785,2020-12-22T18:08:00Z,US,live,1
786,2020-12-22T17:08:00Z,US,live,0
787,2020-12-21T20:10:00Z,US,live,0
788,2020-12-21T18:07:00Z,US,live,1
789,2020-12-21T17:30:00Z,US,other,0
790,2020-12-21T17:19:00Z,US,live,0
791,2020-12-21T16:33:00Z,US,live,1
792,2020-12-20T22:32:00Z,US,other,0
793,2020-12-18T20:01:00Z,US,other,0
794,2020-12-18T18:30:00Z,US,live,1
795,2020-12-18T18:04:00Z,US,live,1
796,2020-12-18T16:33:00Z,US,live,1
797,2020-12-17T22:02:00Z,US,live,0
798,2020-12-16T16:36:00Z,US,live,1
799,2020-12-15T21:01:00Z,US,live,0
800,2020-12-15T20:54:00Z,US,live,0
801,2020-12-15T19:02:00Z,US,live,0
802,2020-12-15T18:14:00Z,US,live,1
803,2020-12-15T18:11:00Z,US,live,1
804,2020-12-15T17:08:00Z,US,live,0
805,2020-12-15T13:34:00Z,US,live,0
806,2020-12-15T13:02:00Z,US,live,0
807,2020-12-14T20:48:00Z,US,live,0
808,2020-12-14T19:01:00Z,US,live,0
809,2020-12-14T18:31:00Z,US,live,0
810,2020-12-14T18:00:00Z,US,other,1
811,2020-12-14T16:04:00Z,US,live,0
812,2020-12-14T14:16:00Z,US,live,0
813,2020-12-14T13:54:00Z,US,live,0
814,2020-12-11T20:15:00Z,US,live,0
815,2020-12-11T19:00:00Z,US,live,0
816,2020-12-11T16:37:00Z,US,live,1
817,2020-12-10T21:24:00Z,US,live,0
818,2020-12-10T18:00:00Z,US,live,1
819,2020-12-09T20:00:00Z,US,live,0
820,2020-12-09T18:05:00Z,US,other,1
821,2020-12-09T17:11:00Z,US,live,0
822,2020-12-09T16:33:00Z,US,live,1
823,2020-12-08T20:00:00Z,US,live,0
824,2020-12-08T19:11:00Z,US,live,0
825,2020-12-08T18:08:00Z,US,live,1
826,2020-12-07T19:02:00Z,US,live,0
827,2020-12-07T18:02:00Z,US,other,1
828,2020-12-07T17:31:00Z,US,live,1
829,2020-12-07T16:03:00Z,US,live,0
830,2020-12-04T18:02:00Z,US,other,1
831,2020-12-03T20:31:00Z,US,live,0
832,2020-12-03T20:05:00Z,US,live,0
833,2020-12-03T18:30:00Z,US,live,1
834,2020-12-03T17:37:00Z,US,live,1
835,2020-12-03T16:15:00Z,US,live,0
836,2020-12-02T18:00:00Z,US,live,1
837,2020-12-02T16:33:00Z,US,live,1
838,2020-12-01T21:01:00Z,US,live,0
839,2020-12-01T19:00:00Z,US,live,0
840,2020-11-30T23:19:00Z,US,president speech,0
841,2020-11-30T17:02:00Z,US,other,0
842,2020-11-30T16:30:00Z,US,other,0
843,2020-11-25T22:00:00Z,US,other,0
844,2020-11-25T16:32:00Z,US,live,1
845,2020-11-24T22:00:00Z,US,other,0
846,2020-11-24T17:49:00Z,US,live,1
847,2020-11-24T16:08:00Z,US,live,0
848,2020-11-24T03:00:00Z,US,live,0
849,2020-11-24T01:00:00Z,US,live,0
850,2020-11-24T00:25:00Z,US,live,0
851,2020-11-23T22:30:00Z,US,other,0
852,2020-11-23T21:02:00Z,US,live,0
853,2020-11-23T18:01:00Z,US,other,1
854,2020-11-22T22:30:00Z,US,other,0
855,2020-11-20T19:39:00Z,US,other,0
856,2020-11-20T17:04:00Z,US,other,0
857,2020-11-18T18:42:00Z,US,live,0
858,2020-11-18T18:01:00Z,US,other,1
859,2020-11-17T19:13:00Z,US,live,0
860,2020-11-16T22:56:00Z,US,other,0
861,2020-11-16T17:02:00Z,US,other,0
862,2020-11-16T17:00:00Z,US,live,1
863,2020-11-16T17:00:00Z,US,live,1
864,2020-11-16T15:32:00Z,US,other,0
865,2020-11-16T01:06:00Z,US,other,0
866,2020-11-15T22:59:00Z,US,live,0
867,2020-11-15T16:04:00Z,US,live,0
868,2020-11-13T21:25:00Z,US,president speech,0
869,2020-11-12T21:03:00Z,US,live,0
870,2020-11-12T18:01:00Z,US,other,1
871,2020-11-10T22:01:00Z,US,live,0
872,2020-11-09T22:36:00Z,US,other,0
873,2020-11-09T18:01:00Z,US,other,1
874,2020-11-09T15:56:00Z,US,live,0
875,2020-11-06T16:34:00Z,US,other,1
876,2020-11-05T22:01:00Z,US,live,0
877,2020-11-05T18:01:00Z,US,other,1
878,2020-11-04T18:08:00Z,US,other,1
879,2020-11-02T18:04:00Z,US,other,1
880,2020-11-01T17:05:00Z,US,other,0
881,2020-10-30T16:00:00Z,US,live,1
882,2020-10-29T17:03:00Z,US,other,1
883,2020-10-29T14:22:00Z,US,live,0
884,2020-10-26T19:33:00Z,US,live,0
885,2020-10-26T17:03:00Z,US,other,1
886,2020-10-26T15:43:00Z,US,live,1
887,2020-10-23T19:25:00Z,US,live,0
888,2020-10-22T18:05:00Z,US,live,0
889,2020-10-22T18:00:00Z,US,live,0
890,2020-10-22T17:01:00Z,US,other,1
891,2020-10-21T16:00:00Z,US,live,1
892,2020-10-21T15:38:00Z,US,live,1
893,2020-10-20T19:25:00Z,US,live,0
894,2020-10-20T16:04:00Z,US,live,0
895,2020-10-19T17:01:00Z,US,other,1
896,2020-10-18T15:38:00Z,US,live,1
897,2020-10-17T15:34:00Z,US,live,1
898,2020-10-16T18:36:00Z,US,other,0
899,2020-10-16T17:58:00Z,US,president speech,0
900,2020-10-15T17:00:00Z,US,other,1
901,2020-10-13T20:41:00Z,US,other,0
902,2020-10-13T13:04:00Z,US,live,0
903,2020-10-09T20:15:00Z,US,other,0
904,2020-10-08T17:01:00Z,US,other,1
905,2020-10-08T13:05:00Z,US,live,0
906,2020-10-06T19:12:00Z,US,live,0
907,2020-10-05T18:37:00Z,US,other,0
908,2020-10-05T17:00:00Z,US,other,1
909,2020-10-05T17:00:00Z,US,other,1
910,2020-10-05T16:16:00Z,US,live,0
911,2020-10-05T16:16:00Z,US,live,0
912,2020-10-04T15:40:00Z,US,other,1
913,2020-10-03T15:40:00Z,US,other,1
914,2020-10-03T03:34:00Z,US,other,0
915,2020-10-02T04:54:00Z,US,other,0
916,2020-10-02T02:44:00Z,US,other,0
917,2020-10-01T20:01:00Z,US,live,0
918,2020-09-30T17:01:00Z,US,other,1
919,2020-09-29T15:44:00Z,US,live,1
920,2020-09-29T14:36:00Z,US,live,0
921,2020-09-28T19:31:00Z,US,other,0
922,2020-09-25T18:07:00Z,US,other,0
923,2020-09-25T16:03:00Z,US,live,0
924,2020-09-24T20:04:00Z,US,live,0
925,2020-09-24T17:37:00Z,US,live,0
926,2020-09-24T15:32:00Z,US,live,1
927,2020-09-24T15:17:00Z,US,live,0
928,2020-09-23T22:42:00Z,US,other,0
929,2020-09-23T22:16:00Z,US,president speech,0
930,2020-09-23T17:00:00Z,US,other,1
931,2020-09-23T13:12:00Z,US,live,0
932,2020-09-22T18:37:00Z,US,live,0
933,2020-09-21T19:00:00Z,US,live,0
934,2020-09-21T17:00:00Z,US,other,1
935,2020-09-21T14:25:00Z,US,live,0
936,2020-09-16T21:22:00Z,US,president speech,0
937,2020-09-16T19:05:00Z,US,live,0
938,2020-09-16T17:01:00Z,US,other,1
939,2020-09-14T21:05:00Z,US,live,0
940,2020-09-14T17:34:00Z,US,other,0
941,2020-09-11T19:07:00Z,US,live,0
942,2020-09-11T18:01:00Z,US,other,0
943,2020-09-11T16:20:00Z,US,live,0
944,2020-09-10T19:29:00Z,US,president speech,0
945,2020-09-10T17:38:00Z,US,live,0
946,2020-09-10T16:20:00Z,US,live,0
947,2020-09-10T15:31:00Z,US,live,1
948,2020-09-10T13:00:00Z,US,live,0
949,2020-09-09T18:56:00Z,US,live,0
950,2020-09-09T17:05:00Z,US,live,1
951,2020-09-09T17:01:00Z,US,live,1
952,2020-09-09T16:15:00Z,US,live,0
953,2020-09-08T19:02:00Z,US,live,0
954,2020-09-08T17:30:00Z,US,other,1
955,2020-09-08T17:01:00Z,US,other,1
956,2020-09-08T15:39:00Z,US,live,1
957,2020-09-08T14:22:00Z,US,live,0
958,2020-09-04T17:16:00Z,US,other,1
959,2020-09-03T18:10:00Z,US,live,0
960,2020-09-03T17:11:00Z,US,live,1
961,2020-09-03T16:06:00Z,US,live,0
962,2020-09-02T19:48:00Z,US,live,0
963,2020-09-02T18:56:00Z,US,live,0
964,2020-09-02T17:00:00Z,US,live,1
965,2020-09-01T22:21:00Z,US,other,0
966,2020-09-01T20:30:00Z,US,live,0
967,2020-09-01T16:07:00Z,US,live,0
968,2020-09-01T14:07:00Z,US,live,0
969,2020-08-31T21:46:00Z,US,president speech,0
970,2020-08-31T17:16:00Z,US,live,1
971,2020-08-31T17:15:00Z,US,other,1
972,2020-08-31T17:15:00Z,US,live,1
973,2020-08-31T17:03:00Z,US,live,1
974,2020-08-31T14:04:00Z,US,live,0
975,2020-08-31T13:10:00Z,US,live,0
976,2020-08-28T18:56:00Z,US,live,0
977,2020-08-26T18:57:00Z,US,live,0
978,2020-08-26T17:01:00Z,US,other,1
979,2020-08-25T16:18:00Z,US,live,0
980,2020-08-25T14:05:00Z,US,live,0
981,2020-08-24T18:57:00Z,US,live,0
982,2020-08-24T17:01:00Z,US,other,1
983,2020-08-24T16:08:00Z,US,live,0
984,2020-08-24T15:31:00Z,US,live,1
985,2020-08-23T21:31:00Z,US,president speech,0
986,2020-08-21T17:02:00Z,US,other,1
987,2020-08-20T16:06:00Z,US,live,0
988,2020-08-20T15:30:00Z,US,live,0
989,2020-08-19T21:54:00Z,US,president speech,0
990,2020-08-19T18:59:00Z,US,live,0
991,2020-08-19T17:24:00Z,US,live,1
992,2020-08-19T17:00:00Z,US,other,1
993,2020-08-19T16:55:00Z,US,live,1
994,2020-08-18T16:08:00Z,US,live,0
995,2020-08-17T19:00:00Z,US,live,0
996,2020-08-17T18:57:00Z,US,live,0
997,2020-08-17T17:04:00Z,US,live,1
998,2020-08-17T15:35:00Z,US,live,1
999,2020-08-15T21:29:00Z,US,president speech,0
1000,2020-08-14T18:57:00Z,US,live,0
1001,2020-08-14T17:35:00Z,US,president speech,0
1002,2020-08-14T17:01:00Z,US,other,1
1003,2020-08-14T16:21:00Z,US,live,0
1004,2020-08-13T21:05:00Z,US,president speech,0
1005,2020-08-13T17:06:00Z,US,live,1
1006,2020-08-13T16:10:00Z,US,live,0
1007,2020-08-12T22:04:00Z,US,live,0
1008,2020-08-12T21:57:00Z,US,president speech,0
1009,2020-08-12T19:06:00Z,US,live,0
1010,2020-08-12T19:03:00Z,US,president speech,0
1011,2020-08-12T18:50:00Z,US,president speech,0
1012,2020-08-12T17:02:00Z,US,other,1
1013,2020-08-12T17:00:00Z,US,live,1
1014,2020-08-11T22:25:00Z,US,president speech,0
1015,2020-08-11T21:37:00Z,US,president speech,0
1016,2020-08-11T21:22:00Z,US,president speech,0
1017,2020-08-11T16:11:00Z,US,live,0
1018,2020-08-10T22:00:00Z,US,president speech,0
1019,2020-08-10T21:46:00Z,US,president speech,0
1020,2020-08-10T21:26:00Z,US,president speech,0
1021,2020-08-10T19:33:00Z,US,live,0
1022,2020-08-10T17:19:00Z,US,live,1
1023,2020-08-10T17:03:00Z,US,other,1
1024,2020-08-10T17:00:00Z,US,live,1
1025,2020-08-10T16:09:00Z,US,live,0
1026,2020-08-08T20:21:00Z,US,president speech,0
1027,2020-08-07T23:34:00Z,US,president speech,0
1028,2020-08-07T17:17:00Z,US,live,1
1029,2020-08-07T17:05:00Z,US,live,1
1030,2020-08-07T17:04:00Z,US,other,1
1031,2020-08-04T22:07:00Z,US,president speech,0
1032,2020-08-04T17:20:00Z,US,live,1
1033,2020-08-04T16:14:00Z,US,live,0
1034,2020-08-03T21:36:00Z,US,president speech,0
1035,2020-08-03T18:57:00Z,US,live,0
1036,2020-08-03T17:07:00Z,US,live,1
1037,2020-08-03T17:05:00Z,US,live,1
1038,2020-08-03T17:01:00Z,US,other,1
1039,2020-08-03T16:09:00Z,US,live,0
1040,2020-08-03T15:01:00Z,US,live,0
1041,2020-07-31T21:45:00Z,US,president speech,0
1042,2020-07-31T17:01:00Z,US,other,1
1043,2020-07-31T16:51:00Z,US,live,1
1044,2020-07-30T21:41:00Z,US,president speech,0
1045,2020-07-30T21:19:00Z,US,live,0
1046,2020-07-30T19:02:00Z,US,president speech,0
1047,2020-07-30T17:05:00Z,US,live,1
1048,2020-07-30T14:31:00Z,US,live,0
1049,2020-07-29T19:30:00Z,US,live,0
1050,2020-07-29T17:01:00Z,US,other,1
1051,2020-07-28T21:20:00Z,US,president speech,0
1052,2020-07-28T14:04:00Z,US,live,0
1053,2020-07-27T19:33:00Z,US,president speech,0
1054,2020-07-27T18:55:00Z,US,live,0
1055,2020-07-27T17:01:00Z,US,other,1
1056,2020-07-27T16:29:00Z,US,live,0
1057,2020-07-24T18:58:00Z,US,live,0
1058,2020-07-24T17:40:00Z,US,live,0
1059,2020-07-24T17:01:00Z,US,other,1
1060,2020-07-24T15:35:00Z,US,live,1
1061,2020-07-24T15:10:00Z,US,live,0
1062,2020-07-23T21:25:00Z,US,president speech,0
1063,2020-07-23T16:28:00Z,US,live,0
1064,2020-07-23T15:33:00Z,US,live,1
1065,2020-07-22T21:50:00Z,US,president speech,0
1066,2020-07-22T18:56:00Z,US,live,0
1067,2020-07-22T17:01:00Z,US,other,1
1068,2020-07-22T15:45:00Z,US,live,1
1069,2020-07-21T21:11:00Z,US,president speech,0
1070,2020-07-21T17:06:00Z,US,live,1
1071,2020-07-21T16:05:00Z,US,live,0
1072,2020-07-21T15:16:00Z,US,live,0
1073,2020-07-20T18:56:00Z,US,live,0
1074,2020-07-20T18:14:00Z,US,live,0
1075,2020-07-20T16:15:00Z,US,live,0
1076,2020-07-20T16:02:00Z,US,other,0
1077,2020-07-20T13:30:00Z,US,live,0
1078,2020-07-19T17:17:00Z,US,cases,1
1079,2020-07-18T16:45:00Z,US,live,1
1080,2020-07-17T19:02:00Z,US,live,0
1081,2020-07-17T18:01:00Z,US,live,0
1082,2020-07-17T17:38:00Z,US,live,0
1083,2020-07-17T17:01:00Z,US,other,1
1084,2020-07-09T18:56:00Z,US,live,0
1085,2020-07-09T18:53:00Z,US,other,0
1086,2020-07-09T18:31:00Z,US,live,0
1087,2020-07-08T19:44:00Z,US,president speech,0
1088,2020-07-08T18:57:00Z,US,live,0
1089,2020-07-08T17:22:00Z,US,other,1
1090,2020-07-08T17:01:00Z,US,other,1
1091,2020-07-08T16:09:00Z,US,live,0
1092,2020-07-08T15:32:00Z,US,live,1
1093,2020-07-07T19:12:00Z,US,live,0
1094,2020-07-07T17:02:00Z,US,other,1
1095,2020-07-07T16:37:00Z,US,live,1
1096,2020-07-07T14:10:00Z,US,live,0
1097,2020-07-06T18:58:00Z,US,live,0
1098,2020-07-06T17:06:00Z,US,live,1
1099,2020-07-06T17:01:00Z,US,other,1
1100,2020-07-06T16:46:00Z,US,live,1
1101,2020-07-06T15:34:00Z,US,live,1
1102,2020-07-05T17:02:00Z,US,cases,1
1103,2020-07-04T17:03:00Z,US,cases,1
1104,2020-07-03T17:02:00Z,US,cases,1
1105,2020-07-02T19:42:00Z,US,live,0
1106,2020-07-02T19:06:00Z,US,live,0
1107,2020-07-02T17:00:00Z,US,live,1
1108,2020-07-02T16:03:00Z,US,live,0
1109,2020-07-01T19:30:00Z,US,live,0
1110,2020-07-01T18:57:00Z,US,live,0
1111,2020-07-01T16:17:00Z,US,live,0
1112,2020-07-01T15:38:00Z,US,live,1
1113,2020-07-01T14:00:00Z,US,live,0
1114,2020-06-30T19:04:00Z,US,live,0
1115,2020-06-30T18:13:00Z,US,live,0
1116,2020-06-30T17:00:00Z,US,live,1
1117,2020-06-30T16:13:00Z,US,live,0
1118,2020-06-29T19:05:00Z,US,live,0
1119,2020-06-29T18:31:00Z,US,other,0
1120,2020-06-29T18:30:00Z,US,live,0
1121,2020-06-29T17:00:00Z,US,live,1
1122,2020-06-29T15:34:00Z,US,live,1
1123,2020-06-28T18:47:00Z,US,live,0
1124,2020-06-28T17:33:00Z,US,cases,0
1125,2020-06-27T17:02:00Z,US,cases,1
1126,2020-06-26T18:56:00Z,US,live,0
1127,2020-06-26T18:00:00Z,US,live,0
1128,2020-06-26T17:00:00Z,US,live,1
1129,2020-06-26T15:31:00Z,US,live,1
1130,2020-06-25T19:06:00Z,US,live,0
1131,2020-06-25T18:55:00Z,US,live,0
1132,2020-06-25T17:04:00Z,US,other,1
1133,2020-06-25T16:25:00Z,US,live,0
1134,2020-06-24T19:02:00Z,US,live,0
1135,2020-06-24T19:00:00Z,US,live,0
1136,2020-06-24T18:00:00Z,US,live,0
1137,2020-06-24T17:00:00Z,US,live,1
1138,2020-06-24T16:01:00Z,US,live,0
1139,2020-06-24T15:33:00Z,US,live,1
1140,2020-06-23T17:00:00Z,US,live,1
1141,2020-06-23T16:30:00Z,US,live,0
1142,2020-06-23T15:10:00Z,US,live,0
1143,2020-06-22T19:46:00Z,US,live,0
1144,2020-06-22T18:30:00Z,US,live,0
1145,2020-06-22T17:00:00Z,US,live,1
1146,2020-06-21T17:02:00Z,US,cases,1
1147,2020-06-20T17:03:00Z,US,cases,1
1148,2020-06-19T17:00:00Z,US,live,1
1149,2020-06-19T16:23:00Z,US,live,0
1150,2020-06-19T15:30:00Z,US,other,0
1151,2020-06-18T19:32:00Z,US,president speech,0
1152,2020-06-18T19:32:00Z,US,president speech,0
1153,2020-06-18T19:09:00Z,US,other,0
1154,2020-06-18T19:09:00Z,US,other,0
1155,2020-06-18T18:45:00Z,US,president speech,0
1156,2020-06-18T17:24:00Z,US,other,1
1157,2020-06-18T17:01:00Z,US,other,1
1158,2020-06-18T17:00:00Z,US,live,1
1159,2020-06-18T16:27:00Z,US,other,0
1160,2020-06-18T15:35:00Z,US,live,1
1161,2020-06-18T15:35:00Z,US,live,1
1162,2020-06-18T14:37:00Z,US,other,0
1163,2020-06-17T19:31:00Z,US,live,0
1164,2020-06-17T18:21:00Z,US,live,0
1165,2020-06-17T17:53:00Z,US,president speech,0
1166,2020-06-17T17:01:00Z,US,other,1
1167,2020-06-17T16:52:00Z,US,live,1
1168,2020-06-17T16:10:00Z,US,live,0
1169,2020-06-17T15:33:00Z,US,live,1
1170,2020-06-16T21:02:00Z,US,live,0
1171,2020-06-16T16:59:00Z,US,other,1
1172,2020-06-16T16:38:00Z,US,president speech,1
1173,2020-06-16T16:16:00Z,US,live,0
1174,2020-06-16T15:52:00Z,US,president speech,1
1175,2020-06-16T15:35:00Z,US,live,1
1176,2020-06-16T00:49:00Z,US,president speech,0
1177,2020-06-15T18:56:00Z,US,live,0
1178,2020-06-15T18:02:00Z,US,live,0
1179,2020-06-15T17:02:00Z,US,other,1
1180,2020-06-15T16:07:00Z,US,live,0
1181,2020-06-15T15:31:00Z,US,live,1
1182,2020-06-15T14:50:00Z,US,president speech,0
1183,2020-06-14T17:02:00Z,US,cases,1
1184,2020-06-14T16:01:00Z,US,live,0
1185,2020-06-13T17:04:08Z,US,cases,1
1186,2020-06-13T17:04:00Z,US,cases,1
1187,2020-06-13T15:34:00Z,US,other,1
1188,2020-06-13T15:34:00Z,US,live,1
1189,2020-06-13T15:24:00Z,US,other,0
1190,2020-06-13T14:25:00Z,US,president speech,0
1191,2020-06-13T13:54:00Z,US,president speech,0
1192,2020-06-12T17:01:00Z,US,other,1
1193,2020-06-12T17:00:30Z,US,live,1
1194,2020-06-12T16:17:00Z,US,live,0
1195,2020-06-12T16:11:38Z,US,live,0
1196,2020-06-12T16:11:00Z,US,live,0
1197,2020-06-12T15:32:00Z,US,live,1
1198,2020-06-11T20:43:00Z,US,president speech,0
1199,2020-06-11T20:06:00Z,US,president speech,0
1200,2020-06-11T17:00:33Z,US,live,1
1201,2020-06-11T17:00:00Z,US,other,1
1202,2020-06-11T16:37:00Z,US,president speech,1
1203,2020-06-11T16:12:00Z,US,live,0
1204,2020-06-11T15:53:28Z,US,live,1
1205,2020-06-11T15:53:00Z,US,live,1
1206,2020-06-11T15:32:00Z,US,live,1
1207,2020-06-10T21:02:00Z,US,live,0
1208,2020-06-10T19:12:00Z,US,president speech,0
1209,2020-06-10T18:48:00Z,US,live,0
1210,2020-06-10T17:45:00Z,US,live,0
1211,2020-06-10T17:05:00Z,US,other,1
1212,2020-06-10T17:02:00Z,US,live,1
1213,2020-06-10T17:00:09Z,US,live,1
1214,2020-06-10T15:35:00Z,US,live,1
1215,2020-06-09T18:57:00Z,US,live,0
1216,2020-06-09T17:01:00Z,US,other,1
1217,2020-06-09T17:00:51Z,US,live,1
1218,2020-06-09T15:31:00Z,US,live,1
1219,2020-06-09T15:01:40Z,US,live,0
1220,2020-06-09T15:01:00Z,US,live,0
1221,2020-06-08T18:32:00Z,US,other,0
1222,2020-06-08T18:30:22Z,US,live,0
1223,2020-06-08T18:13:00Z,US,live,0
1224,2020-06-08T18:08:00Z,US,live,0
1225,2020-06-08T17:56:00Z,US,live,0
1226,2020-06-08T17:34:01Z,US,live,0
1227,2020-06-08T17:34:00Z,US,live,0
1228,2020-06-08T15:31:00Z,US,live,1
1229,2020-06-07T17:04:40Z,US,cases,1
1230,2020-06-07T17:04:00Z,US,cases,1
1231,2020-06-07T16:05:00Z,US,live,0
1232,2020-06-06T17:13:35Z,US,cases,1
1233,2020-06-06T17:13:00Z,US,cases,1
1234,2020-06-06T17:07:16Z,US,live,1
1235,2020-06-06T17:07:00Z,US,live,1
1236,2020-06-06T15:31:00Z,US,live,1
1237,2020-06-05T21:29:00Z,US,other,0
1238,2020-06-05T20:09:00Z,US,live,0
1239,2020-06-05T19:59:00Z,US,president speech,0
1240,2020-06-05T19:05:00Z,US,live,0
1241,2020-06-05T18:33:16Z,US,live,0
1242,2020-06-05T18:33:00Z,US,live,0
1243,2020-06-05T18:15:00Z,US,live,0
1244,2020-06-05T18:04:00Z,US,live,0
1245,2020-06-05T18:00:01Z,US,live,0
1246,2020-06-05T17:58:00Z,US,president speech,0
1247,2020-06-05T17:00:41Z,US,live,1
1248,2020-06-05T17:00:00Z,US,live,1
1249,2020-06-05T16:22:00Z,US,president speech,0
1250,2020-06-05T15:38:00Z,US,live,1
1251,2020-06-05T14:54:10Z,US,other,0
1252,2020-06-05T14:54:00Z,US,other,0
1253,2020-06-05T14:30:00Z,US,president speech,0
1254,2020-06-05T13:58:00Z,US,president speech,0
1255,2020-06-04T20:17:00Z,US,live,0
1256,2020-06-04T17:55:00Z,US,president speech,0
1257,2020-06-04T17:31:00Z,US,president speech,0
1258,2020-06-04T17:02:30Z,US,live,1
1259,2020-06-04T17:02:00Z,US,other,1
1260,2020-06-04T15:32:00Z,US,live,1
1261,2020-06-03T20:00:35Z,US,other,0
1262,2020-06-03T16:00:46Z,US,live,1
1263,2020-06-02T17:00:01Z,US,live,1
1264,2020-06-01T19:36:26Z,US,live,0
1265,2020-06-01T19:29:10Z,US,live,0
1266,2020-06-01T18:57:55Z,US,other,0
1267,2020-06-01T18:30:08Z,US,live,0
1268,2020-05-31T17:06:23Z,US,cases,1
1269,2020-05-31T16:10:41Z,US,live,0
1270,2020-05-30T17:06:03Z,US,cases,1
1271,2020-05-30T15:03:25Z,US,other,0
1272,2020-04-24T21:39:00Z,US,live,0
1273,2020-04-24T21:18:00Z,US,live,0
1274,2020-04-23T21:47:00Z,US,live,0
1275,2020-04-23T20:53:00Z,US,live,0
1276,2020-04-22T22:08:00Z,US,live,0
1277,2020-04-22T21:30:00Z,US,live,0
1278,2020-04-21T21:43:00Z,US,live,0
1279,2020-04-21T21:16:00Z,US,other,0
1280,2020-04-20T21:41:00Z,US,live,0
1281,2020-04-20T21:18:00Z,US,live,0
1282,2020-04-19T22:24:00Z,US,live,0
1283,2020-04-19T21:32:00Z,US,live,0
1284,2020-04-18T21:09:00Z,US,live,0
1285,2020-04-18T20:50:00Z,US,live,0
1286,2020-04-17T22:21:00Z,US,live,0
1287,2020-04-17T16:00:00Z,US,cases,1
1288,2020-04-16T22:35:00Z,US,other,0
1289,2020-04-16T22:04:00Z,US,live,0
1290,2020-04-16T16:00:00Z,US,cases,1
1291,2020-04-15T21:49:00Z,US,live,0
1292,2020-04-15T16:00:00Z,US,cases,1
1293,2020-04-14T22:44:00Z,US,other,0
1294,2020-04-14T22:14:00Z,US,live,0
1295,2020-04-14T21:20:00Z,US,other,0
1296,2020-04-14T16:00:00Z,US,cases,1
1297,2020-04-13T21:48:00Z,US,live,0
1298,2020-04-13T16:00:00Z,US,cases,1
1299,2020-04-10T17:52:00Z,US,live,0
1300,2020-04-10T16:00:00Z,US,cases,1
1301,2020-04-09T22:23:00Z,US,live,0
1302,2020-04-09T16:00:00Z,US,cases,1
1303,2020-04-08T21:46:00Z,US,live,0
1304,2020-04-08T16:00:00Z,US,cases,1
1305,2020-04-07T21:41:00Z,US,live,0
1306,2020-04-07T16:00:00Z,US,cases,1
1307,2020-04-06T21:41:00Z,US,live,0
1308,2020-04-06T16:00:00Z,US,cases,1
1309,2020-04-05T22:53:00Z,US,live,0
1310,2020-04-04T20:13:00Z,US,live,0
1311,2020-04-03T21:24:00Z,US,live,0
1312,2020-04-03T20:39:00Z,US,live,0
1313,2020-04-03T16:00:00Z,US,cases,1
1314,2020-04-02T21:22:00Z,US,live,0
1315,2020-04-02T20:56:00Z,US,live,0
1316,2020-04-02T16:00:00Z,US,cases,1
1317,2020-04-01T21:34:00Z,US,live,0
1318,2020-04-01T20:48:00Z,US,live,0
1319,2020-04-01T16:00:00Z,US,cases,1
1320,2020-03-31T21:28:00Z,US,live,0
1321,2020-03-31T16:00:00Z,US,cases,1
1322,2020-03-31T15:57:00Z,US,other,1
1323,2020-03-30T21:13:00Z,US,live,0
1324,2020-03-30T20:34:00Z,US,live,0
1325,2020-03-30T16:00:00Z,US,cases,1
1326,2020-03-29T22:57:00Z,US,other,0
1327,2020-03-29T21:43:00Z,US,live,0
1328,2020-03-29T20:30:00Z,US,president speech,0
1329,2020-03-27T21:54:00Z,US,live,0
1330,2020-03-27T20:54:00Z,US,other,0
1331,2020-03-27T17:34:00Z,US,other,0
1332,2020-03-27T16:00:00Z,US,cases,1
1333,2020-03-26T21:27:00Z,US,live,0
1334,2020-03-26T20:31:00Z,US,president speech,0
1335,2020-03-26T16:00:00Z,US,cases,1
1336,2020-03-25T21:52:00Z,US,live,0
1337,2020-03-25T20:38:00Z,US,live,0
1338,2020-03-25T16:00:00Z,US,cases,1
1339,2020-03-25T05:59:00Z,US,other,0
1340,2020-03-24T21:43:00Z,US,live,0
1341,2020-03-24T21:06:00Z,US,live,0
1342,2020-03-24T16:00:00Z,US,cases,1
1343,2020-03-23T22:08:00Z,US,live,0
1344,2020-03-23T21:10:00Z,US,live,0
1345,2020-03-23T16:00:00Z,US,cases,1
1346,2020-03-22T21:55:00Z,US,live,0
1347,2020-03-22T20:39:00Z,US,live,0
1348,2020-03-21T16:59:00Z,US,live,1
1349,2020-03-21T15:59:00Z,US,live,1
1350,2020-03-20T16:00:00Z,US,cases,1
1351,2020-03-20T15:54:00Z,US,other,1
1352,2020-03-20T15:50:00Z,US,live,1
1353,2020-03-19T16:00:00Z,US,cases,1
1354,2020-03-19T15:28:00Z,US,live,0
1355,2020-03-18T16:06:00Z,US,live,0
1356,2020-03-18T16:00:00Z,US,cases,1
1357,2020-03-17T16:00:00Z,US,cases,1
1358,2020-03-17T15:38:00Z,US,live,1
1359,2020-03-16T19:19:00Z,US,live,0
1360,2020-03-16T16:00:00Z,US,cases,1
1361,2020-03-15T21:18:00Z,US,president speech,0
1362,2020-03-15T20:32:00Z,US,live,0
1363,2020-03-14T23:06:00Z,US,other,0
1364,2020-03-14T15:35:00Z,US,live,1
1365,2020-03-13T23:02:00Z,US,other,0
1366,2020-03-13T16:00:00Z,US,cases,1
1367,2020-03-12T16:00:00Z,US,cases,1
1368,2020-03-11T16:00:00Z,US,cases,1
1369,2020-03-10T21:28:00Z,US,live,0
1370,2020-03-10T16:00:00Z,US,cases,1
1371,2020-03-10T01:14:00Z,US,other,0
1372,2020-03-09T22:30:00Z,US,live,0
1373,2020-03-09T16:00:00Z,US,cases,1
1374,2020-03-06T23:26:00Z,US,other,0
1375,2020-03-06T22:24:00Z,US,live,0
1376,2020-03-06T16:00:00Z,US,cases,0
1377,2020-03-05T16:00:00Z,US,cases,0
1378,2020-03-04T16:00:00Z,US,cases,0
1379,2020-03-03T17:34:00Z,US,president speech,1
1380,2020-03-03T16:00:00Z,US,cases,0
1381,2020-03-02T23:21:00Z,US,cases,0
1382,2020-03-02T16:00:00Z,US,cases,0
1383,2020-02-26T23:01:00Z,US,president speech,0
1384,2020-02-21T20:59:00Z,US,other,0
1385,2020-01-31T20:41:00Z,US,live,0
1386,2020-01-21T22:01:00Z,NZ,cases,0
1387,2020-01-29T00:19:00Z,NZ,other,1
1388,2020-02-02T01:46:00Z,NZ,live,0
1389,2020-02-04T00:16:00Z,NZ,live,1
1390,2020-02-13T03:01:00Z,NZ,other,0
1391,2020-02-21T00:10:00Z,NZ,live,1
1392,2020-02-25T02:09:00Z,NZ,live,0
1393,2020-02-28T05:38:00Z,NZ,live,0
1394,2020-03-01T01:10:00Z,NZ,live,1
1395,2020-03-03T03:38:00Z,NZ,live,0
1396,2020-03-03T22:37:00Z,NZ,live,0
1397,2020-03-15T00:54:00Z,NZ,live,1
1398,2020-03-15T03:59:00Z,NZ,other,0
1399,2020-03-15T22:44:00Z,NZ,live,0
1400,2020-03-16T00:49:00Z,NZ,cases,1
1401,2020-03-17T22:22:00Z,NZ,live,0
1402,2020-03-18T01:09:00Z,NZ,cases,1
1403,2020-03-18T22:06:00Z,NZ,live,0
1404,2020-03-19T01:41:00Z,NZ,cases,0
1405,2020-03-19T03:41:00Z,NZ,other,0
1406,2020-03-19T23:38:00Z,NZ,live,1
1407,2020-03-20T01:17:00Z,NZ,cases,1
1408,2020-03-20T22:41:00Z,NZ,cases,0
1409,2020-03-22T23:10:00Z,NZ,live,0
1410,2020-03-23T23:51:00Z,NZ,live,1
1411,2020-03-24T23:41:00Z,NZ,live,1
1412,2020-03-25T19:11:00Z,NZ,other,0
1413,2020-03-25T23:07:00Z,NZ,live,0
1414,2020-03-26T01:23:00Z,NZ,cases,1
1415,2020-03-26T22:20:00Z,NZ,live,0
1416,2020-03-27T03:00:00Z,NZ,cases,0
1417,2020-03-29T00:00:00Z,NZ,live,1
1418,2020-03-29T01:09:00Z,NZ,cases,1
1419,2020-03-30T00:00:00Z,NZ,live,1
1420,2020-03-31T00:00:00Z,NZ,live,1
1421,2020-04-01T00:00:00Z,NZ,live,1
1422,2020-04-02T00:00:00Z,NZ,live,1
1423,2020-04-03T00:00:00Z,NZ,live,1
1424,2020-04-05T01:00:00Z,NZ,live,1
1425,2020-04-06T01:00:00Z,NZ,live,1
1426,2020-04-07T01:00:00Z,NZ,live,1
1427,2020-04-08T01:00:00Z,NZ,live,1
1428,2020-04-09T01:00:00Z,NZ,live,1
1429,2020-04-10T01:00:00Z,NZ,live,1
1430,2020-04-11T01:00:00Z,NZ,live,1
1431,2020-04-12T01:00:00Z,NZ,live,1
1432,2020-04-13T01:00:00Z,NZ,live,1
1433,2020-04-14T01:00:00Z,NZ,live,1
1434,2020-04-15T01:00:00Z,NZ,live,1
1435,2020-04-16T01:00:00Z,NZ,live,1
1436,2020-04-17T01:07:00Z,NZ,live,1
1437,2020-04-19T01:00:00Z,NZ,live,1
1438,2020-04-20T04:00:00Z,NZ,live,0
1439,2020-04-21T01:00:00Z,NZ,live,1
1440,2020-04-22T01:00:00Z,NZ,live,1
1441,2020-04-23T01:00:00Z,NZ,live,1
1442,2020-04-24T01:00:00Z,NZ,live,1
1443,2020-04-25T01:00:00Z,NZ,cases,1
1444,2020-04-26T01:28:00Z,NZ,cases,1
1445,2020-04-27T01:00:00Z,NZ,live,1
1446,2020-04-28T01:00:00Z,NZ,live,1
1447,2020-04-29T01:00:00Z,NZ,live,1
1448,2020-04-30T01:00:00Z,NZ,live,1
1449,2020-05-01T01:00:00Z,NZ,live,1
1450,2020-05-30T02:46:20Z,NZ,cases,0
1451,2020-05-31T02:42:16Z,NZ,cases,0
1452,2020-06-01T01:03:20Z,NZ,cases,1
1453,2020-06-02T01:00:10Z,NZ,cases,1
1454,2020-06-03T01:00:30Z,NZ,live,1
1455,2020-06-04T01:00:48Z,NZ,live,1
1456,2020-06-04T21:00:00Z,NZ,live,0
1457,2020-06-05T01:42:00Z,NZ,cases,1
1458,2020-06-05T01:42:42Z,NZ,cases,1
1459,2020-06-07T01:07:00Z,NZ,cases,1
1460,2020-06-07T01:07:56Z,NZ,cases,1
1461,2020-06-07T21:30:00Z,NZ,live,0
1462,2020-06-08T01:00:39Z,NZ,live,1
1463,2020-06-08T01:16:00Z,NZ,cases,1
1464,2020-06-09T01:00:35Z,NZ,live,1
1465,2020-06-09T21:00:00Z,NZ,live,0
1466,2020-06-10T01:54:00Z,NZ,cases,1
1467,2020-06-10T01:54:46Z,NZ,cases,1
1468,2020-06-12T03:36:00Z,NZ,cases,0
1469,2020-06-12T03:36:47Z,NZ,cases,0
1470,2020-06-13T01:04:00Z,NZ,cases,1
1471,2020-06-13T01:04:00Z,NZ,cases,1
1472,2020-06-14T01:18:00Z,NZ,cases,1
1473,2020-06-15T02:04:00Z,NZ,cases,1
1474,2020-06-16T01:38:00Z,NZ,cases,1
1475,2020-06-17T01:54:00Z,NZ,cases,1
1476,2020-06-18T02:59:00Z,NZ,cases,0
1477,2020-06-18T02:59:00Z,NZ,cases,0
1478,2020-06-19T01:15:00Z,NZ,live,1
1479,2020-06-20T01:00:00Z,NZ,live,1
1480,2020-06-20T21:02:00Z,NZ,cases,0
1481,2020-06-21T02:19:00Z,NZ,cases,1
1482,2020-06-22T09:25:00Z,NZ,cases,0
1483,2020-06-23T01:00:00Z,NZ,live,1
1484,2020-06-24T02:37:00Z,NZ,cases,0
1485,2020-06-25T03:00:00Z,NZ,cases,0
1486,2020-06-26T01:34:00Z,NZ,cases,1
1487,2020-06-27T01:14:00Z,NZ,cases,1
1488,2020-06-28T01:33:00Z,NZ,cases,1
1489,2020-06-29T01:55:00Z,NZ,cases,1
1490,2020-06-30T01:58:00Z,NZ,cases,1
1491,2020-07-01T01:50:00Z,NZ,cases,1
1492,2020-07-02T01:24:00Z,NZ,cases,1
1493,2020-07-03T01:20:00Z,NZ,cases,1
1494,2020-07-06T01:10:00Z,NZ,cases,1
1495,2020-07-07T01:16:00Z,NZ,cases,1
1496,2020-07-08T02:27:00Z,NZ,cases,1
1497,2020-07-09T01:17:00Z,NZ,cases,1
1498,2020-07-17T01:20:00Z,NZ,cases,1
1499,2020-07-20T02:14:00Z,NZ,cases,1
1500,2020-07-21T01:49:00Z,NZ,cases,1
1501,2020-07-22T01:05:00Z,NZ,cases,1
1502,2020-07-23T01:24:00Z,NZ,cases,1
1503,2020-07-24T01:15:00Z,NZ,cases,1
1504,2020-07-27T01:23:00Z,NZ,cases,1
1505,2020-07-28T02:06:00Z,NZ,cases,1
1506,2020-07-29T01:38:00Z,NZ,cases,1
1507,2020-07-30T01:36:00Z,NZ,cases,1
1508,2020-07-31T01:29:00Z,NZ,cases,1
1509,2020-08-03T01:27:00Z,NZ,cases,1
1510,2020-08-04T01:56:00Z,NZ,cases,1
1511,2020-08-07T01:55:00Z,NZ,cases,1
1512,2020-08-11T22:30:00Z,NZ,president speech,0
1513,2020-08-12T04:00:00Z,NZ,president speech,0
1514,2020-08-13T01:00:00Z,NZ,live,1
1515,2020-08-14T03:32:00Z,NZ,cases,0
1516,2020-08-15T01:00:00Z,NZ,live,1
1517,2020-08-16T03:17:00Z,NZ,cases,0
1518,2020-08-17T01:00:00Z,NZ,live,1
1519,2020-08-18T01:00:00Z,NZ,live,1
1520,2020-08-19T01:00:00Z,NZ,live,1
1521,2020-08-20T01:00:00Z,NZ,live,1
1522,2020-08-21T01:00:00Z,NZ,live,1
1523,2020-08-23T01:26:00Z,NZ,cases,1
1524,2020-08-24T01:00:00Z,NZ,live,1
1525,2020-08-25T01:00:00Z,NZ,live,1
1526,2020-08-26T01:00:00Z,NZ,live,1
1527,2020-08-26T03:52:00Z,NZ,cases,0
1528,2020-08-27T01:00:00Z,NZ,live,1
1529,2020-08-28T02:16:00Z,NZ,cases,1
1530,2020-08-29T01:21:00Z,NZ,cases,1
1531,2020-08-30T02:31:00Z,NZ,cases,0
1532,2020-08-30T13:00:00Z,NZ,president speech,0
1533,2020-08-30T13:00:00Z,NZ,president speech,0
1534,2020-08-31T02:12:00Z,NZ,cases,1
1535,2020-08-31T13:00:00Z,NZ,live,0
1536,2020-09-01T01:03:00Z,NZ,cases,1
1537,2020-09-02T01:41:00Z,NZ,cases,1
1538,2020-09-02T13:00:00Z,NZ,live,0
1539,2020-09-03T01:24:00Z,NZ,cases,1
1540,2020-09-04T02:30:00Z,NZ,cases,1
1541,2020-09-04T13:00:00Z,NZ,president speech,0
1542,2020-09-05T01:23:00Z,NZ,cases,1
1543,2020-09-06T01:10:00Z,NZ,cases,1
1544,2020-09-08T01:21:00Z,NZ,cases,1
1545,2020-09-08T22:45:00Z,NZ,live,0
1546,2020-09-09T02:15:00Z,NZ,cases,1
1547,2020-09-10T00:56:00Z,NZ,cases,1
1548,2020-09-11T01:37:00Z,NZ,cases,1
1549,2020-09-12T01:09:00Z,NZ,cases,1
1550,2020-09-13T01:20:00Z,NZ,cases,1
1551,2020-09-15T01:17:00Z,NZ,cases,1
1552,2020-09-16T00:00:00Z,NZ,live,0
1553,2020-09-16T01:38:00Z,NZ,cases,1
1554,2020-09-20T02:08:00Z,NZ,cases,1
1555,2020-09-21T00:00:00Z,NZ,live,0
1556,2020-09-21T01:25:00Z,NZ,cases,1
1557,2020-09-22T00:00:00Z,NZ,live,0
1558,2020-09-22T01:48:00Z,NZ,cases,1
1559,2020-09-23T01:47:00Z,NZ,cases,1
1560,2020-09-24T02:08:00Z,NZ,cases,1
1561,2020-09-25T01:17:00Z,NZ,cases,1
1562,2020-09-28T00:23:00Z,NZ,cases,1
1563,2020-10-01T00:00:00Z,NZ,live,1
1564,2020-10-02T00:00:00Z,NZ,live,1
1565,2020-10-02T00:38:00Z,NZ,cases,1
1566,2020-10-08T00:00:00Z,NZ,live,1
1567,2020-10-12T00:06:00Z,NZ,cases,1
1568,2020-10-13T00:18:00Z,NZ,cases,1
1569,2020-10-19T00:00:00Z,NZ,live,1
1570,2020-10-19T02:48:00Z,NZ,cases,0
1571,2020-10-21T00:00:00Z,NZ,live,1
1572,2020-10-22T00:00:00Z,NZ,live,1
1573,2020-10-23T00:00:00Z,NZ,live,1
1574,2020-10-24T00:06:00Z,NZ,cases,1
1575,2020-10-27T00:00:00Z,NZ,live,1
1576,2020-11-03T00:00:00Z,NZ,live,1
1577,2020-11-03T01:21:00Z,NZ,cases,1
1578,2020-11-09T00:00:00Z,NZ,live,1
1579,2020-11-12T00:40:00Z,NZ,cases,1
1580,2020-11-16T00:12:00Z,NZ,cases,1
1581,2020-11-17T00:07:00Z,NZ,cases,1
1582,2020-11-18T00:46:00Z,NZ,cases,1
1583,2020-11-19T00:08:00Z,NZ,cases,1
1584,2020-11-20T01:19:00Z,NZ,cases,1
1585,2020-11-23T00:03:00Z,NZ,cases,1
1586,2020-11-24T02:02:00Z,NZ,cases,0
1587,2020-11-25T00:45:00Z,NZ,cases,1
1588,2020-11-26T00:25:00Z,NZ,cases,1
1589,2020-11-27T00:41:00Z,NZ,cases,1
1590,2020-11-30T01:01:00Z,NZ,cases,1
1591,2020-12-01T00:12:00Z,NZ,cases,1
1592,2020-12-02T00:46:00Z,NZ,cases,1
1593,2020-12-03T00:02:00Z,NZ,cases,1
1594,2020-12-04T00:17:00Z,NZ,cases,1
1595,2020-12-07T00:06:00Z,NZ,cases,1
1596,2020-12-08T00:27:00Z,NZ,cases,1
1597,2020-12-09T00:42:00Z,NZ,cases,1
1598,2020-12-11T00:13:00Z,NZ,cases,1
1599,2020-12-14T00:13:00Z,NZ,cases,1
1600,2020-12-15T02:00:00Z,NZ,live,0
1601,2020-12-16T00:40:00Z,NZ,cases,1
1602,2020-12-18T00:40:00Z,NZ,cases,1
1603,2020-12-21T00:58:00Z,NZ,cases,1
1604,2020-12-23T00:09:00Z,NZ,cases,1
1605,2020-12-27T01:14:00Z,NZ,cases,1
1606,2020-12-31T00:38:00Z,NZ,cases,1
1607,2021-01-05T00:35:00Z,NZ,cases,1
1608,2021-01-07T00:10:00Z,NZ,cases,1
1609,2021-01-10T02:21:00Z,NZ,cases,0
1610,2021-01-11T00:46:00Z,NZ,cases,1
1611,2021-01-13T00:28:00Z,NZ,cases,1
1612,2021-01-17T00:24:00Z,NZ,cases,1
1613,2021-01-18T00:33:00Z,NZ,cases,1
1614,2021-01-20T00:41:00Z,NZ,cases,1
1615,2021-01-20T22:51:00Z,NZ,other,0
1616,2021-01-22T00:32:00Z,NZ,cases,1
1617,2021-01-24T22:16:00Z,NZ,live,0
1618,2021-01-25T01:56:00Z,NZ,cases,0
1619,2021-01-26T00:48:00Z,NZ,cases,1
1620,2021-01-27T00:00:00Z,NZ,live,1
1621,2021-01-27T01:42:00Z,NZ,cases,0
1622,2021-01-28T00:00:00Z,NZ,live,1
1623,2021-01-28T01:23:00Z,NZ,cases,1
1624,2021-01-29T00:02:00Z,NZ,live,1
1625,2021-01-29T02:52:00Z,NZ,cases,0
1626,2021-01-30T00:49:00Z,NZ,cases,1
1627,2021-02-02T00:27:00Z,NZ,cases,1
1628,2021-02-03T02:36:00Z,NZ,other,0
1629,2021-02-03T22:56:00Z,NZ,live,0
1630,2021-02-04T01:31:00Z,NZ,cases,0
1631,2021-02-05T00:03:00Z,NZ,cases,1
1632,2021-02-05T22:45:00Z,NZ,live,0
1633,2021-02-05T22:56:00Z,NZ,other,0
1634,2021-02-06T02:32:00Z,NZ,cases,0
1635,2021-02-07T01:08:00Z,NZ,cases,1
1636,2021-02-10T00:41:00Z,NZ,cases,1
1637,2021-02-11T00:47:00Z,NZ,cases,1
1638,2021-02-11T01:27:00Z,NZ,cases,1
1639,2021-02-11T18:36:00Z,NZ,other,0
1640,2021-02-12T00:11:00Z,NZ,cases,1
1641,2021-02-13T00:56:00Z,NZ,cases,1
1642,2021-02-14T00:04:00Z,NZ,live,1
1643,2021-02-14T01:58:00Z,NZ,cases,0
1644,2021-02-14T01:59:00Z,NZ,cases,0
1645,2021-02-14T05:48:00Z,NZ,president speech,0
1646,2021-02-15T00:43:00Z,NZ,cases,1
1647,2021-02-15T19:37:00Z,NZ,other,0
1648,2021-02-15T22:27:00Z,NZ,live,0
1649,2021-02-16T01:48:00Z,NZ,cases,0
1650,2021-02-17T00:10:00Z,NZ,cases,1
1651,2021-02-17T00:37:00Z,NZ,cases,1
1652,2021-02-17T23:25:00Z,NZ,live,0
1653,2021-02-18T01:45:00Z,NZ,cases,0
1654,2021-02-19T01:00:00Z,NZ,cases,1
1655,2021-02-19T05:11:00Z,NZ,other,0
1656,2021-02-20T00:30:00Z,NZ,cases,1
1657,2021-02-21T00:27:00Z,NZ,cases,1
1658,2021-02-22T00:42:00Z,NZ,cases,1
1659,2021-02-23T22:37:00Z,NZ,live,0
1660,2021-02-24T02:10:00Z,NZ,cases,0
1661,2021-02-24T23:11:00Z,NZ,cases,0
1662,2021-02-25T00:35:00Z,NZ,cases,1
1663,2021-02-25T05:25:00Z,NZ,other,0
1664,2021-02-26T00:56:00Z,NZ,cases,1
1665,2021-02-27T00:34:00Z,NZ,cases,1
1666,2021-02-27T08:26:00Z,NZ,cases,0
1667,2021-02-27T23:31:00Z,NZ,president speech,1
1668,2021-02-28T03:41:00Z,NZ,cases,0
1669,2021-03-01T00:50:00Z,NZ,cases,1
1670,2021-03-01T01:35:00Z,NZ,president speech,0
1671,2021-03-01T21:38:00Z,NZ,live,0
1672,2021-03-02T01:35:00Z,NZ,cases,0
1673,2021-03-02T23:18:00Z,NZ,live,0
1674,2021-03-03T02:01:00Z,NZ,cases,0
1675,2021-03-04T00:00:00Z,NZ,live,1
1676,2021-03-04T01:56:00Z,NZ,cases,0
1677,2021-03-05T00:35:00Z,NZ,cases,1
1678,2021-03-05T03:00:00Z,NZ,president speech,0
1679,2021-03-06T00:13:00Z,NZ,cases,1
1680,2021-03-07T00:28:00Z,NZ,cases,1
1681,2021-03-07T06:14:00Z,NZ,cases,0
1682,2021-03-08T00:29:00Z,NZ,cases,1
1683,2021-03-09T00:39:00Z,NZ,cases,1
1684,2021-03-10T00:00:00Z,NZ,live,1
1685,2021-03-11T00:38:00Z,NZ,cases,1
1686,2021-03-12T00:00:00Z,NZ,cases,1
1687,2021-03-13T04:34:00Z,NZ,cases,0
1688,2021-03-14T00:10:00Z,NZ,cases,1
1689,2021-03-15T00:06:00Z,NZ,cases,1
1690,2021-03-16T00:16:00Z,NZ,cases,1
1691,2021-03-17T00:07:00Z,NZ,cases,1
1692,2021-03-19T00:21:00Z,NZ,cases,1
1693,2021-03-21T00:04:00Z,NZ,cases,1
1694,2021-03-22T00:08:00Z,NZ,cases,1
1695,2021-03-23T00:00:00Z,NZ,live,1
1696,2021-03-23T01:34:00Z,NZ,cases,0
1697,2021-03-24T00:00:00Z,NZ,live,1
1698,2021-03-24T01:12:00Z,NZ,cases,1
1699,2021-03-25T00:21:00Z,NZ,cases,1
1700,2021-03-26T00:00:00Z,NZ,live,1
1701,2021-03-28T01:10:00Z,NZ,cases,1
1702,2021-03-29T00:50:00Z,NZ,cases,1
1703,2021-03-30T00:41:00Z,NZ,cases,1
1704,2021-03-31T00:32:00Z,NZ,cases,1
1705,2021-04-06T01:14:00Z,NZ,cases,1
1706,2021-04-07T01:48:00Z,NZ,cases,1
1707,2021-04-07T23:00:00Z,NZ,live,0
1708,2021-04-08T01:22:00Z,NZ,cases,1
1709,2021-04-09T01:20:00Z,NZ,cases,1
1710,2021-04-10T01:40:00Z,NZ,cases,1
1711,2021-04-11T01:52:00Z,NZ,cases,1
1712,2021-04-11T07:32:00Z,NZ,cases,0
1713,2021-04-11T22:25:00Z,NZ,live,0
1714,2021-04-14T01:00:00Z,NZ,live,1
1715,2021-04-14T02:02:00Z,NZ,cases,1
1716,2021-04-15T01:20:00Z,NZ,cases,1
1717,2021-04-15T03:15:00Z,NZ,live,0
1718,2021-04-16T02:09:00Z,NZ,cases,1
1719,2021-04-18T02:15:00Z,NZ,cases,1
1720,2021-04-19T01:41:00Z,NZ,cases,1
1721,2021-04-20T01:34:00Z,NZ,cases,1
1722,2021-04-25T01:26:00Z,NZ,cases,1
1723,2021-04-27T01:17:00Z,NZ,cases,1
1724,2021-04-28T01:00:00Z,NZ,live,1
1725,2021-04-28T01:27:00Z,NZ,cases,1
1726,2021-04-29T01:04:00Z,NZ,cases,1
1727,2021-04-30T01:17:00Z,NZ,cases,1
1728,2021-05-03T01:44:00Z,NZ,cases,1
1729,2021-05-04T01:26:00Z,NZ,cases,1
1730,2021-05-05T01:46:00Z,NZ,cases,1
1731,2021-05-06T02:05:00Z,NZ,cases,1
1732,2021-05-07T01:13:00Z,NZ,cases,1
1733,2021-05-08T01:53:00Z,NZ,cases,1
1734,2021-05-09T01:57:00Z,NZ,cases,1
1735,2021-05-09T01:57:00Z,NZ,cases,1
1736,2021-05-10T01:32:00Z,NZ,cases,1
1737,2021-05-11T01:14:00Z,NZ,cases,1
1738,2021-05-12T01:00:00Z,NZ,live,1
1739,2021-05-12T01:29:00Z,NZ,cases,1
1740,2021-05-12T20:46:00Z,NZ,cases,0
1741,2021-05-13T01:00:00Z,NZ,live,1
1742,2021-05-13T01:18:00Z,NZ,cases,1
1743,2021-05-14T01:37:00Z,NZ,cases,1
1744,2021-05-23T01:18:00Z,NZ,cases,1
1745,2021-05-24T01:36:00Z,NZ,cases,1
1746,2021-05-25T01:06:00Z,NZ,cases,1
1747,2021-05-26T01:00:00Z,NZ,live,1
1748,2021-05-26T01:30:00Z,NZ,cases,1
1749,2021-05-27T01:41:00Z,NZ,cases,1
1750,2021-05-28T01:25:00Z,NZ,cases,1
1751,2021-06-01T01:09:00Z,NZ,cases,1
1752,2021-06-02T01:04:00Z,NZ,live,1
1753,2021-06-02T01:23:00Z,NZ,cases,1
1754,2021-06-02T23:00:00Z,NZ,live,0
1755,2021-06-03T01:55:00Z,NZ,cases,1
1756,2021-06-04T01:17:00Z,NZ,cases,1
1757,2021-06-06T01:16:00Z,NZ,cases,1
1758,2021-06-08T01:49:00Z,NZ,cases,1
1759,2021-06-11T01:09:00Z,NZ,cases,1
1760,2021-06-13T01:20:00Z,NZ,cases,1
1761,2021-06-14T01:18:00Z,NZ,cases,1
1762,2021-06-15T01:16:00Z,NZ,cases,1
1763,2021-06-16T01:00:00Z,NZ,live,1
1764,2021-06-16T01:12:00Z,NZ,cases,1
1765,2021-06-17T01:27:00Z,NZ,cases,1
1766,2021-06-23T02:01:00Z,NZ,cases,1
1767,2021-06-23T23:04:00Z,NZ,live,0
1768,2021-06-24T02:38:00Z,NZ,cases,0
1769,2021-06-25T01:00:00Z,NZ,live,1
1770,2021-06-25T02:12:00Z,NZ,cases,1
1771,2021-06-26T02:15:00Z,NZ,cases,1
1772,2021-06-27T02:16:00Z,NZ,cases,1
1773,2021-06-28T02:08:00Z,NZ,cases,1
1774,2021-06-29T01:00:00Z,NZ,live,1
1775,2021-06-29T01:20:00Z,NZ,cases,1
1776,2021-06-30T01:00:00Z,NZ,live,1
1777,2021-07-01T01:16:00Z,NZ,cases,1
1778,2021-07-02T01:13:00Z,NZ,cases,1
1779,2021-07-04T01:57:00Z,NZ,cases,1
1780,2021-07-05T01:11:00Z,NZ,cases,1
1781,2021-07-06T01:08:00Z,NZ,cases,1
1782,2021-07-07T01:30:00Z,NZ,cases,1
1783,2021-07-11T01:28:00Z,NZ,cases,1
1784,2021-07-12T01:55:00Z,NZ,cases,1
1785,2021-07-13T01:09:00Z,NZ,cases,1
1786,2021-07-14T01:16:00Z,NZ,cases,1
1787,2021-07-15T01:21:00Z,NZ,cases,1
1788,2021-07-16T01:26:00Z,NZ,cases,1
1789,2021-07-21T01:00:00Z,NZ,live,1
1790,2021-08-01T01:28:00Z,NZ,cases,1
1791,2021-08-02T01:47:00Z,NZ,cases,1
1792,2021-08-03T01:23:00Z,NZ,cases,1
1793,2021-08-04T01:15:00Z,NZ,cases,1
1794,2021-08-05T01:22:00Z,NZ,cases,1
1795,2021-08-06T01:25:00Z,NZ,cases,1
1796,2021-08-08T01:50:00Z,NZ,cases,1
1797,2021-08-09T01:21:00Z,NZ,cases,1
1798,2021-08-10T01:37:00Z,NZ,cases,1
1799,2021-08-11T01:21:00Z,NZ,cases,1
1800,2021-08-12T01:26:00Z,NZ,cases,1
1801,2021-08-13T01:24:00Z,NZ,cases,1
1802,2021-08-15T01:38:00Z,NZ,cases,1
1803,2021-08-17T02:39:00Z,NZ,cases,0
1804,2021-08-19T01:00:00Z,NZ,president speech,1
1805,2021-08-22T01:02:00Z,NZ,live,1
1806,2021-08-23T04:00:00Z,NZ,president speech,0
1807,2021-08-24T01:00:00Z,NZ,president speech,1
1808,2021-08-25T01:00:00Z,NZ,live,1
1809,2021-08-26T01:00:00Z,NZ,president speech,1
1810,2021-08-29T01:00:00Z,NZ,president speech,1
1811,2021-08-30T04:00:00Z,NZ,president speech,0
1812,2021-09-01T01:00:00Z,NZ,president speech,1
1813,2021-09-02T01:00:00Z,NZ,president speech,1
1814,2021-09-05T01:00:00Z,NZ,president speech,1
1815,2021-09-06T04:00:00Z,NZ,president speech,0
1816,2021-09-08T01:00:00Z,NZ,live,1
1817,2021-09-16T01:00:00Z,NZ,president speech,1
1818,2021-09-17T01:00:00Z,NZ,president speech,1
1819,2021-09-19T01:00:00Z,NZ,president speech,1
1820,2021-09-21T01:00:00Z,NZ,president speech,1
1821,2021-09-22T01:00:00Z,NZ,live,1
1822,2021-09-23T01:00:00Z,NZ,president speech,1
1823,2021-09-29T01:00:00Z,NZ,president speech,1
1824,2021-10-02T01:00:00Z,NZ,president speech,1
1825,2021-10-04T01:00:00Z,NZ,president speech,1
1826,2021-10-06T01:00:00Z,NZ,president speech,1
1827,2021-10-12T01:00:00Z,NZ,president speech,1
1828,2021-10-13T01:00:00Z,NZ,live,1
1829,2021-10-14T01:00:00Z,NZ,president speech,1
1830,2021-10-20T01:00:00Z,NZ,live,1
1831,2021-10-28T01:00:00Z,NZ,live,1
1832,2021-11-03T01:00:00Z,NZ,live,1
1833,2021-11-10T01:00:00Z,NZ,live,1
1834,2021-11-12T01:00:00Z,NZ,president speech,1
1835,2021-11-15T22:00:00Z,NZ,other,0
1836,2021-11-17T01:00:00Z,NZ,president speech,1
1837,2021-11-24T01:00:00Z,NZ,live,1
1838,2021-12-16T04:20:00Z,NZ,live,0
1839,2021-12-22T02:00:00Z,NZ,live,0
1840,2021-12-30T00:24:25Z,NZ,cases,1
1841,2022-01-08T04:06:19Z,NZ,cases,0
1842,2022-02-28T20:07:56Z,NZ,live,0
1843,2022-02-21T05:27:51Z,KR,cases,0
1844,2022-02-11T12:39:36Z,KR,cases,0
1845,2022-01-21T06:50:20Z,KR,president speech,0
1846,2022-01-11T08:20:14Z,KR,president speech,0
1847,2021-12-28T06:44:42Z,KR,president speech,0
1848,2021-12-16T05:18:57Z,KR,other,0
1849,2021-12-15T00:15:14Z,KR,other,0
1850,2021-12-01T12:51:41Z,KR,cases,0
1851,2021-11-30T07:35:37Z,KR,president speech,0
1852,2021-11-29T06:04:42Z,KR,president speech,0
1853,2021-11-29T00:36:18Z,KR,cases,1
1854,2021-11-28T00:35:20Z,KR,cases,1
1855,2021-11-26T00:40:24Z,KR,cases,1
1856,2021-11-25T00:37:46Z,KR,cases,1
1857,2021-11-24T00:34:12Z,KR,cases,1
1858,2021-11-23T00:36:07Z,KR,cases,1
1859,2021-11-22T00:33:32Z,KR,cases,1
1860,2021-11-21T00:36:20Z,KR,cases,1
1861,2021-11-19T00:37:25Z,KR,cases,1
1862,2021-11-18T00:36:13Z,KR,cases,1
1863,2021-11-17T00:34:36Z,KR,cases,1
1864,2021-11-16T00:35:24Z,KR,cases,1
1865,2021-11-15T00:32:22Z,KR,cases,1
1866,2021-11-14T00:37:29Z,KR,cases,1
1867,2021-11-12T01:31:00Z,KR,cases,0
1868,2021-11-11T00:34:40Z,KR,cases,1
1869,2021-11-10T00:58:19Z,KR,cases,1
1870,2021-11-09T00:33:18Z,KR,cases,1
1871,2021-11-08T00:45:00Z,KR,cases,1
1872,2021-11-07T00:39:50Z,KR,cases,1
1873,2021-11-05T00:42:44Z,KR,cases,1
1874,2021-11-04T00:57:24Z,KR,cases,1
1875,2021-11-03T00:33:50Z,KR,cases,1
1876,2021-11-01T01:01:06Z,KR,cases,1
1877,2021-10-31T00:44:54Z,KR,cases,1
1878,2021-10-29T00:33:45Z,KR,cases,1
1879,2021-10-29T00:04:24Z,KR,other,0
1880,2021-10-28T00:32:25Z,KR,cases,1
1881,2021-10-27T00:37:46Z,KR,cases,1
1882,2021-10-26T00:36:09Z,KR,cases,1
1883,2021-10-25T00:36:02Z,KR,cases,1
1884,2021-10-24T00:42:17Z,KR,cases,1
1885,2021-10-22T00:43:49Z,KR,cases,1
1886,2021-10-21T00:41:12Z,KR,cases,1
1887,2021-10-20T00:34:50Z,KR,cases,1
1888,2021-10-19T00:44:47Z,KR,cases,1
1889,2021-10-18T00:33:35Z,KR,cases,1
1890,2021-10-17T00:41:42Z,KR,cases,1
1891,2021-10-15T00:51:00Z,KR,cases,1
1892,2021-10-14T00:34:27Z,KR,cases,1
1893,2021-10-13T00:42:13Z,KR,cases,1
1894,2021-10-12T00:45:48Z,KR,cases,1
1895,2021-10-11T00:33:46Z,KR,cases,1
1896,2021-10-08T00:49:05Z,KR,cases,1
1897,2021-10-07T00:34:16Z,KR,cases,1
1898,2021-10-06T00:43:54Z,KR,cases,1
1899,2021-10-05T00:33:33Z,KR,cases,1
1900,2021-10-04T00:39:40Z,KR,cases,1
1901,2021-10-01T00:39:25Z,KR,cases,1
1902,2021-09-30T00:33:48Z,KR,cases,1
1903,2021-09-29T00:47:48Z,KR,cases,1
1904,2021-09-28T00:33:23Z,KR,cases,1
1905,2021-09-27T00:45:21Z,KR,cases,1
1906,2021-09-26T06:16:58Z,KR,other,0
1907,2021-09-26T00:40:30Z,KR,cases,1
1908,2021-09-24T00:43:12Z,KR,cases,1
1909,2021-09-23T00:58:12Z,KR,cases,1
1910,2021-09-22T06:46:53Z,KR,president speech,0
1911,2021-09-22T00:33:42Z,KR,cases,1
1912,2021-09-17T01:10:32Z,KR,cases,1
1913,2021-09-16T00:39:17Z,KR,cases,1
1914,2021-09-15T00:43:02Z,KR,cases,1
1915,2021-09-14T00:40:58Z,KR,cases,1
1916,2021-09-13T00:34:46Z,KR,cases,1
1917,2021-09-12T00:41:02Z,KR,cases,1
1918,2021-09-10T02:06:09Z,KR,cases,0
1919,2021-09-09T00:36:22Z,KR,cases,1
1920,2021-09-08T00:34:04Z,KR,cases,1
1921,2021-09-07T00:33:40Z,KR,cases,1
1922,2021-09-06T00:37:58Z,KR,cases,1
1923,2021-09-05T00:53:11Z,KR,cases,1
1924,2021-09-02T00:40:59Z,KR,cases,1
1925,2021-09-01T06:05:25Z,KR,president speech,0
1926,2021-09-01T00:34:04Z,KR,cases,1
1927,2021-08-30T00:35:00Z,KR,cases,1
1928,2021-08-29T00:37:00Z,KR,cases,1
1929,2021-08-27T00:34:00Z,KR,cases,1
1930,2021-08-26T00:41:00Z,KR,cases,1
1931,2021-08-25T00:32:00Z,KR,cases,1
1932,2021-08-24T12:42:00Z,KR,cases,0
1933,2021-08-24T12:41:00Z,KR,cases,0
1934,2021-08-24T00:40:00Z,KR,cases,1
1935,2021-08-23T00:33:00Z,KR,cases,1
1936,2021-08-22T00:35:00Z,KR,cases,1
1937,2021-08-20T00:43:00Z,KR,cases,1
1938,2021-08-19T00:39:00Z,KR,cases,1
1939,2021-08-18T00:52:00Z,KR,cases,1
1940,2021-08-17T00:41:00Z,KR,cases,1
1941,2021-08-15T01:36:00Z,KR,president speech,0
1942,2021-08-15T00:34:00Z,KR,cases,1
1943,2021-08-14T01:02:00Z,KR,cases,1
1944,2021-08-13T00:38:00Z,KR,cases,1
1945,2021-08-12T00:36:00Z,KR,cases,1
1946,2021-08-11T00:42:00Z,KR,cases,1
1947,2021-08-10T00:34:00Z,KR,cases,1
1948,2021-08-09T00:38:00Z,KR,cases,1
1949,2021-08-08T00:38:00Z,KR,cases,1
1950,2021-08-06T00:36:00Z,KR,cases,1
1951,2021-08-05T00:33:00Z,KR,cases,1
1952,2021-08-04T00:36:00Z,KR,cases,1
1953,2021-08-03T00:39:00Z,KR,cases,1
1954,2021-08-02T00:38:00Z,KR,cases,1
1955,2021-08-01T00:44:00Z,KR,cases,1
1956,2021-07-30T00:40:00Z,KR,cases,1
1957,2021-07-29T00:36:00Z,KR,cases,1
1958,2021-07-28T00:42:00Z,KR,cases,1
1959,2021-07-28T00:11:00Z,KR,other,0
1960,2021-07-27T00:35:00Z,KR,cases,1
1961,2021-07-25T00:34:00Z,KR,cases,1
1962,2021-07-23T00:35:00Z,KR,cases,1
1963,2021-07-22T00:43:00Z,KR,cases,1
1964,2021-07-21T05:32:00Z,KR,other,0
1965,2021-07-21T01:39:00Z,KR,cases,0
1966,2021-07-21T00:37:00Z,KR,cases,1
1967,2021-07-20T00:41:00Z,KR,cases,1
1968,2021-07-19T00:38:00Z,KR,cases,1
1969,2021-07-19T00:24:00Z,KR,other,0
1970,2021-07-16T00:32:00Z,KR,cases,1
1971,2021-07-15T00:37:00Z,KR,cases,1
1972,2021-07-14T00:38:00Z,KR,cases,1
1973,2021-07-13T00:34:00Z,KR,cases,1
1974,2021-07-12T00:34:00Z,KR,cases,1
1975,2021-07-11T00:40:00Z,KR,cases,1
1976,2021-07-07T01:22:00Z,KR,other,1
1977,2021-07-07T00:32:00Z,KR,cases,1
1978,2021-07-07T00:02:00Z,KR,cases,0
1979,2021-07-06T00:34:00Z,KR,cases,1
1980,2021-07-05T00:34:00Z,KR,cases,1
1981,2021-07-04T00:35:00Z,KR,cases,1
1982,2021-07-02T00:35:00Z,KR,cases,1
1983,2021-07-01T00:34:00Z,KR,cases,1
1984,2021-06-29T00:53:00Z,KR,cases,1
1985,2021-06-28T00:53:00Z,KR,cases,1
1986,2021-06-27T00:37:00Z,KR,cases,1
1987,2021-06-25T00:35:00Z,KR,cases,1
1988,2021-06-24T00:35:00Z,KR,cases,1
1989,2021-06-23T00:35:00Z,KR,cases,1
1990,2021-06-17T00:32:00Z,KR,cases,1
1991,2021-06-16T00:42:00Z,KR,cases,1
1992,2021-06-15T00:34:00Z,KR,cases,1
1993,2021-06-14T00:33:00Z,KR,cases,1
1994,2021-06-13T00:32:00Z,KR,cases,1
1995,2021-06-11T00:33:00Z,KR,cases,1
1996,2021-06-08T00:32:00Z,KR,cases,1
1997,2021-06-07T06:18:00Z,KR,president speech,0
1998,2021-06-07T00:32:00Z,KR,cases,1
1999,2021-06-06T00:32:00Z,KR,cases,1
2000,2021-06-04T00:34:00Z,KR,cases,1
2001,2021-06-03T00:35:00Z,KR,cases,1
2002,2021-06-02T00:33:00Z,KR,cases,1
2003,2021-06-01T00:40:00Z,KR,cases,1
2004,2021-05-28T00:44:00Z,KR,cases,1
2005,2021-05-27T00:33:00Z,KR,cases,1
2006,2021-05-26T00:43:00Z,KR,cases,1
2007,2021-05-25T05:23:00Z,KR,other,0
2008,2021-05-25T00:32:00Z,KR,cases,1
2009,2021-05-24T00:33:00Z,KR,cases,1
2010,2021-05-23T00:35:00Z,KR,cases,1
2011,2021-05-14T00:33:00Z,KR,cases,1
2012,2021-05-13T00:33:00Z,KR,cases,1
2013,2021-05-12T00:33:00Z,KR,cases,1
2014,2021-05-11T00:34:00Z,KR,cases,1
2015,2021-05-10T00:32:00Z,KR,cases,1
2016,2021-05-09T00:32:00Z,KR,cases,1
2017,2021-05-07T00:35:00Z,KR,cases,1
2018,2021-05-06T00:39:00Z,KR,cases,1
2019,2021-05-05T00:32:00Z,KR,cases,1
2020,2021-05-04T00:32:00Z,KR,cases,1
2021,2021-05-03T00:34:00Z,KR,cases,1
2022,2021-04-30T00:33:00Z,KR,cases,1
2023,2021-04-29T00:37:00Z,KR,cases,1
2024,2021-04-28T00:33:00Z,KR,cases,1
2025,2021-04-27T00:32:00Z,KR,cases,1
2026,2021-04-26T00:52:00Z,KR,cases,1
2027,2021-04-25T00:40:00Z,KR,cases,1
2028,2021-04-20T00:36:00Z,KR,cases,1
2029,2021-04-19T00:44:00Z,KR,cases,1
2030,2021-04-18T08:03:00Z,KR,cases,0
2031,2021-04-18T00:36:00Z,KR,cases,1
2032,2021-04-16T00:32:00Z,KR,cases,1
2033,2021-04-15T00:33:00Z,KR,cases,1
2034,2021-04-14T00:32:00Z,KR,cases,1
2035,2021-04-11T00:32:00Z,KR,cases,1
2036,2021-04-09T00:33:00Z,KR,cases,1
2037,2021-04-08T00:32:00Z,KR,cases,1
2038,2021-04-07T00:32:00Z,KR,cases,1
2039,2021-04-06T00:32:00Z,KR,cases,1
2040,2021-04-02T00:56:00Z,KR,cases,1
2041,2021-04-01T00:34:00Z,KR,cases,1
2042,2021-03-31T00:32:00Z,KR,cases,1
2043,2021-03-30T00:34:00Z,KR,cases,1
2044,2021-03-29T00:33:00Z,KR,cases,1
2045,2021-03-28T00:35:00Z,KR,cases,1
2046,2021-03-25T04:00:00Z,KR,other,0
2047,2021-03-25T00:34:00Z,KR,cases,1
2048,2021-03-24T00:35:00Z,KR,cases,1
2049,2021-03-23T00:32:00Z,KR,cases,1
2050,2021-03-22T00:38:00Z,KR,cases,1
2051,2021-03-21T00:35:00Z,KR,cases,1
2052,2021-03-19T00:32:00Z,KR,cases,1
2053,2021-03-17T00:32:00Z,KR,cases,1
2054,2021-03-16T00:32:00Z,KR,cases,1
2055,2021-03-15T00:36:00Z,KR,cases,1
2056,2021-03-14T00:34:00Z,KR,cases,1
2057,2021-03-12T00:37:00Z,KR,cases,1
2058,2021-03-11T00:32:00Z,KR,cases,1
2059,2021-03-09T00:33:00Z,KR,cases,1
2060,2021-03-08T00:32:00Z,KR,cases,1
2061,2021-03-07T00:34:00Z,KR,cases,1
2062,2021-03-05T00:46:00Z,KR,cases,1
2063,2021-03-04T00:32:00Z,KR,cases,1
2064,2021-03-02T00:32:00Z,KR,cases,1
2065,2021-03-01T00:32:00Z,KR,cases,1
2066,2021-02-28T01:13:00Z,KR,cases,1
2067,2021-02-27T01:15:00Z,KR,cases,1
2068,2021-02-26T00:31:00Z,KR,cases,1
2069,2021-02-25T00:31:00Z,KR,cases,1
2070,2021-02-24T00:33:00Z,KR,cases,1
2071,2021-02-22T00:32:00Z,KR,cases,1
2072,2021-02-21T00:32:00Z,KR,cases,1
2073,2021-02-19T05:39:00Z,KR,president speech,0
2074,2021-02-19T00:32:00Z,KR,cases,1
2075,2021-02-18T00:33:00Z,KR,cases,1
2076,2021-02-17T00:32:00Z,KR,cases,1
2077,2021-02-16T08:12:00Z,KR,other,0
2078,2021-02-16T00:32:00Z,KR,cases,1
2079,2021-02-15T23:53:00Z,KR,other,0
2080,2021-02-15T00:33:00Z,KR,cases,1
2081,2021-02-14T00:33:00Z,KR,cases,1
2082,2021-02-12T00:35:00Z,KR,cases,1
2083,2021-02-10T00:33:00Z,KR,cases,1
2084,2021-02-07T00:33:00Z,KR,cases,1
2085,2021-02-05T00:33:00Z,KR,cases,1
2086,2021-02-04T02:01:00Z,KR,president speech,0
2087,2021-02-04T00:33:00Z,KR,cases,1
2088,2021-02-03T00:32:00Z,KR,cases,1
2089,2021-02-02T00:33:00Z,KR,cases,1
2090,2021-01-29T00:32:00Z,KR,cases,1
2091,2021-01-28T00:33:00Z,KR,cases,1
2092,2021-01-27T00:35:00Z,KR,cases,1
2093,2021-01-26T00:32:00Z,KR,cases,1
2094,2021-01-25T00:32:00Z,KR,cases,1
2095,2021-01-22T00:32:00Z,KR,cases,1
2096,2021-01-21T00:33:00Z,KR,cases,1
2097,2021-01-20T00:32:00Z,KR,cases,1
2098,2021-01-19T00:31:00Z,KR,cases,1
2099,2021-01-18T01:32:00Z,KR,president speech,0
2100,2021-01-18T00:32:00Z,KR,cases,1
2101,2021-01-17T00:32:00Z,KR,cases,1
2102,2021-01-14T00:32:00Z,KR,cases,1
2103,2021-01-13T00:33:00Z,KR,cases,1
2104,2021-01-12T00:34:00Z,KR,cases,1
2105,2021-01-11T00:32:00Z,KR,cases,1
2106,2021-01-10T00:33:00Z,KR,cases,1
2107,2021-01-08T00:34:00Z,KR,cases,1
2108,2021-01-07T00:32:00Z,KR,cases,1
2109,2021-01-06T00:33:00Z,KR,cases,1
2110,2021-01-05T05:20:00Z,KR,cases,0
2111,2021-01-05T00:32:00Z,KR,cases,1
2112,2021-01-04T00:31:00Z,KR,cases,1
2113,2021-01-03T00:33:00Z,KR,cases,1
2114,2020-12-31T06:17:00Z,KR,other,0
2115,2020-12-31T00:32:00Z,KR,cases,1
2116,2020-12-30T01:47:00Z,KR,cases,0
2117,2020-12-30T00:35:00Z,KR,cases,1
2118,2020-12-29T00:32:00Z,KR,cases,1
2119,2020-12-28T00:31:00Z,KR,cases,1
2120,2020-12-27T00:32:00Z,KR,cases,1
2121,2020-12-24T00:32:00Z,KR,cases,1
2122,2020-12-23T00:34:00Z,KR,cases,1
2123,2020-12-22T00:32:00Z,KR,cases,1
2124,2020-12-21T00:46:00Z,KR,cases,1
2125,2020-12-20T00:32:00Z,KR,cases,1
2126,2020-12-18T00:34:00Z,KR,cases,1
2127,2020-12-17T00:36:00Z,KR,cases,1
2128,2020-12-16T00:32:00Z,KR,cases,1
2129,2020-12-15T00:37:00Z,KR,cases,1
2130,2020-12-14T00:34:00Z,KR,cases,1
2131,2020-12-13T00:32:00Z,KR,cases,1
2132,2020-12-12T04:33:00Z,KR,president speech,0
2133,2020-12-11T00:33:00Z,KR,cases,1
2134,2020-12-10T00:32:00Z,KR,cases,1
2135,2020-12-09T00:37:00Z,KR,cases,1
2136,2020-12-08T01:30:00Z,KR,other,1
2137,2020-12-07T00:34:00Z,KR,cases,1
2138,2020-12-06T00:42:00Z,KR,cases,1
2139,2020-12-04T00:32:00Z,KR,cases,1
2140,2020-12-04T00:32:00Z,KR,cases,1
2141,2020-12-03T00:35:00Z,KR,cases,1
2142,2020-12-03T00:35:00Z,KR,cases,1
2143,2020-12-02T00:32:00Z,KR,cases,1
2144,2020-12-02T00:32:00Z,KR,cases,1
2145,2020-12-01T00:35:00Z,KR,cases,1
2146,2020-12-01T00:35:00Z,KR,cases,1
2147,2020-11-30T01:28:00Z,KR,cases,1
2148,2020-11-30T01:28:00Z,KR,cases,1
2149,2020-11-29T00:33:00Z,KR,cases,1
2150,2020-11-29T00:33:00Z,KR,cases,1
2151,2020-11-27T00:32:00Z,KR,cases,1
2152,2020-11-26T00:42:00Z,KR,other,1
2153,2020-11-26T00:32:00Z,KR,cases,1
2154,2020-11-25T08:32:00Z,KR,other,0
2155,2020-11-25T08:32:00Z,KR,other,0
2156,2020-11-25T00:33:00Z,KR,cases,1
2157,2020-11-25T00:33:00Z,KR,cases,1
2158,2020-11-24T00:32:00Z,KR,cases,1
2159,2020-11-23T01:30:00Z,KR,other,1
2160,2020-11-23T00:35:00Z,KR,cases,1
2161,2020-11-22T00:34:00Z,KR,cases,1
2162,2020-11-20T00:32:00Z,KR,cases,1
2163,2020-11-19T00:32:00Z,KR,cases,1
2164,2020-11-18T00:31:00Z,KR,cases,1
2165,2020-11-17T00:34:00Z,KR,cases,1
2166,2020-11-13T00:31:00Z,KR,cases,1
2167,2020-11-12T00:37:00Z,KR,president speech,1
2168,2020-11-12T00:32:00Z,KR,cases,1
2169,2020-11-11T00:34:00Z,KR,cases,1
2170,2020-11-10T00:32:00Z,KR,cases,1
2171,2020-11-09T00:32:00Z,KR,cases,1
2172,2020-11-08T00:35:00Z,KR,cases,1
2173,2020-11-06T00:32:00Z,KR,cases,1
2174,2020-11-05T00:36:00Z,KR,cases,1
2175,2020-11-04T00:33:00Z,KR,cases,1
2176,2020-11-03T00:31:00Z,KR,cases,1
2177,2020-11-02T00:31:00Z,KR,cases,1
2178,2020-11-01T01:33:00Z,KR,cases,0
2179,2020-10-30T01:33:00Z,KR,cases,0
2180,2020-10-29T01:32:00Z,KR,cases,0
2181,2020-10-28T02:13:00Z,KR,president speech,0
2182,2020-10-28T01:32:00Z,KR,cases,0
2183,2020-10-27T01:32:00Z,KR,cases,0
2184,2020-10-26T01:32:00Z,KR,cases,0
2185,2020-10-26T01:32:00Z,KR,cases,0
2186,2020-10-25T01:33:00Z,KR,cases,0
2187,2020-10-25T01:33:00Z,KR,cases,0
2188,2020-10-25T01:33:00Z,KR,cases,0
2189,2020-09-25T00:43:00Z,KR,cases,1
2190,2020-09-24T00:36:00Z,KR,cases,1
2191,2020-09-23T00:35:00Z,KR,cases,1
2192,2020-09-22T00:33:00Z,KR,cases,1
2193,2020-09-21T00:32:00Z,KR,cases,1
2194,2020-09-20T00:56:00Z,KR,cases,1
2195,2020-09-16T00:32:00Z,KR,cases,1
2196,2020-09-15T00:32:00Z,KR,cases,1
2197,2020-09-14T00:33:00Z,KR,cases,1
2198,2020-09-13T00:53:00Z,KR,cases,1
2199,2020-09-11T00:33:00Z,KR,cases,1
2200,2020-09-10T00:35:00Z,KR,cases,1
2201,2020-09-09T00:34:00Z,KR,cases,1
2202,2020-09-08T00:37:00Z,KR,cases,1
2203,2020-09-06T00:34:00Z,KR,cases,1
2204,2020-09-04T00:45:00Z,KR,cases,1
2205,2020-09-03T00:38:00Z,KR,cases,1
2206,2020-09-02T00:34:00Z,KR,cases,1
2207,2020-09-01T00:35:00Z,KR,cases,1
2208,2020-08-31T00:35:00Z,KR,cases,1
2209,2020-08-30T00:33:00Z,KR,cases,1
2210,2020-08-28T00:35:00Z,KR,cases,1
2211,2020-08-27T01:13:00Z,KR,cases,1
2212,2020-08-26T01:12:00Z,KR,cases,1
2213,2020-08-25T01:12:00Z,KR,cases,1
2214,2020-08-24T01:12:00Z,KR,cases,1
2215,2020-08-23T01:16:00Z,KR,cases,1
2216,2020-08-21T01:14:00Z,KR,cases,1
2217,2020-08-20T01:12:00Z,KR,cases,1
2218,2020-08-19T01:18:00Z,KR,cases,1
2219,2020-08-18T01:12:00Z,KR,cases,1
2220,2020-08-17T01:14:00Z,KR,cases,1
2221,2020-08-14T01:13:00Z,KR,cases,1
2222,2020-08-13T01:13:00Z,KR,cases,1
2223,2020-08-12T01:18:00Z,KR,cases,1
2224,2020-08-11T01:11:00Z,KR,cases,1
2225,2020-08-10T01:11:00Z,KR,cases,1
2226,2020-08-09T01:12:00Z,KR,cases,1
2227,2020-08-07T01:11:00Z,KR,cases,1
2228,2020-08-04T01:13:00Z,KR,cases,1
2229,2020-08-03T01:12:00Z,KR,cases,1
2230,2020-08-02T01:13:00Z,KR,cases,1
2231,2020-07-31T01:12:00Z,KR,cases,1
2232,2020-07-30T01:11:00Z,KR,cases,1
2233,2020-07-29T01:12:00Z,KR,cases,1
2234,2020-07-28T01:12:00Z,KR,cases,1
2235,2020-07-27T01:13:00Z,KR,cases,1
2236,2020-07-26T01:22:00Z,KR,cases,1
2237,2020-07-25T01:20:00Z,KR,cases,1
2238,2020-07-24T01:16:00Z,KR,cases,1
2239,2020-07-23T01:12:00Z,KR,cases,1
2240,2020-07-22T01:26:00Z,KR,cases,1
2241,2020-07-21T01:12:00Z,KR,cases,1
2242,2020-07-20T01:12:00Z,KR,cases,1
2243,2020-07-19T01:13:00Z,KR,cases,1
2244,2020-07-18T01:36:00Z,KR,cases,0
2245,2020-07-17T01:14:00Z,KR,cases,1
2246,2020-07-09T01:11:00Z,KR,cases,1
2247,2020-07-08T01:12:00Z,KR,cases,1
2248,2020-07-07T01:11:00Z,KR,cases,1
2249,2020-07-06T01:12:00Z,KR,cases,1
2250,2020-07-05T01:12:00Z,KR,cases,1
2251,2020-07-03T01:12:00Z,KR,cases,1
2252,2020-07-02T01:13:00Z,KR,cases,1
2253,2020-07-01T01:12:00Z,KR,cases,1
2254,2020-06-30T01:11:00Z,KR,cases,1
2255,2020-06-29T01:11:00Z,KR,cases,1
2256,2020-06-28T08:01:00Z,KR,other,0
2257,2020-06-28T01:12:00Z,KR,cases,1
2258,2020-06-26T01:14:00Z,KR,cases,1
2259,2020-06-25T01:12:00Z,KR,cases,1
2260,2020-06-24T01:17:00Z,KR,cases,1
2261,2020-06-23T01:11:00Z,KR,cases,1
2262,2020-06-22T01:11:00Z,KR,cases,1
2263,2020-06-21T01:14:00Z,KR,cases,1
2264,2020-06-19T01:11:00Z,KR,cases,1
2265,2020-06-18T01:11:00Z,KR,cases,1
2266,2020-06-18T01:11:00Z,KR,cases,1
2267,2020-06-17T01:12:00Z,KR,cases,1
2268,2020-06-16T01:11:00Z,KR,cases,1
2269,2020-06-15T01:12:00Z,KR,cases,1
2270,2020-06-14T01:12:00Z,KR,cases,1
2271,2020-06-12T01:12:34Z,KR,cases,1
2272,2020-06-12T01:12:00Z,KR,cases,1
2273,2020-06-11T01:12:03Z,KR,cases,1
2274,2020-06-11T01:12:00Z,KR,cases,1
2275,2020-06-10T01:13:03Z,KR,cases,1
2276,2020-06-10T01:13:00Z,KR,cases,1
2277,2020-06-09T01:12:17Z,KR,cases,1
2278,2020-06-09T01:12:00Z,KR,cases,1
2279,2020-06-08T01:12:11Z,KR,cases,1
2280,2020-06-08T01:12:00Z,KR,cases,1
2281,2020-06-07T01:13:13Z,KR,cases,1
2282,2020-06-07T01:13:00Z,KR,cases,1
2283,2020-06-05T01:13:23Z,KR,cases,1
2284,2020-06-05T01:13:00Z,KR,cases,1
2285,2020-06-04T01:12:01Z,KR,cases,1
2286,2020-06-04T01:12:00Z,KR,cases,1
2287,2020-06-03T01:02:25Z,KR,other,1
2288,2020-06-02T01:13:17Z,KR,cases,1
2289,2020-06-01T01:12:10Z,KR,cases,1
2290,2020-05-31T01:13:13Z,KR,cases,1
2291,2020-04-30T01:36:00Z,KR,cases,0
2292,2020-04-29T01:12:00Z,KR,cases,1
2293,2020-04-28T01:11:00Z,KR,cases,1
2294,2020-04-27T01:12:00Z,KR,cases,1
2295,2020-04-26T01:12:00Z,KR,cases,1
2296,2020-04-24T01:12:00Z,KR,cases,1
2297,2020-04-23T01:11:00Z,KR,cases,1
2298,2020-04-22T01:12:00Z,KR,cases,1
2299,2020-04-21T01:12:00Z,KR,cases,1
2300,2020-04-20T01:12:00Z,KR,cases,1
2301,2020-04-19T06:07:00Z,KR,other,0
2302,2020-04-19T01:13:00Z,KR,cases,1
2303,2020-04-17T01:15:00Z,KR,cases,1
2304,2020-04-16T01:11:00Z,KR,cases,1
2305,2020-04-15T01:11:00Z,KR,cases,1
2306,2020-04-14T01:11:00Z,KR,cases,1
2307,2020-04-13T01:11:00Z,KR,cases,1
2308,2020-04-12T01:14:00Z,KR,cases,1
2309,2020-04-10T01:12:00Z,KR,cases,1
2310,2020-04-09T01:11:00Z,KR,cases,1
2311,2020-04-08T02:35:00Z,KR,president speech,0
2312,2020-04-08T01:11:00Z,KR,cases,1
2313,2020-04-07T01:11:00Z,KR,cases,1
2314,2020-04-06T01:12:00Z,KR,cases,1
2315,2020-04-05T01:12:00Z,KR,cases,1
2316,2020-04-03T01:13:00Z,KR,cases,1
2317,2020-04-02T01:12:00Z,KR,cases,1
2318,2020-04-01T01:15:00Z,KR,cases,1
2319,2020-03-31T05:18:00Z,KR,other,0
2320,2020-03-31T01:19:00Z,KR,cases,1
2321,2020-03-30T23:42:00Z,KR,other,0
2322,2020-03-30T04:33:00Z,KR,other,0
2323,2020-03-30T04:31:00Z,KR,other,0
2324,2020-03-30T02:32:00Z,KR,president speech,0
2325,2020-03-30T02:06:00Z,KR,other,0
2326,2020-03-30T01:14:00Z,KR,cases,1
2327,2020-03-29T01:22:00Z,KR,cases,1
2328,2020-03-27T01:19:00Z,KR,cases,1
2329,2020-03-26T05:24:00Z,KR,other,0
2330,2020-03-26T01:12:00Z,KR,cases,1
2331,2020-03-25T11:25:00Z,KR,other,0
2332,2020-03-25T07:52:00Z,KR,president speech,0
2333,2020-03-25T07:52:00Z,KR,other,0
2334,2020-03-25T02:09:00Z,KR,other,0
2335,2020-03-25T01:11:00Z,KR,cases,1
2336,2020-03-24T05:47:00Z,KR,other,0
2337,2020-03-24T01:23:00Z,KR,cases,1
2338,2020-03-23T01:12:00Z,KR,cases,1
2339,2020-03-22T01:09:00Z,KR,cases,1
2340,2020-03-20T01:08:00Z,KR,cases,1
2341,2020-03-19T05:07:00Z,KR,other,0
2342,2020-03-19T01:13:00Z,KR,cases,1
2343,2020-03-19T01:13:00Z,KR,cases,1
2344,2020-03-18T08:26:00Z,KR,other,0
2345,2020-03-18T01:14:00Z,KR,cases,1
2346,2020-03-18T00:15:00Z,KR,other,0
2347,2020-03-17T01:08:00Z,KR,cases,1
2348,2020-03-17T00:36:00Z,KR,other,1
2349,2020-03-16T08:01:00Z,KR,other,0
2350,2020-03-16T07:49:00Z,KR,other,0
2351,2020-03-16T01:19:00Z,KR,other,1
2352,2020-03-16T01:17:00Z,KR,cases,1
2353,2020-03-15T01:10:00Z,KR,cases,1
2354,2020-03-13T01:15:00Z,KR,cases,1
2355,2020-03-12T01:18:00Z,KR,cases,1
2356,2020-03-11T05:20:00Z,KR,cases,0
2357,2020-03-11T02:42:00Z,KR,other,0
2358,2020-03-11T01:19:00Z,KR,cases,1
2359,2020-03-10T02:14:00Z,KR,other,0
2360,2020-03-10T01:18:00Z,KR,other,1
2361,2020-03-10T01:17:00Z,KR,other,1
2362,2020-03-10T01:17:00Z,KR,cases,1
2363,2020-03-09T08:35:00Z,KR,cases,0
2364,2020-03-09T02:16:00Z,KR,cases,0
2365,2020-03-09T01:20:00Z,KR,other,1
2366,2020-03-09T01:20:00Z,KR,other,1
2367,2020-03-09T01:18:00Z,KR,cases,1
2368,2020-03-08T08:04:00Z,KR,cases,0
2369,2020-03-08T01:15:00Z,KR,cases,1
2370,2020-03-06T08:10:00Z,KR,cases,0
2371,2020-03-06T01:19:00Z,KR,other,1
2372,2020-03-06T01:18:00Z,KR,other,1
2373,2020-03-06T01:18:00Z,KR,cases,1
2374,2020-03-05T08:13:00Z,KR,cases,0
2375,2020-03-05T07:20:00Z,KR,president speech,0
2376,2020-03-05T02:18:00Z,KR,other,0
2377,2020-03-05T02:06:00Z,KR,other,0
2378,2020-03-05T01:18:00Z,KR,other,1
2379,2020-03-05T01:17:00Z,KR,cases,1
2380,2020-03-04T08:09:00Z,KR,cases,0
2381,2020-03-04T01:59:00Z,KR,other,0
2382,2020-03-04T01:14:00Z,KR,other,1
2383,2020-03-04T01:12:00Z,KR,cases,1
2384,2020-03-04T01:00:00Z,KR,other,1
2385,2020-03-03T08:16:00Z,KR,cases,0
2386,2020-03-03T05:26:00Z,KR,other,0
2387,2020-03-03T05:23:00Z,KR,other,0
2388,2020-03-03T01:13:00Z,KR,cases,1
2389,2020-03-02T08:22:00Z,KR,cases,0
2390,2020-03-02T05:49:00Z,KR,other,0
2391,2020-03-02T05:26:00Z,KR,other,0
2392,2020-03-02T05:24:00Z,KR,other,0
2393,2020-03-02T01:54:00Z,KR,other,0
2394,2020-03-02T01:52:00Z,KR,cases,0
2395,2020-03-01T08:03:00Z,KR,cases,0
2396,2020-03-01T05:19:00Z,KR,other,0
2397,2020-03-01T01:32:00Z,KR,president speech,0
2398,2020-03-01T01:04:00Z,KR,cases,1
2399,2020-02-29T08:33:00Z,KR,cases,0
2400,2020-02-28T08:01:00Z,KR,cases,0
2401,2020-02-28T05:49:00Z,KR,other,0
2402,2020-02-28T01:29:00Z,KR,other,1
2403,2020-02-28T01:01:00Z,KR,cases,1
2404,2020-02-27T08:34:00Z,KR,cases,0
2405,2020-02-27T02:31:00Z,KR,other,0
2406,2020-02-27T01:16:00Z,KR,other,1
2407,2020-02-27T01:03:00Z,KR,cases,1
2408,2020-02-27T01:01:00Z,KR,other,1
2409,2020-02-27T00:05:00Z,KR,other,0
2410,2020-02-26T08:06:00Z,KR,cases,0
2411,2020-02-26T02:17:00Z,KR,other,0
2412,2020-02-26T01:56:00Z,KR,other,0
2413,2020-02-26T00:59:00Z,KR,cases,1
2414,2020-02-25T08:06:00Z,KR,cases,0
2415,2020-02-25T08:04:00Z,KR,other,0
2416,2020-02-25T06:00:00Z,KR,president speech,0
2417,2020-02-25T01:02:00Z,KR,cases,1
2418,2020-02-24T10:06:00Z,KR,other,0
2419,2020-02-24T08:06:00Z,KR,cases,0
2420,2020-02-24T06:18:00Z,KR,president speech,0
2421,2020-02-24T05:18:00Z,KR,other,0
2422,2020-02-24T05:11:00Z,KR,other,0
2423,2020-02-24T01:21:00Z,KR,other,1
2424,2020-02-24T01:21:00Z,KR,cases,1
2425,2020-02-23T12:14:00Z,KR,other,0
2426,2020-02-23T08:10:00Z,KR,cases,0
2427,2020-02-23T08:09:00Z,KR,other,0
2428,2020-02-23T07:15:00Z,KR,president speech,0
2429,2020-02-23T01:21:00Z,KR,other,1
2430,2020-02-23T01:17:00Z,KR,cases,1
2431,2020-02-22T05:29:00Z,KR,other,0
2432,2020-02-21T11:23:00Z,KR,other,0
2433,2020-02-21T10:11:00Z,KR,cases,0
2434,2020-02-21T08:01:00Z,KR,cases,0
2435,2020-02-21T05:21:00Z,KR,other,0
2436,2020-02-21T01:04:00Z,KR,cases,1
2437,2020-02-20T11:11:00Z,KR,president speech,0
2438,2020-02-20T09:03:00Z,KR,other,0
2439,2020-02-20T08:42:00Z,KR,other,0
2440,2020-02-20T08:24:00Z,KR,other,0
2441,2020-02-20T08:14:00Z,KR,cases,0
2442,2020-02-20T02:36:00Z,KR,other,0
2443,2020-02-20T02:09:00Z,KR,other,0
2444,2020-02-20T01:04:00Z,KR,cases,1
2445,2020-02-19T08:01:00Z,KR,cases,0
2446,2020-02-19T02:08:00Z,KR,other,0
2447,2020-02-19T00:57:00Z,KR,cases,1
2448,2020-02-18T02:06:00Z,KR,other,0
2449,2020-02-18T01:55:00Z,KR,president speech,0
2450,2020-02-18T01:01:00Z,KR,cases,1
2451,2020-02-17T05:05:00Z,KR,other,0
2452,2020-02-17T00:51:00Z,KR,cases,1
2453,2020-02-16T04:58:00Z,KR,other,0
2454,2020-02-16T01:01:00Z,KR,cases,1
2455,2020-02-16T01:00:00Z,KR,other,1
2456,2020-02-14T01:04:00Z,KR,cases,1
2457,2020-02-13T02:06:00Z,KR,other,0
2458,2020-02-13T00:42:00Z,KR,other,1
2459,2020-02-12T05:00:00Z,KR,other,0
2460,2020-02-11T01:00:00Z,KR,cases,1
2461,2020-02-10T04:57:00Z,KR,other,0
2462,2020-02-10T02:20:00Z,KR,other,0
2463,2020-02-10T01:04:00Z,KR,cases,1
2464,2020-02-09T08:04:00Z,KR,cases,0
2465,2020-02-09T01:06:00Z,KR,cases,1
2466,2020-02-07T07:23:00Z,KR,other,0
2467,2020-02-07T01:05:00Z,KR,cases,1
2468,2020-02-06T04:57:00Z,KR,other,0
2469,2020-02-05T04:36:00Z,KR,other,0
2470,2020-02-05T00:22:00Z,KR,cases,0
2471,2020-02-04T05:02:00Z,KR,other,0
2472,2020-02-04T02:03:00Z,KR,cases,0
2473,2020-02-02T00:57:00Z,KR,cases,1
2474,2020-01-31T05:59:00Z,KR,cases,0
2475,2020-01-31T01:39:00Z,KR,other,0
2476,2020-01-30T08:33:00Z,KR,cases,0
2477,2020-01-30T07:55:00Z,KR,other,0
2478,2020-01-30T03:33:00Z,KR,other,0
2479,2020-01-30T01:39:00Z,KR,other,0
2480,2020-01-30T01:39:00Z,KR,president speech,0
2481,2020-01-27T06:55:00Z,KR,president speech,0
2482,2020-01-27T06:14:00Z,KR,other,0
2483,2020-01-27T02:35:00Z,KR,cases,0
2484,2020-01-20T04:19:00Z,KR,cases,0
2485,2022-02-28T08:47:53Z,JA,cases,1
2486,2022-02-24T08:57:54Z,JA,cases,1
2487,2022-02-21T09:58:01Z,JA,cases,1
2488,2022-02-17T09:23:26Z,JA,cases,1
2489,2022-02-17T08:09:58Z,JA,cases,1
2490,2022-02-15T09:03:45Z,JA,president speech,1
2491,2022-02-15T08:46:55Z,JA,cases,1
2492,2022-02-10T09:30:50Z,JA,cases,1
2493,2022-02-03T10:29:42Z,JA,president speech,1
2494,2022-02-02T08:03:05Z,JA,cases,1
2495,2022-02-01T08:25:01Z,JA,cases,1
2496,2022-01-31T08:10:45Z,JA,cases,1
2497,2022-01-27T08:14:58Z,JA,cases,1
2498,2022-01-25T08:02:48Z,JA,cases,1
2499,2022-01-24T08:30:08Z,JA,cases,1
2500,2022-01-23T08:59:59Z,JA,cases,1
2501,2022-01-20T08:20:12Z,JA,cases,1
2502,2022-01-16T10:36:19Z,JA,cases,0
2503,2022-01-14T13:30:42Z,JA,cases,0
2504,2022-01-13T05:14:55Z,JA,cases,0
2505,2022-01-12T08:35:15Z,JA,cases,1
2506,2022-01-12T07:01:24Z,JA,cases,0
2507,2022-01-11T09:30:38Z,JA,cases,1
2508,2022-01-10T08:41:45Z,JA,cases,1
2509,2022-01-09T08:25:35Z,JA,cases,1
2510,2022-01-07T02:47:32Z,JA,cases,0
2511,2022-01-03T05:42:41Z,JA,cases,0
2512,2021-12-28T08:52:12Z,JA,cases,1
2513,2021-12-27T08:26:54Z,JA,cases,1
2514,2021-12-23T09:06:40Z,JA,cases,1
2515,2021-12-22T09:13:34Z,JA,cases,1
2516,2021-12-21T12:51:55Z,JA,president speech,0
2517,2021-12-21T09:05:01Z,JA,cases,1
2518,2021-12-19T09:10:18Z,JA,cases,1
2519,2021-12-16T09:38:36Z,JA,cases,1
2520,2021-12-15T09:52:03Z,JA,cases,1
2521,2021-12-15T09:31:37Z,JA,cases,1
2522,2021-12-14T01:29:25Z,JA,cases,0
2523,2021-12-13T09:44:44Z,JA,cases,1
2524,2021-12-13T08:30:06Z,JA,cases,1
2525,2021-12-11T08:37:23Z,JA,cases,1
2526,2021-12-10T08:26:54Z,JA,cases,1
2527,2021-12-09T08:41:17Z,JA,cases,1
2528,2021-12-08T05:59:48Z,JA,president speech,0
2529,2021-12-07T09:03:23Z,JA,cases,1
2530,2021-12-03T03:55:17Z,JA,president speech,0
2531,2021-12-02T08:19:50Z,JA,cases,1
2532,2021-11-30T09:07:55Z,JA,cases,1
2533,2021-11-29T11:08:01Z,JA,president speech,0
2534,2021-11-29T11:07:29Z,JA,president speech,0
2535,2021-11-25T08:47:39Z,JA,cases,1
2536,2021-11-19T09:39:25Z,JA,cases,1
2537,2021-11-18T09:10:31Z,JA,cases,1
2538,2021-11-17T08:59:27Z,JA,cases,1
2539,2021-11-16T09:23:54Z,JA,cases,1
2540,2021-11-15T08:07:05Z,JA,cases,1
2541,2021-11-11T09:20:05Z,JA,cases,1
2542,2021-11-09T08:35:29Z,JA,cases,1
2543,2021-11-08T09:36:14Z,JA,cases,1
2544,2021-11-04T09:48:12Z,JA,cases,1
2545,2021-10-28T10:00:11Z,JA,cases,1
2546,2021-10-26T08:52:44Z,JA,cases,1
2547,2021-10-21T09:20:17Z,JA,cases,1
2548,2021-10-20T08:43:22Z,JA,cases,1
2549,2021-10-19T08:30:46Z,JA,cases,1
2550,2021-10-18T11:48:40Z,JA,president speech,0
2551,2021-10-14T08:50:28Z,JA,cases,1
2552,2021-10-12T09:25:01Z,JA,cases,1
2553,2021-10-11T08:44:08Z,JA,cases,1
2554,2021-10-09T08:59:58Z,JA,cases,1
2555,2021-10-08T09:18:32Z,JA,cases,1
2556,2021-10-06T09:01:45Z,JA,cases,1
2557,2021-10-05T09:01:08Z,JA,cases,1
2558,2021-09-29T09:09:58Z,JA,cases,1
2559,2021-09-29T08:16:08Z,JA,president speech,1
2560,2021-09-29T08:06:24Z,JA,president speech,1
2561,2021-09-28T09:53:12Z,JA,president speech,1
2562,2021-09-28T09:38:14Z,JA,cases,1
2563,2021-09-26T10:16:17Z,JA,cases,1
2564,2021-09-25T08:09:22Z,JA,cases,1
2565,2021-09-24T13:29:25Z,JA,cases,0
2566,2021-09-16T08:24:45Z,JA,cases,1
2567,2021-09-15T09:49:11Z,JA,cases,1
2568,2021-09-14T08:37:11Z,JA,cases,1
2569,2021-09-13T08:56:17Z,JA,president speech,1
2570,2021-09-12T09:37:25Z,JA,cases,1
2571,2021-09-09T09:53:38Z,JA,president speech,1
2572,2021-09-08T09:13:08Z,JA,cases,1
2573,2021-09-07T08:54:34Z,JA,cases,1
2574,2021-09-06T08:44:03Z,JA,cases,1
2575,2021-09-04T10:19:47Z,JA,cases,1
2576,2021-09-02T09:16:50Z,JA,cases,1
2577,2021-06-08T00:36:00Z,JA,other,0
2578,2021-06-03T23:42:00Z,JA,other,1
2579,2021-05-20T23:42:00Z,JA,other,1
2580,2021-05-14T00:36:00Z,JA,other,0
2581,2021-05-11T00:38:00Z,JA,other,0
2582,2021-04-30T00:53:00Z,JA,other,0
2583,2021-04-26T23:38:00Z,JA,other,1
2584,2021-04-20T00:35:00Z,JA,other,0
2585,2021-04-15T23:26:00Z,JA,other,0
2586,2021-04-13T00:35:00Z,JA,other,0
2587,2021-03-25T23:40:00Z,JA,other,1
2588,2021-03-23T00:04:00Z,JA,other,0
2589,2021-03-16T00:35:00Z,JA,other,0
2590,2021-03-08T23:40:00Z,JA,other,1
2591,2021-03-02T00:00:00Z,JA,other,1
2592,2021-03-01T00:00:00Z,JA,other,1
2593,2021-02-28T00:00:00Z,JA,other,1
2594,2021-02-27T00:00:00Z,JA,other,1
2595,2021-02-26T00:00:00Z,JA,other,1
2596,2021-02-25T00:00:00Z,JA,other,1
2597,2021-02-24T00:00:00Z,JA,other,1
2598,2021-02-23T00:00:00Z,JA,other,1
2599,2021-02-22T00:00:00Z,JA,other,1
2600,2021-02-21T00:00:00Z,JA,other,1
2601,2021-02-20T00:00:00Z,JA,other,1
2602,2021-02-19T00:00:00Z,JA,other,1
2603,2021-02-18T00:00:00Z,JA,other,1
2604,2021-02-17T00:00:00Z,JA,other,1
2605,2021-02-16T00:00:00Z,JA,other,1
2606,2021-02-15T00:00:00Z,JA,other,1
2607,2021-02-14T00:00:00Z,JA,other,1
2608,2021-02-13T00:00:00Z,JA,other,1
2609,2021-02-12T00:00:00Z,JA,other,1
2610,2021-02-11T00:00:00Z,JA,other,1
2611,2021-02-10T00:00:00Z,JA,other,1
2612,2021-02-09T00:00:00Z,JA,other,1
2613,2021-02-08T00:00:00Z,JA,other,1
2614,2021-02-07T00:00:00Z,JA,other,1
2615,2021-02-06T00:00:00Z,JA,other,1
2616,2021-02-05T00:00:00Z,JA,other,1
2617,2021-02-04T00:00:00Z,JA,other,1
2618,2021-02-03T00:00:00Z,JA,other,1
2619,2021-02-02T00:00:00Z,JA,other,1
2620,2021-02-01T00:00:00Z,JA,other,1
2621,2021-01-31T00:00:00Z,JA,other,1
2622,2021-01-30T00:00:00Z,JA,other,1
2623,2021-01-29T01:52:00Z,JA,other,0
2624,2021-01-22T00:35:00Z,JA,other,0
2625,2021-01-19T01:54:00Z,JA,other,0
2626,2021-01-15T02:02:00Z,JA,other,0
2627,2021-01-08T02:13:00Z,JA,other,0
2628,2020-12-25T12:06:00Z,JA,other,0
2629,2020-12-25T10:00:00Z,JA,other,1
2630,2020-12-25T01:00:00Z,JA,other,0
2631,2020-12-22T00:00:00Z,JA,other,1
2632,2020-12-21T02:40:00Z,JA,other,0
2633,2020-12-11T17:53:00Z,JA,other,0
2634,2020-12-08T02:04:00Z,JA,other,0
2635,2020-12-04T04:04:00Z,JA,other,0
2636,2020-11-20T06:40:00Z,JA,other,0
2637,2020-11-20T06:40:00Z,JA,other,0
2638,2020-11-17T05:39:00Z,JA,other,0
2639,2020-10-27T13:30:00Z,JA,other,0
2640,2020-10-23T04:02:00Z,JA,other,0
2641,2020-10-16T02:07:00Z,JA,other,0
2642,2020-10-09T02:09:00Z,JA,other,0
2643,2020-10-02T02:00:00Z,JA,other,0
2644,2020-09-15T02:26:00Z,JA,other,0
2645,2020-09-11T02:00:00Z,JA,other,0
2646,2020-09-08T01:30:00Z,JA,other,0
2647,2020-09-04T02:02:00Z,JA,other,0
2648,2020-09-01T02:06:00Z,JA,other,0
2649,2020-08-28T09:45:00Z,JA,other,1
2650,2020-08-28T02:16:00Z,JA,other,0
2651,2020-08-25T02:16:00Z,JA,other,0
2652,2020-08-11T02:17:00Z,JA,other,0
2653,2020-08-07T01:35:00Z,JA,other,0
2654,2020-07-07T02:00:00Z,JA,other,0
2655,2020-06-30T02:16:00Z,JA,other,0
2656,2020-06-26T02:28:00Z,JA,other,0
2657,2020-06-23T01:45:00Z,JA,other,0
2658,2020-06-19T02:13:00Z,JA,other,0
2659,2020-06-18T10:04:00Z,JA,other,1
2660,2020-06-17T10:04:00Z,JA,other,1
2661,2020-06-16T10:04:00Z,JA,other,1
2662,2020-06-15T10:04:00Z,JA,other,1
2663,2020-06-14T10:04:00Z,JA,other,1
2664,2020-06-13T10:04:00Z,JA,other,1
2665,2020-06-12T10:04:00Z,JA,other,1
2666,2020-06-11T10:04:00Z,JA,other,1
2667,2020-06-10T10:04:00Z,JA,other,1
2668,2020-06-09T10:04:00Z,JA,other,1
2669,2020-06-08T10:04:00Z,JA,other,1
2670,2020-06-07T10:04:00Z,JA,other,1
2671,2020-06-06T10:04:00Z,JA,other,1
2672,2020-06-05T10:04:00Z,JA,other,1
2673,2020-06-04T10:04:00Z,JA,other,1
2674,2020-06-02T00:00:29Z,JA,live,1
2675,2020-05-29T00:40:29Z,JA,live,0
2676,2020-05-26T01:23:29Z,JA,live,0
2677,2020-05-21T23:20:30Z,JA,live,0
2678,2020-05-19T00:24:29Z,JA,live,0
2679,2020-05-14T23:30:29Z,JA,live,0
2680,2020-05-12T00:10:30Z,JA,live,0
2681,2020-05-07T23:25:30Z,JA,live,0
2682,2020-05-01T00:35:29Z,JA,live,0
2683,2020-04-07T04:46:00Z,JA,other,0
2684,2020-03-31T08:00:00Z,JA,president speech,0
2685,2020-03-24T07:01:00Z,JA,other,0
2686,2020-03-22T18:49:00Z,JA,other,0
2687,2020-03-16T23:35:00Z,JA,live,1
2688,2020-03-14T10:41:00Z,JA,president speech,0
2689,2020-03-13T01:06:00Z,JA,live,0
2690,2020-03-11T05:11:00Z,JA,other,0
2691,2020-03-10T12:02:00Z,JA,other,0
2692,2020-03-10T01:14:00Z,JA,live,0
2693,2020-03-05T23:49:00Z,JA,live,1
2694,2020-02-29T22:40:00Z,JA,live,0
2695,2020-02-27T23:47:00Z,JA,live,1
2696,2020-02-25T06:30:00Z,JA,live,0
2697,2020-02-23T09:30:00Z,JA,live,1
2698,2020-02-07T04:41:00Z,JA,president speech,0
2699,2022-02-28T07:47:57Z,IN,cases,0
2700,2022-02-27T11:42:40Z,IN,cases,0
2701,2022-02-26T07:52:09Z,IN,cases,0
2702,2022-02-25T07:56:43Z,IN,cases,0
2703,2022-02-24T08:30:07Z,IN,cases,0
2704,2022-02-23T08:24:59Z,IN,cases,0
2705,2022-02-22T08:59:30Z,IN,cases,0
2706,2022-02-21T09:58:23Z,IN,cases,0
2707,2022-02-20T08:09:02Z,IN,cases,0
2708,2022-02-19T10:20:11Z,IN,cases,0
2709,2022-02-18T10:58:44Z,IN,cases,0
2710,2022-02-17T09:19:15Z,IN,cases,0
2711,2022-02-16T10:20:17Z,IN,cases,0
2712,2022-02-15T07:51:16Z,IN,cases,0
2713,2022-02-14T09:55:24Z,IN,cases,0
2714,2022-02-13T08:57:35Z,IN,cases,0
2715,2022-02-12T10:20:48Z,IN,cases,0
2716,2022-02-11T11:16:40Z,IN,cases,0
2717,2022-02-10T08:55:57Z,IN,cases,0
2718,2022-02-08T09:48:44Z,IN,cases,0
2719,2022-02-07T10:17:45Z,IN,cases,0
2720,2022-02-06T08:51:14Z,IN,cases,0
2721,2022-02-05T12:06:08Z,IN,cases,0
2722,2022-02-04T11:46:51Z,IN,cases,0
2723,2022-02-03T11:01:33Z,IN,cases,0
2724,2022-01-31T11:57:32Z,IN,cases,0
2725,2022-01-30T10:49:51Z,IN,cases,0
2726,2022-01-29T09:35:52Z,IN,cases,0
2727,2022-01-27T09:58:05Z,IN,cases,0
2728,2022-01-26T08:50:44Z,IN,cases,0
2729,2022-01-25T09:32:54Z,IN,cases,0
2730,2022-01-24T10:30:52Z,IN,cases,0
2731,2022-01-23T09:02:53Z,IN,cases,0
2732,2022-01-22T10:39:10Z,IN,cases,0
2733,2022-01-21T09:50:54Z,IN,cases,0
2734,2022-01-20T09:32:14Z,IN,cases,0
2735,2022-01-19T10:11:11Z,IN,cases,0
2736,2022-01-18T09:06:57Z,IN,cases,0
2737,2022-01-17T10:41:35Z,IN,cases,0
2738,2022-01-16T09:56:39Z,IN,cases,0
2739,2022-01-15T10:41:50Z,IN,cases,0
2740,2022-01-14T08:44:41Z,IN,cases,0
2741,2022-01-13T08:20:19Z,IN,cases,0
2742,2022-01-12T08:46:14Z,IN,cases,0
2743,2022-01-11T08:28:46Z,IN,cases,0
2744,2022-01-10T09:40:46Z,IN,cases,0
2745,2022-01-09T09:05:40Z,IN,cases,0
2746,2022-01-08T11:00:57Z,IN,cases,0
2747,2022-01-07T09:26:37Z,IN,cases,0
2748,2022-01-06T09:42:37Z,IN,cases,0
2749,2022-01-05T07:19:13Z,IN,cases,0
2750,2022-01-04T09:59:50Z,IN,cases,0
2751,2022-01-02T06:53:08Z,IN,cases,1
2752,2022-01-01T07:29:12Z,IN,cases,0
2753,2021-12-31T09:07:54Z,IN,cases,0
2754,2021-12-30T08:36:37Z,IN,cases,0
2755,2021-12-29T09:50:02Z,IN,cases,0
2756,2021-12-27T06:35:00Z,IN,cases,1
2757,2021-12-26T09:25:30Z,IN,cases,0
2758,2021-12-25T09:13:05Z,IN,cases,0
2759,2021-12-24T07:08:07Z,IN,cases,0
2760,2021-12-23T06:44:17Z,IN,cases,1
2761,2021-12-22T07:08:24Z,IN,cases,0
2762,2021-12-21T06:14:10Z,IN,cases,1
2763,2021-12-20T08:03:08Z,IN,cases,0
2764,2021-12-19T05:41:20Z,IN,cases,1
2765,2021-12-18T09:05:14Z,IN,cases,0
2766,2021-12-17T06:56:40Z,IN,cases,1
2767,2021-12-16T07:44:44Z,IN,cases,0
2768,2021-12-15T06:47:29Z,IN,cases,1
2769,2021-12-14T07:17:19Z,IN,cases,0
2770,2021-12-13T06:31:30Z,IN,cases,1
2771,2021-12-12T10:37:11Z,IN,cases,0
2772,2021-12-10T06:15:43Z,IN,cases,1
2773,2021-12-09T06:23:35Z,IN,cases,1
2774,2021-12-08T06:59:30Z,IN,cases,1
2775,2021-12-07T07:59:36Z,IN,cases,0
2776,2021-12-06T07:32:29Z,IN,cases,0
2777,2021-12-05T06:42:15Z,IN,cases,1
2778,2021-12-04T06:48:53Z,IN,cases,1
2779,2021-12-03T06:39:29Z,IN,cases,1
2780,2021-12-02T09:12:53Z,IN,cases,0
2781,2021-12-01T07:23:56Z,IN,cases,0
2782,2021-11-30T07:50:44Z,IN,cases,0
2783,2021-11-29T06:35:17Z,IN,cases,1
2784,2021-11-28T06:34:27Z,IN,cases,1
2785,2021-11-27T08:32:59Z,IN,cases,0
2786,2021-11-26T06:52:07Z,IN,cases,1
2787,2021-11-25T12:56:49Z,IN,cases,0
2788,2021-11-24T05:20:04Z,IN,cases,1
2789,2021-11-23T11:31:25Z,IN,cases,0
2790,2021-11-22T06:20:37Z,IN,cases,1
2791,2021-11-19T10:42:19Z,IN,cases,0
2792,2021-11-18T08:22:46Z,IN,cases,0
2793,2021-11-16T07:28:12Z,IN,cases,0
2794,2021-11-15T10:12:00Z,IN,cases,0
2795,2021-11-13T09:14:39Z,IN,cases,0
2796,2021-11-10T05:35:29Z,IN,cases,1
2797,2021-11-09T08:59:13Z,IN,cases,0
2798,2021-11-08T09:38:49Z,IN,cases,0
2799,2021-11-07T08:12:13Z,IN,cases,0
2800,2021-11-06T04:46:46Z,IN,cases,1
2801,2021-11-05T09:24:57Z,IN,cases,0
2802,2021-11-03T07:29:38Z,IN,cases,0
2803,2021-11-02T06:57:15Z,IN,cases,1
2804,2021-11-01T10:21:06Z,IN,cases,0
2805,2021-10-31T05:54:49Z,IN,cases,1
2806,2021-10-30T06:02:16Z,IN,cases,1
2807,2021-10-29T06:40:07Z,IN,cases,1
2808,2021-10-28T05:50:51Z,IN,cases,1
2809,2021-10-27T05:31:21Z,IN,cases,1
2810,2021-10-26T04:33:13Z,IN,cases,1
2811,2021-10-25T05:00:04Z,IN,cases,1
2812,2021-10-24T05:21:25Z,IN,cases,1
2813,2021-10-23T08:35:55Z,IN,cases,0
2814,2021-10-22T06:09:51Z,IN,cases,1
2815,2021-10-21T06:55:37Z,IN,cases,1
2816,2021-10-20T05:26:06Z,IN,cases,1
2817,2021-10-19T05:37:22Z,IN,cases,1
2818,2021-10-18T07:46:05Z,IN,cases,0
2819,2021-10-17T05:25:39Z,IN,cases,1
2820,2021-10-16T05:49:22Z,IN,cases,1
2821,2021-10-15T05:06:13Z,IN,cases,1
2822,2021-10-14T06:01:38Z,IN,cases,1
2823,2021-10-13T06:36:16Z,IN,cases,1
2824,2021-10-12T05:41:00Z,IN,cases,1
2825,2021-10-11T05:09:20Z,IN,cases,1
2826,2021-10-10T04:49:16Z,IN,cases,1
2827,2021-10-09T04:51:27Z,IN,cases,1
2828,2021-10-08T05:50:14Z,IN,cases,1
2829,2021-10-07T05:46:21Z,IN,cases,1
2830,2021-10-06T05:44:39Z,IN,cases,1
2831,2021-10-05T05:26:02Z,IN,cases,1
2832,2021-10-04T08:02:32Z,IN,cases,0
2833,2021-10-03T04:40:59Z,IN,cases,1
2834,2021-10-02T07:35:29Z,IN,cases,0
2835,2021-10-01T09:07:43Z,IN,cases,0
2836,2021-09-30T05:03:06Z,IN,cases,1
2837,2021-09-29T07:14:11Z,IN,cases,0
2838,2021-09-28T05:09:36Z,IN,cases,1
2839,2021-09-27T06:23:21Z,IN,cases,1
2840,2021-09-26T05:12:16Z,IN,cases,1
2841,2021-09-25T05:19:36Z,IN,cases,1
2842,2021-09-24T05:13:12Z,IN,cases,1
2843,2021-09-23T04:44:13Z,IN,cases,1
2844,2021-09-22T05:21:53Z,IN,cases,1
2845,2021-09-21T04:57:39Z,IN,cases,1
2846,2021-09-20T05:57:16Z,IN,cases,1
2847,2021-09-19T05:15:27Z,IN,cases,1
2848,2021-09-18T05:58:35Z,IN,cases,1
2849,2021-09-17T05:42:21Z,IN,cases,1
2850,2021-09-16T07:13:24Z,IN,cases,0
2851,2021-09-15T06:36:33Z,IN,cases,1
2852,2021-09-14T07:31:57Z,IN,cases,0
2853,2021-09-13T06:12:05Z,IN,cases,1
2854,2021-09-12T05:44:22Z,IN,cases,1
2855,2021-09-11T05:03:08Z,IN,cases,1
2856,2021-09-10T05:36:45Z,IN,cases,1
2857,2021-09-09T05:49:04Z,IN,cases,1
2858,2021-09-08T05:36:24Z,IN,cases,1
2859,2021-09-07T05:25:51Z,IN,cases,1
2860,2021-09-06T05:57:30Z,IN,cases,1
2861,2021-09-05T06:52:36Z,IN,cases,1
2862,2021-09-04T04:24:04Z,IN,cases,1
2863,2021-09-03T05:36:52Z,IN,cases,1
2864,2021-09-02T06:45:37Z,IN,cases,1
2865,2021-09-01T05:15:26Z,IN,cases,1
2866,2021-08-30T06:37:00Z,IN,cases,1
2867,2021-08-29T07:00:00Z,IN,cases,1
2868,2021-08-28T05:38:00Z,IN,cases,1
2869,2021-08-27T06:08:00Z,IN,cases,1
2870,2021-08-26T04:43:00Z,IN,cases,1
2871,2021-08-25T06:20:00Z,IN,cases,1
2872,2021-08-24T06:07:00Z,IN,cases,1
2873,2021-08-23T07:16:00Z,IN,cases,0
2874,2021-08-22T05:58:00Z,IN,cases,1
2875,2021-08-21T04:49:00Z,IN,cases,1
2876,2021-08-20T04:14:00Z,IN,cases,1
2877,2021-08-19T06:06:00Z,IN,cases,1
2878,2021-08-18T05:39:00Z,IN,cases,1
2879,2021-08-17T06:55:00Z,IN,cases,1
2880,2021-08-15T06:16:00Z,IN,cases,1
2881,2021-08-14T06:31:00Z,IN,cases,1
2882,2021-08-13T06:01:00Z,IN,cases,1
2883,2021-08-12T05:28:00Z,IN,cases,1
2884,2021-08-11T05:56:00Z,IN,cases,1
2885,2021-08-10T04:28:00Z,IN,cases,1
2886,2021-08-09T05:36:00Z,IN,cases,1
2887,2021-08-08T06:13:00Z,IN,cases,1
2888,2021-08-07T06:10:00Z,IN,cases,1
2889,2021-08-06T06:35:00Z,IN,cases,1
2890,2021-08-05T06:18:00Z,IN,cases,1
2891,2021-08-04T08:10:00Z,IN,cases,0
2892,2021-08-03T05:39:00Z,IN,cases,1
2893,2021-08-02T05:38:00Z,IN,cases,1
2894,2021-08-01T05:32:00Z,IN,cases,1
2895,2021-07-31T05:31:00Z,IN,cases,1
2896,2021-07-30T06:04:00Z,IN,cases,1
2897,2021-07-29T05:24:00Z,IN,cases,1
2898,2021-07-28T05:58:00Z,IN,cases,1
2899,2021-07-27T05:58:00Z,IN,cases,1
2900,2021-07-25T04:50:00Z,IN,cases,1
2901,2021-07-24T05:38:00Z,IN,cases,1
2902,2021-07-23T08:36:00Z,IN,cases,0
2903,2021-07-22T06:31:00Z,IN,cases,1
2904,2021-07-21T09:36:00Z,IN,cases,0
2905,2021-07-20T09:52:00Z,IN,cases,0
2906,2021-07-19T05:40:00Z,IN,cases,1
2907,2021-07-18T05:12:00Z,IN,cases,1
2908,2021-07-17T05:31:00Z,IN,cases,1
2909,2021-07-16T04:09:00Z,IN,cases,1
2910,2021-07-15T05:01:00Z,IN,cases,1
2911,2021-07-13T05:53:00Z,IN,cases,1
2912,2021-07-12T05:25:00Z,IN,cases,1
2913,2021-07-11T05:34:00Z,IN,cases,1
2914,2021-07-07T04:35:00Z,IN,cases,1
2915,2021-07-06T04:33:00Z,IN,cases,1
2916,2021-07-05T04:13:00Z,IN,cases,1
2917,2021-07-04T04:32:00Z,IN,cases,1
2918,2021-07-03T05:30:00Z,IN,cases,1
2919,2021-07-02T04:46:00Z,IN,cases,1
2920,2021-07-01T06:16:00Z,IN,cases,1
2921,2021-06-29T04:45:00Z,IN,cases,1
2922,2021-06-28T05:28:00Z,IN,cases,1
2923,2021-06-27T05:34:00Z,IN,cases,1
2924,2021-06-26T05:55:00Z,IN,cases,1
2925,2021-06-24T05:11:00Z,IN,cases,1
2926,2021-06-23T04:28:00Z,IN,cases,1
2927,2021-06-17T05:37:00Z,IN,cases,1
2928,2021-06-16T04:14:00Z,IN,cases,1
2929,2021-06-15T05:30:00Z,IN,cases,1
2930,2021-06-14T04:28:00Z,IN,cases,1
2931,2021-06-13T05:52:00Z,IN,cases,1
2932,2021-06-12T05:37:00Z,IN,cases,1
2933,2021-06-11T05:38:00Z,IN,cases,1
2934,2021-06-08T04:14:00Z,IN,cases,1
2935,2021-06-07T04:01:00Z,IN,cases,1
2936,2021-06-06T06:06:00Z,IN,cases,1
2937,2021-06-05T05:41:00Z,IN,cases,1
2938,2021-06-04T05:50:00Z,IN,cases,1
2939,2021-06-03T05:02:00Z,IN,cases,1
2940,2021-06-02T05:12:00Z,IN,cases,1
2941,2021-06-01T04:25:00Z,IN,cases,1
2942,2021-05-29T05:48:00Z,IN,cases,1
2943,2021-05-28T05:49:00Z,IN,cases,1
2944,2021-05-27T05:27:00Z,IN,cases,1
2945,2021-05-26T05:03:00Z,IN,cases,1
2946,2021-05-25T04:37:00Z,IN,cases,1
2947,2021-05-24T04:21:00Z,IN,cases,1
2948,2021-05-23T04:44:00Z,IN,cases,1
2949,2021-05-15T07:49:00Z,IN,cases,0
2950,2021-05-14T06:35:00Z,IN,cases,1
2951,2021-05-13T07:22:00Z,IN,cases,0
2952,2021-05-12T05:27:00Z,IN,cases,1
2953,2021-05-11T05:19:00Z,IN,cases,1
2954,2021-05-10T05:30:00Z,IN,cases,1
2955,2021-05-09T05:48:00Z,IN,cases,1
2956,2021-05-09T05:48:00Z,IN,cases,1
2957,2021-05-08T05:44:00Z,IN,cases,1
2958,2021-05-07T06:04:00Z,IN,cases,1
2959,2021-05-06T06:41:00Z,IN,cases,1
2960,2021-05-05T05:14:00Z,IN,cases,1
2961,2021-05-04T05:54:00Z,IN,cases,1
2962,2021-05-03T05:12:00Z,IN,cases,1
2963,2021-04-30T05:22:00Z,IN,cases,1
2964,2021-04-29T05:37:00Z,IN,cases,1
2965,2021-04-28T04:58:00Z,IN,cases,1
2966,2021-04-27T06:50:00Z,IN,cases,1
2967,2021-04-26T04:41:00Z,IN,cases,1
2968,2021-04-25T04:31:00Z,IN,cases,1
2969,2021-04-24T05:11:00Z,IN,cases,1
2970,2021-04-20T06:09:00Z,IN,cases,1
2971,2021-04-19T04:51:00Z,IN,cases,1
2972,2021-04-18T04:41:00Z,IN,cases,1
2973,2021-04-17T06:52:00Z,IN,cases,1
2974,2021-04-16T08:12:00Z,IN,cases,0
2975,2021-04-15T06:17:00Z,IN,cases,1
2976,2021-04-14T05:52:00Z,IN,cases,1
2977,2021-04-11T07:04:00Z,IN,cases,0
2978,2021-04-10T05:32:00Z,IN,cases,1
2979,2021-04-09T05:57:00Z,IN,cases,1
2980,2021-04-08T04:40:00Z,IN,other,1
2981,2021-04-07T05:03:00Z,IN,cases,1
2982,2021-04-06T04:57:00Z,IN,cases,1
2983,2021-04-05T04:58:00Z,IN,cases,1
2984,2021-04-03T04:48:00Z,IN,cases,1
2985,2021-04-02T05:10:00Z,IN,cases,1
2986,2021-04-01T05:14:00Z,IN,cases,1
2987,2021-03-31T04:48:00Z,IN,cases,1
2988,2021-03-30T05:06:00Z,IN,cases,1
2989,2021-03-29T10:30:00Z,IN,other,0
2990,2021-03-29T06:30:00Z,IN,cases,1
2991,2021-03-28T05:00:00Z,IN,cases,1
2992,2021-03-25T07:02:00Z,IN,cases,0
2993,2021-03-24T04:29:00Z,IN,cases,1
2994,2021-03-23T05:58:00Z,IN,cases,1
2995,2021-03-22T04:58:00Z,IN,cases,1
2996,2021-03-21T04:31:00Z,IN,cases,1
2997,2021-03-20T05:00:00Z,IN,cases,1
2998,2021-03-19T04:37:00Z,IN,cases,1
2999,2021-03-17T04:31:00Z,IN,cases,1
3000,2021-03-16T05:16:00Z,IN,cases,1
3001,2021-03-15T04:57:00Z,IN,cases,1
3002,2021-03-14T05:51:00Z,IN,cases,1
3003,2021-03-13T04:46:00Z,IN,cases,1
3004,2021-03-12T04:42:00Z,IN,cases,1
3005,2021-03-11T04:38:00Z,IN,cases,1
3006,2021-03-09T04:59:00Z,IN,cases,1
3007,2021-03-08T04:44:00Z,IN,cases,1
3008,2021-03-07T04:56:00Z,IN,cases,1
3009,2021-03-06T04:47:00Z,IN,cases,1
3010,2021-03-05T05:16:00Z,IN,cases,1
3011,2021-03-04T04:44:00Z,IN,cases,1
3012,2021-03-03T05:27:00Z,IN,cases,1
3013,2021-03-02T05:50:00Z,IN,other,1
3014,2021-03-02T05:29:00Z,IN,cases,1
3015,2021-03-02T05:14:00Z,IN,cases,1
3016,2021-03-02T04:34:00Z,IN,cases,1
3017,2021-03-02T03:54:00Z,IN,other,0
3018,2021-03-01T06:42:00Z,IN,other,1
3019,2021-03-01T06:38:00Z,IN,other,1
3020,2021-03-01T06:00:00Z,IN,cases,1
3021,2021-03-01T05:22:00Z,IN,other,1
3022,2021-03-01T04:59:00Z,IN,cases,1
3023,2021-03-01T04:43:00Z,IN,cases,1
3024,2021-02-28T06:29:00Z,IN,cases,1
3025,2021-02-28T05:46:00Z,IN,cases,1
3026,2021-02-28T05:28:00Z,IN,other,1
3027,2021-02-28T05:12:00Z,IN,cases,1
3028,2021-02-28T04:32:00Z,IN,other,1
3029,2021-02-27T08:23:00Z,IN,other,0
3030,2021-02-27T07:25:00Z,IN,other,0
3031,2021-02-27T06:53:00Z,IN,cases,1
3032,2021-02-27T06:19:00Z,IN,cases,1
3033,2021-02-27T05:42:00Z,IN,cases,1
3034,2021-02-26T06:39:00Z,IN,cases,1
3035,2021-02-26T05:58:00Z,IN,other,1
3036,2021-02-26T05:20:00Z,IN,cases,1
3037,2021-02-26T04:45:00Z,IN,cases,1
3038,2021-02-26T04:00:00Z,IN,other,0
3039,2021-02-25T08:24:00Z,IN,other,0
3040,2021-02-25T07:02:00Z,IN,other,0
3041,2021-02-25T06:29:00Z,IN,cases,1
3042,2021-02-25T05:51:00Z,IN,cases,1
3043,2021-02-25T04:45:00Z,IN,cases,1
3044,2021-02-24T08:30:00Z,IN,other,0
3045,2021-02-24T07:36:00Z,IN,cases,0
3046,2021-02-24T05:48:00Z,IN,cases,1
3047,2021-02-24T04:40:00Z,IN,other,1
3048,2021-02-22T06:32:00Z,IN,cases,1
3049,2021-02-22T06:18:00Z,IN,cases,1
3050,2021-02-22T05:33:00Z,IN,cases,1
3051,2021-02-22T05:13:00Z,IN,other,1
3052,2021-02-22T04:36:00Z,IN,other,1
3053,2021-02-21T10:12:00Z,IN,other,0
3054,2021-02-21T09:05:00Z,IN,other,0
3055,2021-02-21T06:52:00Z,IN,cases,1
3056,2021-02-21T06:23:00Z,IN,cases,1
3057,2021-02-21T05:42:00Z,IN,cases,1
3058,2021-02-20T09:11:00Z,IN,other,0
3059,2021-02-20T07:50:00Z,IN,other,0
3060,2021-02-20T07:09:00Z,IN,cases,0
3061,2021-02-20T06:28:00Z,IN,cases,1
3062,2021-02-20T05:45:00Z,IN,cases,1
3063,2021-02-19T05:49:00Z,IN,other,1
3064,2021-02-19T05:37:00Z,IN,other,1
3065,2021-02-19T05:21:00Z,IN,cases,1
3066,2021-02-19T05:05:00Z,IN,cases,1
3067,2021-02-19T04:19:00Z,IN,cases,1
3068,2021-02-18T08:53:00Z,IN,other,0
3069,2021-02-18T08:21:00Z,IN,other,0
3070,2021-02-18T05:10:00Z,IN,cases,1
3071,2021-02-17T09:24:00Z,IN,other,0
3072,2021-02-17T08:10:00Z,IN,other,0
3073,2021-02-17T05:04:00Z,IN,cases,1
3074,2021-02-16T05:49:00Z,IN,cases,1
3075,2021-02-16T05:32:00Z,IN,cases,1
3076,2021-02-16T05:13:00Z,IN,cases,1
3077,2021-02-16T04:53:00Z,IN,other,1
3078,2021-02-16T04:06:00Z,IN,other,1
3079,2021-02-15T05:53:00Z,IN,other,1
3080,2021-02-15T05:31:00Z,IN,other,1
3081,2021-02-15T05:10:00Z,IN,cases,1
3082,2021-02-15T04:47:00Z,IN,cases,1
3083,2021-02-15T04:29:00Z,IN,cases,1
3084,2021-02-14T05:59:00Z,IN,other,1
3085,2021-02-14T05:47:00Z,IN,cases,1
3086,2021-02-14T05:29:00Z,IN,cases,1
3087,2021-02-14T05:09:00Z,IN,other,1
3088,2021-02-14T04:36:00Z,IN,cases,1
3089,2021-02-13T07:51:00Z,IN,cases,0
3090,2021-02-13T07:07:00Z,IN,cases,0
3091,2021-02-13T06:33:00Z,IN,other,1
3092,2021-02-13T05:06:00Z,IN,cases,1
3093,2021-02-12T07:07:00Z,IN,cases,0
3094,2021-02-12T06:40:00Z,IN,cases,1
3095,2021-02-12T06:20:00Z,IN,cases,1
3096,2021-02-12T05:01:00Z,IN,other,1
3097,2021-02-11T07:34:00Z,IN,cases,0
3098,2021-02-11T05:41:00Z,IN,other,1
3099,2021-02-11T05:09:00Z,IN,other,1
3100,2021-02-11T04:50:00Z,IN,cases,1
3101,2021-02-11T04:30:00Z,IN,cases,1
3102,2021-02-10T10:30:00Z,IN,other,0
3103,2021-02-10T08:17:00Z,IN,other,0
3104,2021-02-10T07:43:00Z,IN,cases,0
3105,2021-02-10T06:05:00Z,IN,cases,1
3106,2021-02-10T05:35:00Z,IN,cases,1
3107,2021-02-07T09:20:00Z,IN,other,0
3108,2021-02-07T08:06:00Z,IN,cases,0
3109,2021-02-07T07:32:00Z,IN,other,0
3110,2021-02-07T05:59:00Z,IN,cases,1
3111,2021-02-07T05:30:00Z,IN,cases,1
3112,2021-02-06T06:40:00Z,IN,cases,1
3113,2021-02-06T06:21:00Z,IN,cases,1
3114,2021-02-06T06:09:00Z,IN,cases,1
3115,2021-02-06T05:53:00Z,IN,other,1
3116,2021-02-06T05:29:00Z,IN,other,1
3117,2021-02-05T05:51:00Z,IN,other,1
3118,2021-02-05T05:36:00Z,IN,cases,1
3119,2021-02-05T05:17:00Z,IN,cases,1
3120,2021-02-05T04:55:00Z,IN,cases,1
3121,2021-02-05T04:03:00Z,IN,other,1
3122,2021-02-04T08:27:00Z,IN,other,0
3123,2021-02-04T07:22:00Z,IN,cases,0
3124,2021-02-04T06:01:00Z,IN,cases,1
3125,2021-02-04T04:19:00Z,IN,other,1
3126,2021-02-03T10:24:00Z,IN,other,0
3127,2021-02-03T08:16:00Z,IN,other,0
3128,2021-02-03T06:49:00Z,IN,cases,1
3129,2021-02-03T05:40:00Z,IN,cases,1
3130,2021-02-03T05:07:00Z,IN,cases,1
3131,2021-02-03T05:04:00Z,IN,other,1
3132,2021-02-02T08:43:00Z,IN,cases,0
3133,2021-02-02T07:09:00Z,IN,cases,0
3134,2021-02-02T06:13:00Z,IN,cases,1
3135,2021-02-02T05:38:00Z,IN,other,1
3136,2021-02-02T04:58:00Z,IN,other,1
3137,2021-02-01T08:42:00Z,IN,cases,0
3138,2021-02-01T07:31:00Z,IN,cases,0
3139,2021-02-01T05:47:00Z,IN,cases,1
3140,2021-02-01T04:59:00Z,IN,other,1
3141,2021-02-01T04:01:00Z,IN,other,1
3142,2021-01-30T05:37:00Z,IN,cases,1
3143,2021-01-29T05:51:00Z,IN,cases,1
3144,2021-01-28T05:38:00Z,IN,cases,1
3145,2021-01-27T08:24:00Z,IN,cases,0
3146,2021-01-26T06:13:00Z,IN,cases,1
3147,2021-01-25T05:16:00Z,IN,cases,1
3148,2021-01-24T04:30:00Z,IN,cases,1
3149,2021-01-22T05:02:00Z,IN,cases,1
3150,2021-01-21T05:44:00Z,IN,cases,1
3151,2021-01-20T05:54:00Z,IN,cases,1
3152,2021-01-19T05:26:00Z,IN,cases,1
3153,2021-01-18T05:19:00Z,IN,cases,1
3154,2021-01-17T05:07:00Z,IN,cases,1
3155,2021-01-16T06:33:00Z,IN,cases,1
3156,2021-01-14T05:06:00Z,IN,cases,1
3157,2021-01-13T05:24:00Z,IN,cases,1
3158,2021-01-12T05:35:00Z,IN,cases,1
3159,2021-01-11T05:25:00Z,IN,cases,1
3160,2021-01-10T06:30:00Z,IN,cases,1
3161,2021-01-09T05:43:00Z,IN,cases,1
3162,2021-01-08T05:24:00Z,IN,cases,1
3163,2021-01-07T05:06:00Z,IN,cases,1
3164,2021-01-06T04:41:00Z,IN,cases,1
3165,2021-01-05T05:54:00Z,IN,cases,1
3166,2021-01-04T04:41:00Z,IN,cases,1
3167,2021-01-03T07:27:00Z,IN,cases,0
3168,2021-01-02T04:53:00Z,IN,cases,1
3169,2021-01-01T07:05:00Z,IN,other,0
3170,2020-12-31T07:12:00Z,IN,other,0
3171,2020-12-30T07:48:00Z,IN,cases,0
3172,2020-12-29T04:50:00Z,IN,cases,1
3173,2020-12-28T04:59:00Z,IN,cases,1
3174,2020-12-27T04:55:00Z,IN,cases,1
3175,2020-12-26T05:05:00Z,IN,cases,1
3176,2020-12-25T05:00:00Z,IN,cases,1
3177,2020-12-24T07:16:00Z,IN,other,0
3178,2020-12-24T06:09:00Z,IN,cases,1
3179,2020-12-24T05:39:00Z,IN,other,1
3180,2020-12-24T04:52:00Z,IN,cases,1
3181,2020-12-23T04:44:00Z,IN,cases,1
3182,2020-12-22T05:51:00Z,IN,cases,1
3183,2020-12-21T04:50:00Z,IN,cases,1
3184,2020-12-20T05:50:00Z,IN,cases,1
3185,2020-12-19T04:14:00Z,IN,cases,1
3186,2020-12-19T04:14:00Z,IN,cases,1
3187,2020-12-18T05:17:00Z,IN,cases,1
3188,2020-12-17T05:31:00Z,IN,cases,1
3189,2020-12-16T05:31:00Z,IN,cases,1
3190,2020-12-15T04:48:00Z,IN,cases,1
3191,2020-12-14T06:06:00Z,IN,cases,1
3192,2020-12-13T07:16:00Z,IN,cases,0
3193,2020-12-12T05:47:00Z,IN,cases,1
3194,2020-12-11T08:08:00Z,IN,cases,0
3195,2020-12-10T04:39:00Z,IN,cases,1
3196,2020-12-09T07:07:00Z,IN,other,0
3197,2020-12-09T05:50:00Z,IN,cases,1
3198,2020-12-08T05:05:00Z,IN,cases,1
3199,2020-12-07T13:17:00Z,IN,cases,0
3200,2020-12-06T04:50:00Z,IN,cases,1
3201,2020-12-05T04:14:00Z,IN,cases,1
3202,2020-12-05T04:14:00Z,IN,cases,1
3203,2020-12-04T05:17:00Z,IN,cases,1
3204,2020-12-04T04:15:00Z,IN,cases,1
3205,2020-12-03T05:31:00Z,IN,cases,1
3206,2020-12-03T05:31:00Z,IN,cases,1
3207,2020-12-02T05:13:00Z,IN,cases,1
3208,2020-12-02T05:13:00Z,IN,cases,1
3209,2020-12-01T05:21:00Z,IN,cases,1
3210,2020-12-01T05:21:00Z,IN,cases,1
3211,2020-11-30T05:27:00Z,IN,cases,1
3212,2020-11-30T05:27:00Z,IN,cases,1
3213,2020-11-29T05:00:00Z,IN,cases,1
3214,2020-11-29T05:00:00Z,IN,cases,1
3215,2020-11-29T04:20:00Z,IN,cases,1
3216,2020-11-28T05:02:00Z,IN,cases,1
3217,2020-11-28T05:02:00Z,IN,cases,1
3218,2020-11-27T05:41:00Z,IN,cases,1
3219,2020-11-27T05:41:00Z,IN,cases,1
3220,2020-11-26T05:30:00Z,IN,cases,1
3221,2020-11-26T05:30:00Z,IN,cases,1
3222,2020-11-25T05:17:00Z,IN,cases,1
3223,2020-11-25T05:17:00Z,IN,cases,1
3224,2020-11-25T04:44:00Z,IN,cases,1
3225,2020-11-24T05:20:00Z,IN,cases,1
3226,2020-11-23T05:14:00Z,IN,cases,1
3227,2020-11-22T04:54:00Z,IN,cases,1
3228,2020-11-21T05:14:00Z,IN,cases,1
3229,2020-11-20T06:49:00Z,IN,cases,1
3230,2020-11-19T06:00:00Z,IN,cases,1
3231,2020-11-18T04:57:00Z,IN,cases,1
3232,2020-11-17T04:49:00Z,IN,cases,1
3233,2020-11-17T04:30:00Z,IN,cases,1
3234,2020-11-14T05:04:00Z,IN,cases,1
3235,2020-11-13T04:36:00Z,IN,cases,1
3236,2020-11-12T05:53:00Z,IN,cases,1
3237,2020-11-11T06:12:00Z,IN,cases,1
3238,2020-11-10T05:33:00Z,IN,cases,1
3239,2020-11-09T05:13:00Z,IN,cases,1
3240,2020-11-08T05:36:00Z,IN,cases,1
3241,2020-11-07T05:00:00Z,IN,cases,1
3242,2020-11-06T04:59:00Z,IN,cases,1
3243,2020-11-05T04:53:00Z,IN,cases,1
3244,2020-11-04T04:44:00Z,IN,cases,1
3245,2020-11-03T04:24:00Z,IN,cases,1
3246,2020-11-02T04:56:00Z,IN,cases,1
3247,2020-11-01T06:16:00Z,IN,cases,1
3248,2020-10-31T05:19:00Z,IN,cases,1
3249,2020-10-30T05:25:00Z,IN,cases,1
3250,2020-10-29T06:12:00Z,IN,cases,1
3251,2020-10-28T08:21:00Z,IN,cases,0
3252,2020-10-27T06:17:00Z,IN,cases,1
3253,2020-10-26T05:59:00Z,IN,cases,1
3254,2020-10-25T06:16:00Z,IN,cases,1
3255,2020-10-24T05:13:00Z,IN,cases,1
3256,2020-09-26T05:30:00Z,IN,cases,1
3257,2020-09-25T05:36:00Z,IN,cases,1
3258,2020-09-24T05:08:00Z,IN,cases,1
3259,2020-09-23T05:29:00Z,IN,cases,1
3260,2020-09-22T05:26:00Z,IN,cases,1
3261,2020-09-21T05:24:00Z,IN,cases,1
3262,2020-09-20T05:10:00Z,IN,cases,1
3263,2020-09-16T05:17:00Z,IN,cases,1
3264,2020-09-15T05:36:00Z,IN,cases,1
3265,2020-09-14T05:15:00Z,IN,cases,1
3266,2020-09-13T05:52:00Z,IN,cases,1
3267,2020-09-12T04:50:00Z,IN,cases,1
3268,2020-09-11T05:11:00Z,IN,cases,1
3269,2020-09-10T05:14:00Z,IN,cases,1
3270,2020-09-09T04:52:00Z,IN,cases,1
3271,2020-09-08T04:41:00Z,IN,cases,1
3272,2020-09-06T04:50:00Z,IN,cases,1
3273,2020-09-05T04:51:00Z,IN,cases,1
3274,2020-09-04T06:04:00Z,IN,cases,1
3275,2020-09-03T04:33:00Z,IN,cases,1
3276,2020-09-02T05:01:00Z,IN,cases,1
3277,2020-09-01T06:37:00Z,IN,cases,1
3278,2020-08-31T07:02:00Z,IN,cases,0
3279,2020-08-30T05:29:00Z,IN,cases,1
3280,2020-08-29T04:22:00Z,IN,cases,1
3281,2020-08-28T04:52:00Z,IN,cases,1
3282,2020-08-27T05:40:00Z,IN,cases,1
3283,2020-08-26T05:12:00Z,IN,cases,1
3284,2020-08-25T05:35:00Z,IN,cases,1
3285,2020-08-24T04:31:00Z,IN,cases,1
3286,2020-08-23T04:30:00Z,IN,cases,1
3287,2020-08-22T10:24:00Z,IN,cases,0
3288,2020-08-21T04:03:00Z,IN,cases,1
3289,2020-08-20T06:32:00Z,IN,cases,1
3290,2020-08-19T05:02:00Z,IN,cases,1
3291,2020-08-18T07:00:00Z,IN,cases,1
3292,2020-08-17T05:09:00Z,IN,cases,1
3293,2020-08-16T06:01:00Z,IN,cases,1
3294,2020-08-15T06:10:00Z,IN,cases,1
3295,2020-08-14T05:07:00Z,IN,cases,1
3296,2020-08-13T06:49:00Z,IN,cases,1
3297,2020-08-12T05:15:00Z,IN,cases,1
3298,2020-08-11T05:31:00Z,IN,cases,1
3299,2020-08-10T04:56:00Z,IN,cases,1
3300,2020-08-09T06:50:00Z,IN,cases,1
3301,2020-08-08T06:26:00Z,IN,cases,1
3302,2020-08-07T05:51:00Z,IN,cases,1
3303,2020-08-04T04:59:00Z,IN,cases,1
3304,2020-08-03T05:21:00Z,IN,cases,1
3305,2020-08-02T05:13:00Z,IN,cases,1
3306,2020-08-01T10:36:00Z,IN,cases,0
3307,2020-07-31T04:42:00Z,IN,cases,1
3308,2020-07-30T05:21:00Z,IN,cases,1
3309,2020-07-29T05:42:00Z,IN,cases,1
3310,2020-07-28T11:53:00Z,IN,cases,0
3311,2020-07-27T06:09:00Z,IN,cases,1
3312,2020-07-26T04:42:00Z,IN,cases,1
3313,2020-07-25T06:32:00Z,IN,cases,1
3314,2020-07-24T05:07:00Z,IN,cases,1
3315,2020-07-23T04:27:00Z,IN,cases,1
3316,2020-07-22T04:17:00Z,IN,cases,1
3317,2020-07-21T04:28:00Z,IN,cases,1
3318,2020-07-21T04:11:00Z,IN,cases,1
3319,2020-07-20T04:23:00Z,IN,cases,1
3320,2020-07-19T04:26:00Z,IN,cases,1
3321,2020-07-18T04:11:00Z,IN,cases,1
3322,2020-07-17T04:38:00Z,IN,cases,1
3323,2020-07-09T04:24:00Z,IN,cases,1
3324,2020-07-07T04:24:00Z,IN,cases,1
3325,2020-07-06T04:44:00Z,IN,cases,1
3326,2020-07-05T04:51:00Z,IN,cases,1
3327,2020-07-04T04:59:00Z,IN,cases,1
3328,2020-07-03T04:10:00Z,IN,cases,1
3329,2020-07-02T04:22:00Z,IN,cases,1
3330,2020-07-01T04:46:00Z,IN,cases,1
3331,2020-06-30T04:19:00Z,IN,cases,1
3332,2020-06-29T04:08:00Z,IN,cases,1
3333,2020-06-28T04:27:00Z,IN,cases,1
3334,2020-06-27T04:13:00Z,IN,cases,1
3335,2020-06-26T04:21:00Z,IN,cases,1
3336,2020-06-25T04:03:00Z,IN,cases,1
3337,2020-06-24T04:06:00Z,IN,cases,1
3338,2020-06-23T04:15:00Z,IN,cases,1
3339,2020-06-22T04:15:00Z,IN,cases,1
3340,2020-06-21T05:14:00Z,IN,cases,1
3341,2020-06-20T04:21:00Z,IN,cases,1
3342,2020-06-19T04:25:00Z,IN,cases,1
3343,2020-06-18T11:26:00Z,IN,cases,0
3344,2020-06-18T04:07:00Z,IN,cases,1
3345,2020-06-18T04:07:00Z,IN,cases,1
3346,2020-06-17T13:04:00Z,IN,cases,0
3347,2020-06-17T04:27:00Z,IN,cases,1
3348,2020-06-16T13:28:00Z,IN,other,0
3349,2020-06-16T13:03:00Z,IN,cases,0
3350,2020-06-16T04:23:00Z,IN,cases,1
3351,2020-06-15T12:24:00Z,IN,cases,0
3352,2020-06-15T04:20:00Z,IN,cases,1
3353,2020-06-14T11:17:00Z,IN,cases,0
3354,2020-06-14T04:40:00Z,IN,cases,1
3355,2020-06-13T13:52:00Z,IN,other,0
3356,2020-06-13T12:26:53Z,IN,other,0
3357,2020-06-13T04:05:00Z,IN,cases,1
3358,2020-06-12T11:18:00Z,IN,other,0
3359,2020-06-12T09:48:00Z,IN,cases,0
3360,2020-06-12T04:26:00Z,IN,cases,1
3361,2020-06-11T13:47:43Z,IN,cases,0
3362,2020-06-11T10:32:00Z,IN,other,0
3363,2020-06-11T04:19:00Z,IN,cases,1
3364,2020-06-10T13:04:00Z,IN,cases,0
3365,2020-06-10T11:23:14Z,IN,cases,0
3366,2020-06-10T04:33:00Z,IN,cases,1
3367,2020-06-09T12:29:00Z,IN,other,0
3368,2020-06-09T11:11:26Z,IN,cases,0
3369,2020-06-09T09:54:00Z,IN,cases,0
3370,2020-06-09T04:18:00Z,IN,cases,1
3371,2020-06-08T04:57:00Z,IN,cases,1
3372,2020-06-07T09:52:00Z,IN,other,0
3373,2020-06-07T05:34:38Z,IN,cases,1
3374,2020-06-07T04:28:00Z,IN,cases,1
3375,2020-06-06T09:15:00Z,IN,other,0
3376,2020-06-06T09:08:25Z,IN,cases,0
3377,2020-06-06T04:07:00Z,IN,cases,1
3378,2020-06-05T09:39:51Z,IN,cases,0
3379,2020-06-05T04:19:00Z,IN,cases,1
3380,2020-06-04T12:06:00Z,IN,cases,0
3381,2020-06-04T11:50:05Z,IN,cases,0
3382,2020-06-04T04:32:00Z,IN,cases,1
3383,2020-06-01T10:15:00Z,IN,cases,0
3384,2020-05-30T13:14:13Z,IN,other,0
3385,2020-05-01T10:47:00Z,IN,cases,0
3386,2020-04-30T10:53:00Z,IN,cases,0
3387,2020-04-28T11:09:00Z,IN,cases,0
3388,2020-04-27T10:41:00Z,IN,cases,0
3389,2020-04-26T12:07:00Z,IN,other,0
3390,2020-04-25T14:01:00Z,IN,cases,0
3391,2020-04-23T10:53:00Z,IN,cases,0
3392,2020-04-21T11:37:00Z,IN,cases,0
3393,2020-04-20T10:59:00Z,IN,cases,0
3394,2020-04-19T10:53:00Z,IN,cases,0
3395,2020-04-18T11:03:00Z,IN,cases,0
3396,2020-04-18T10:52:00Z,IN,cases,0
3397,2020-04-17T12:45:00Z,IN,cases,0
3398,2020-04-17T10:45:00Z,IN,cases,0
3399,2020-04-16T13:00:00Z,IN,cases,0
3400,2020-04-15T11:44:00Z,IN,cases,0
3401,2020-04-14T11:05:00Z,IN,cases,0
3402,2020-04-13T11:47:00Z,IN,cases,0
3403,2020-04-13T11:16:00Z,IN,cases,0
3404,2020-04-12T10:59:00Z,IN,cases,0
3405,2020-04-11T14:42:00Z,IN,cases,0
3406,2020-04-11T12:44:00Z,IN,cases,0
3407,2020-04-11T11:02:00Z,IN,cases,0
3408,2020-04-10T15:11:00Z,IN,cases,0
3409,2020-04-10T11:20:00Z,IN,cases,0
3410,2020-04-09T12:06:00Z,IN,cases,0
3411,2020-04-09T11:36:00Z,IN,other,0
3412,2020-04-09T10:35:00Z,IN,live,0
3413,2020-04-07T13:39:00Z,IN,cases,0
3414,2020-04-07T11:08:00Z,IN,cases,0
3415,2020-04-07T10:33:00Z,IN,cases,0
3416,2020-04-06T11:07:00Z,IN,cases,0
3417,2020-04-06T10:51:00Z,IN,cases,0
3418,2020-04-05T13:55:00Z,IN,cases,0
3419,2020-04-05T10:39:00Z,IN,cases,0
3420,2020-04-05T10:35:00Z,IN,cases,0
3421,2020-04-05T05:24:00Z,IN,cases,1
3422,2020-04-04T14:36:00Z,IN,cases,0
3423,2020-04-04T11:11:00Z,IN,cases,0
3424,2020-04-03T11:13:00Z,IN,cases,0
3425,2020-04-02T11:18:00Z,IN,cases,0
3426,2020-04-01T11:25:00Z,IN,cases,0
3427,2020-03-31T16:45:00Z,IN,cases,0
3428,2020-03-31T14:38:00Z,IN,cases,0
3429,2020-03-30T12:17:00Z,IN,cases,0
3430,2020-03-27T16:12:00Z,IN,cases,0
3431,2020-03-25T08:44:00Z,IN,cases,0
3432,2020-03-24T16:57:00Z,IN,other,0
3433,2020-03-23T11:09:00Z,IN,cases,0
3434,2020-03-22T10:49:00Z,IN,cases,0
3435,2020-03-22T10:14:00Z,IN,cases,0
3436,2020-03-21T20:43:00Z,IN,cases,0
3437,2020-03-20T13:09:00Z,IN,cases,0
3438,2020-03-19T14:28:00Z,IN,cases,0
3439,2020-03-18T12:16:00Z,IN,other,0
3440,2020-03-18T07:55:00Z,IN,cases,0
3441,2020-03-16T14:30:00Z,IN,cases,0
3442,2020-03-16T13:13:00Z,IN,other,0
3443,2020-03-15T18:59:00Z,IN,other,0
3444,2020-03-15T18:19:00Z,IN,other,0
3445,2020-03-15T12:36:00Z,IN,cases,0
3446,2020-03-15T06:38:00Z,IN,other,1
3447,2020-03-12T11:15:00Z,IN,cases,0
3448,2020-03-11T13:10:00Z,IN,cases,0
3449,2020-03-07T14:43:00Z,IN,cases,0
3450,2020-03-06T08:16:00Z,IN,other,0
3451,2020-03-05T14:03:00Z,IN,cases,0
3452,2020-03-05T12:40:00Z,IN,cases,0
3453,2020-03-04T10:58:00Z,IN,cases,0
3454,2020-03-03T09:42:00Z,IN,cases,0
3455,2020-03-02T13:42:00Z,IN,cases,0
3456,2020-02-28T06:32:00Z,IN,other,1
3457,2020-02-11T12:17:00Z,IN,cases,0
3458,2022-02-28T22:52:29Z,CO,cases,1
3459,2022-02-27T21:57:14Z,CO,cases,1
3460,2022-02-26T21:40:25Z,CO,cases,1
3461,2022-02-25T21:40:51Z,CO,cases,1
3462,2022-02-24T22:24:53Z,CO,cases,1
3463,2022-02-23T21:59:14Z,CO,cases,1
3464,2022-02-22T21:48:35Z,CO,cases,1
3465,2022-02-21T21:59:49Z,CO,cases,1
3466,2022-02-20T21:35:31Z,CO,cases,1
3467,2022-02-19T23:03:05Z,CO,cases,0
3468,2022-02-18T21:59:54Z,CO,cases,1
3469,2022-02-17T22:01:31Z,CO,cases,1
3470,2022-02-16T22:42:05Z,CO,cases,1
3471,2022-02-15T22:32:49Z,CO,cases,1
3472,2022-02-14T22:30:09Z,CO,cases,1
3473,2022-02-13T21:38:03Z,CO,cases,1
3474,2022-02-12T21:47:24Z,CO,cases,1
3475,2022-02-11T21:59:32Z,CO,cases,1
3476,2022-02-10T21:42:05Z,CO,cases,1
3477,2022-02-09T22:01:58Z,CO,cases,1
3478,2022-02-07T22:18:15Z,CO,cases,1
3479,2022-02-06T21:50:13Z,CO,cases,1
3480,2022-02-05T22:10:46Z,CO,cases,1
3481,2022-02-04T22:19:06Z,CO,cases,1
3482,2022-02-03T22:01:06Z,CO,cases,1
3483,2022-02-02T22:04:45Z,CO,cases,1
3484,2022-02-01T22:19:44Z,CO,cases,1
3485,2022-01-31T21:58:21Z,CO,cases,1
3486,2022-01-30T21:36:47Z,CO,cases,1
3487,2022-01-29T22:02:26Z,CO,cases,1
3488,2022-01-28T23:00:48Z,CO,cases,1
3489,2022-01-27T22:24:06Z,CO,cases,1
3490,2022-01-26T21:59:51Z,CO,cases,1
3491,2022-01-25T22:34:32Z,CO,cases,1
3492,2022-01-24T23:20:59Z,CO,cases,0
3493,2022-01-23T21:52:08Z,CO,cases,1
3494,2022-01-22T21:53:51Z,CO,cases,1
3495,2022-01-21T22:15:15Z,CO,cases,1
3496,2022-01-20T22:05:21Z,CO,cases,1
3497,2022-01-19T22:10:21Z,CO,cases,1
3498,2022-01-18T22:02:41Z,CO,cases,1
3499,2022-01-17T22:10:56Z,CO,cases,1
3500,2022-01-16T21:58:26Z,CO,cases,1
3501,2022-01-15T22:21:07Z,CO,cases,1
3502,2022-01-14T22:51:42Z,CO,cases,1
3503,2022-01-13T22:20:20Z,CO,cases,1
3504,2022-01-12T21:54:26Z,CO,cases,1
3505,2022-01-11T22:34:27Z,CO,cases,1
3506,2022-01-10T21:27:59Z,CO,cases,0
3507,2022-01-09T22:04:11Z,CO,cases,1
3508,2022-01-08T21:40:56Z,CO,cases,1
3509,2022-01-07T21:29:31Z,CO,cases,0
3510,2022-01-06T21:53:05Z,CO,cases,1
3511,2022-01-05T21:39:20Z,CO,cases,1
3512,2022-01-04T22:00:36Z,CO,cases,1
3513,2022-01-03T22:03:43Z,CO,cases,1
3514,2022-01-02T20:59:58Z,CO,cases,0
3515,2022-01-01T21:33:00Z,CO,cases,1
3516,2021-12-31T21:22:52Z,CO,cases,0
3517,2021-12-30T21:34:03Z,CO,cases,1
3518,2021-12-29T21:31:48Z,CO,cases,1
3519,2021-12-28T21:56:21Z,CO,cases,1
3520,2021-12-27T21:39:34Z,CO,cases,1
3521,2021-12-26T20:59:43Z,CO,cases,0
3522,2021-12-25T21:37:04Z,CO,cases,1
3523,2021-12-24T21:29:30Z,CO,cases,0
3524,2021-12-23T21:58:23Z,CO,cases,1
3525,2021-12-22T21:41:29Z,CO,cases,1
3526,2021-12-21T21:30:45Z,CO,cases,0
3527,2021-12-20T21:31:35Z,CO,cases,1
3528,2021-12-19T21:22:23Z,CO,cases,0
3529,2021-12-18T22:06:21Z,CO,cases,1
3530,2021-12-17T21:22:20Z,CO,cases,0
3531,2021-12-16T21:45:09Z,CO,cases,1
3532,2021-12-15T21:23:02Z,CO,cases,0
3533,2021-12-14T22:06:54Z,CO,cases,1
3534,2021-12-13T21:20:32Z,CO,cases,0
3535,2021-12-12T21:55:00Z,CO,cases,1
3536,2021-12-11T21:32:32Z,CO,cases,1
3537,2021-12-10T21:31:24Z,CO,cases,1
3538,2021-12-09T21:33:17Z,CO,cases,1
3539,2021-12-08T21:36:40Z,CO,cases,1
3540,2021-12-07T21:47:08Z,CO,cases,1
3541,2021-12-06T21:37:54Z,CO,cases,1
3542,2021-12-05T21:38:04Z,CO,cases,1
3543,2021-12-04T21:46:25Z,CO,cases,1
3544,2021-12-03T21:20:54Z,CO,cases,0
3545,2021-12-02T21:33:19Z,CO,cases,1
3546,2021-12-01T21:38:49Z,CO,cases,1
3547,2021-11-30T21:26:59Z,CO,cases,0
3548,2021-11-29T22:03:33Z,CO,cases,1
3549,2021-11-28T21:38:13Z,CO,cases,1
3550,2021-11-27T21:28:29Z,CO,cases,0
3551,2021-11-26T22:06:36Z,CO,cases,1
3552,2021-11-25T21:49:48Z,CO,cases,1
3553,2021-11-24T21:25:30Z,CO,cases,0
3554,2021-11-23T21:35:53Z,CO,cases,1
3555,2021-11-22T21:51:04Z,CO,cases,1
3556,2021-11-21T21:30:24Z,CO,cases,0
3557,2021-11-20T21:36:41Z,CO,cases,1
3558,2021-11-19T21:42:59Z,CO,cases,1
3559,2021-11-18T22:07:22Z,CO,cases,1
3560,2021-11-17T21:16:57Z,CO,cases,0
3561,2021-11-16T21:31:31Z,CO,cases,1
3562,2021-11-15T21:29:35Z,CO,cases,0
3563,2021-11-14T21:56:33Z,CO,cases,1
3564,2021-11-13T21:47:52Z,CO,cases,1
3565,2021-11-12T21:37:36Z,CO,cases,1
3566,2021-11-11T21:31:08Z,CO,cases,1
3567,2021-11-10T21:36:58Z,CO,cases,1
3568,2021-11-09T21:32:11Z,CO,cases,1
3569,2021-11-08T21:22:45Z,CO,cases,0
3570,2021-11-07T21:40:29Z,CO,cases,1
3571,2021-11-06T21:46:12Z,CO,cases,1
3572,2021-11-04T22:27:27Z,CO,cases,1
3573,2021-11-03T22:35:58Z,CO,cases,1
3574,2021-11-02T21:37:04Z,CO,cases,1
3575,2021-11-01T21:41:01Z,CO,cases,1
3576,2021-10-31T21:28:03Z,CO,cases,0
3577,2021-10-30T21:44:51Z,CO,cases,1
3578,2021-10-29T21:20:24Z,CO,cases,0
3579,2021-10-28T21:46:13Z,CO,cases,1
3580,2021-10-27T21:25:32Z,CO,cases,0
3581,2021-10-26T21:40:05Z,CO,cases,1
3582,2021-10-25T21:39:40Z,CO,cases,1
3583,2021-10-24T21:40:08Z,CO,cases,1
3584,2021-10-23T21:51:17Z,CO,cases,1
3585,2021-10-22T21:39:31Z,CO,cases,1
3586,2021-10-21T21:53:00Z,CO,cases,1
3587,2021-10-20T21:52:00Z,CO,cases,1
3588,2021-10-19T21:49:54Z,CO,cases,1
3589,2021-10-18T21:37:45Z,CO,cases,1
3590,2021-10-17T21:28:57Z,CO,cases,0
3591,2021-10-16T21:22:35Z,CO,cases,0
3592,2021-10-15T21:45:17Z,CO,cases,1
3593,2021-10-14T21:38:03Z,CO,cases,1
3594,2021-10-13T21:23:25Z,CO,cases,0
3595,2021-10-12T21:45:41Z,CO,cases,1
3596,2021-10-11T21:45:58Z,CO,cases,1
3597,2021-10-10T22:25:03Z,CO,cases,1
3598,2021-10-09T22:16:28Z,CO,cases,1
3599,2021-10-08T21:45:37Z,CO,cases,1
3600,2021-10-07T21:27:26Z,CO,cases,0
3601,2021-10-06T21:31:52Z,CO,cases,1
3602,2021-10-05T21:39:16Z,CO,cases,1
3603,2021-10-04T21:46:47Z,CO,cases,1
3604,2021-10-03T21:34:18Z,CO,cases,1
3605,2021-10-02T22:13:37Z,CO,cases,1
3606,2021-10-01T21:50:52Z,CO,cases,1
3607,2021-09-30T21:50:58Z,CO,cases,1
3608,2021-09-29T21:51:25Z,CO,cases,1
3609,2021-09-28T21:32:31Z,CO,cases,1
3610,2021-09-27T21:28:56Z,CO,cases,0
3611,2021-09-26T21:29:00Z,CO,cases,0
3612,2021-09-25T21:37:53Z,CO,cases,1
3613,2021-09-24T21:50:16Z,CO,cases,1
3614,2021-09-23T22:09:53Z,CO,cases,1
3615,2021-09-22T21:52:51Z,CO,cases,1
3616,2021-09-21T21:38:37Z,CO,cases,1
3617,2021-09-20T21:39:25Z,CO,cases,1
3618,2021-09-19T21:56:06Z,CO,cases,1
3619,2021-09-18T22:28:06Z,CO,cases,1
3620,2021-09-17T21:43:00Z,CO,cases,1
3621,2021-09-16T21:58:15Z,CO,cases,1
3622,2021-09-15T22:22:24Z,CO,cases,1
3623,2021-09-14T22:00:44Z,CO,cases,1
3624,2021-09-13T21:41:48Z,CO,cases,1
3625,2021-09-12T21:38:00Z,CO,cases,1
3626,2021-09-11T21:33:40Z,CO,cases,1
3627,2021-09-10T22:01:58Z,CO,cases,1
3628,2021-09-09T22:06:13Z,CO,cases,1
3629,2021-09-08T21:32:54Z,CO,cases,1
3630,2021-09-07T21:42:17Z,CO,cases,1
3631,2021-09-06T21:45:58Z,CO,cases,1
3632,2021-09-05T22:05:40Z,CO,cases,1
3633,2021-09-04T21:42:59Z,CO,cases,1
3634,2021-09-03T21:36:20Z,CO,cases,1
3635,2021-09-02T21:58:01Z,CO,cases,1
3636,2021-09-01T21:44:01Z,CO,cases,1
3637,2021-04-09T22:59:13Z,CO,live,1
3638,2021-04-08T22:59:26Z,CO,live,1
3639,2021-04-07T22:59:30Z,CO,live,1
3640,2021-04-06T22:59:52Z,CO,live,1
3641,2021-04-05T23:01:43Z,CO,live,0
3642,2021-03-31T22:59:27Z,CO,live,1
3643,2021-03-30T22:59:24Z,CO,live,1
3644,2021-03-29T22:59:30Z,CO,live,1
3645,2021-03-25T22:59:46Z,CO,live,1
3646,2021-03-24T23:00:15Z,CO,live,1
3647,2021-03-23T22:59:31Z,CO,live,1
3648,2021-03-20T21:05:28Z,CO,president speech,0
3649,2021-03-19T22:59:20Z,CO,live,1
3650,2021-03-18T22:59:34Z,CO,live,1
3651,2021-03-17T22:59:26Z,CO,live,1
3652,2021-03-16T22:59:36Z,CO,live,1
3653,2021-03-15T23:00:35Z,CO,live,1
3654,2021-03-12T22:59:14Z,CO,live,1
3655,2021-03-11T22:59:22Z,CO,live,1
3656,2021-03-10T22:59:27Z,CO,live,1
3657,2021-03-09T22:59:03Z,CO,live,1
3658,2021-03-05T23:00:02Z,CO,live,1
3659,2021-03-04T22:59:12Z,CO,live,1
3660,2021-03-03T22:59:10Z,CO,live,1
3661,2021-03-02T22:59:26Z,CO,live,1
3662,2021-03-01T22:59:31Z,CO,live,1
3663,2021-03-01T18:38:46Z,CO,live,0
3664,2021-02-26T22:59:26Z,CO,live,1
3665,2021-02-25T22:59:49Z,CO,live,1
3666,2021-02-24T23:01:17Z,CO,live,0
3667,2021-02-23T22:59:51Z,CO,live,1
3668,2021-02-22T23:00:39Z,CO,live,1
3669,2021-02-19T23:00:04Z,CO,live,1
3670,2021-02-19T13:49:46Z,CO,president speech,0
3671,2021-02-18T23:00:14Z,CO,live,1
3672,2021-02-18T13:35:46Z,CO,president speech,0
3673,2021-02-17T23:00:06Z,CO,live,1
3674,2021-02-17T19:39:23Z,CO,president speech,0
3675,2021-02-17T14:28:23Z,CO,president speech,0
3676,2021-02-17T14:08:48Z,CO,live,0
3677,2021-02-16T23:00:10Z,CO,live,1
3678,2021-02-15T23:00:45Z,CO,live,1
3679,2021-02-15T17:44:06Z,CO,live,0
3680,2021-02-12T22:59:10Z,CO,live,1
3681,2021-02-11T22:59:34Z,CO,live,1
3682,2021-02-10T22:59:37Z,CO,live,1
3683,2021-02-09T22:59:19Z,CO,live,1
3684,2021-02-05T22:59:41Z,CO,live,1
3685,2021-02-04T22:59:42Z,CO,live,1
3686,2021-02-03T22:59:53Z,CO,live,1
3687,2021-02-02T22:59:41Z,CO,live,1
3688,2021-02-01T22:59:48Z,CO,live,1
3689,2021-01-29T23:00:30Z,CO,live,1
3690,2021-01-28T22:59:15Z,CO,live,1
3691,2021-01-28T12:47:50Z,CO,president speech,0
3692,2021-01-27T22:59:10Z,CO,live,1
3693,2021-01-26T22:59:12Z,CO,live,1
3694,2021-01-25T22:59:13Z,CO,live,1
3695,2021-01-22T22:59:44Z,CO,live,1
3696,2021-01-21T22:59:48Z,CO,live,1
3697,2021-01-20T22:59:46Z,CO,live,1
3698,2021-01-19T22:59:44Z,CO,live,1
3699,2021-01-18T22:59:38Z,CO,live,1
3700,2021-01-15T22:59:59Z,CO,live,1
3701,2021-01-14T22:59:17Z,CO,live,1
3702,2021-01-13T22:59:09Z,CO,live,1
3703,2021-01-12T22:59:18Z,CO,live,1
3704,2021-01-08T23:00:21Z,CO,live,1
3705,2021-01-07T23:00:37Z,CO,live,1
3706,2021-01-06T23:00:19Z,CO,live,1
3707,2021-01-05T23:00:19Z,CO,live,1
3708,2021-01-04T23:01:44Z,CO,live,0
3709,2020-12-30T22:59:22Z,CO,live,1
3710,2020-12-29T22:59:21Z,CO,live,1
3711,2020-12-28T23:01:23Z,CO,live,0
3712,2020-12-23T22:59:59Z,CO,live,1
3713,2020-12-22T23:00:04Z,CO,live,1
3714,2020-12-21T23:00:20Z,CO,live,1
3715,2020-12-19T21:51:00Z,CO,cases,1
3716,2020-12-18T22:59:00Z,CO,live,1
3717,2020-12-18T21:54:00Z,CO,cases,1
3718,2020-12-17T23:01:00Z,CO,live,0
3719,2020-12-17T21:41:00Z,CO,cases,1
3720,2020-12-16T23:30:00Z,CO,live,0
3721,2020-12-16T21:46:00Z,CO,cases,1
3722,2020-12-15T23:00:00Z,CO,live,1
3723,2020-12-15T21:39:00Z,CO,cases,1
3724,2020-12-14T22:58:00Z,CO,live,1
3725,2020-12-14T21:55:00Z,CO,cases,1
3726,2020-12-14T18:04:00Z,CO,live,0
3727,2020-12-13T21:32:00Z,CO,cases,1
3728,2020-12-12T21:43:00Z,CO,cases,1
3729,2020-12-11T22:59:00Z,CO,live,1
3730,2020-12-11T22:00:00Z,CO,cases,1
3731,2020-12-10T22:59:00Z,CO,live,1
3732,2020-12-10T21:44:00Z,CO,cases,1
3733,2020-12-09T23:00:00Z,CO,live,1
3734,2020-12-09T21:39:00Z,CO,cases,1
3735,2020-12-08T21:39:00Z,CO,cases,1
3736,2020-12-07T23:00:00Z,CO,live,1
3737,2020-12-07T21:57:00Z,CO,cases,1
3738,2020-12-07T16:36:00Z,CO,live,0
3739,2020-12-06T21:40:00Z,CO,cases,1
3740,2020-12-05T21:46:00Z,CO,cases,1
3741,2020-12-04T22:59:00Z,CO,live,1
3742,2020-12-04T22:01:00Z,CO,cases,1
3743,2020-12-03T23:09:00Z,CO,live,0
3744,2020-12-03T21:42:00Z,CO,cases,1
3745,2020-12-02T22:59:00Z,CO,live,1
3746,2020-12-02T21:41:00Z,CO,cases,1
3747,2020-12-01T22:59:00Z,CO,live,1
3748,2020-12-01T22:07:00Z,CO,cases,1
3749,2020-11-30T22:59:00Z,CO,live,1
3750,2020-11-30T22:16:00Z,CO,cases,1
3751,2020-11-29T21:58:00Z,CO,cases,1
3752,2020-11-28T21:50:00Z,CO,cases,1
3753,2020-11-27T22:59:00Z,CO,live,1
3754,2020-11-27T22:06:00Z,CO,cases,1
3755,2020-11-26T22:59:00Z,CO,live,1
3756,2020-11-26T21:57:00Z,CO,cases,1
3757,2020-11-25T22:59:00Z,CO,live,1
3758,2020-11-25T21:53:00Z,CO,cases,1
3759,2020-11-24T22:59:00Z,CO,live,1
3760,2020-11-24T22:12:00Z,CO,cases,1
3761,2020-11-23T22:59:00Z,CO,live,1
3762,2020-11-23T22:03:00Z,CO,cases,1
3763,2020-11-22T21:48:00Z,CO,cases,1
3764,2020-11-21T21:32:00Z,CO,cases,1
3765,2020-11-21T21:32:00Z,CO,cases,1
3766,2020-11-20T22:58:00Z,CO,live,1
3767,2020-11-20T21:32:00Z,CO,cases,1
3768,2020-11-19T22:59:00Z,CO,live,1
3769,2020-11-19T22:35:00Z,CO,cases,1
3770,2020-11-18T22:58:00Z,CO,live,1
3771,2020-11-18T21:35:00Z,CO,cases,1
3772,2020-11-17T23:00:00Z,CO,live,1
3773,2020-11-17T21:56:00Z,CO,cases,1
3774,2020-11-16T21:23:00Z,CO,cases,0
3775,2020-11-15T21:43:00Z,CO,cases,1
3776,2020-11-14T22:31:00Z,CO,cases,1
3777,2020-11-14T22:31:00Z,CO,cases,1
3778,2020-11-13T22:59:00Z,CO,live,1
3779,2020-11-13T22:23:00Z,CO,cases,1
3780,2020-11-12T22:59:00Z,CO,live,1
3781,2020-11-12T22:00:00Z,CO,cases,1
3782,2020-11-11T22:59:00Z,CO,live,1
3783,2020-11-11T22:04:00Z,CO,cases,1
3784,2020-11-10T22:59:00Z,CO,live,1
3785,2020-11-10T22:06:00Z,CO,cases,1
3786,2020-11-09T22:59:00Z,CO,live,1
3787,2020-11-09T22:04:00Z,CO,cases,1
3788,2020-11-08T21:53:00Z,CO,cases,1
3789,2020-11-07T21:59:00Z,CO,cases,1
3790,2020-11-06T22:59:00Z,CO,live,1
3791,2020-11-06T22:17:00Z,CO,cases,1
3792,2020-11-05T22:58:00Z,CO,live,1
3793,2020-11-05T21:42:00Z,CO,cases,1
3794,2020-11-04T22:59:00Z,CO,live,1
3795,2020-11-04T22:00:00Z,CO,cases,1
3796,2020-11-03T22:59:00Z,CO,live,1
3797,2020-11-03T21:54:00Z,CO,cases,1
3798,2020-11-02T21:49:00Z,CO,cases,1
3799,2020-11-01T21:48:00Z,CO,cases,1
3800,2020-10-31T21:57:00Z,CO,cases,1
3801,2020-10-30T22:59:00Z,CO,live,1
3802,2020-10-30T22:07:00Z,CO,cases,1
3803,2020-10-29T23:00:00Z,CO,live,1
3804,2020-10-29T21:50:00Z,CO,cases,1
3805,2020-10-28T22:59:00Z,CO,live,1
3806,2020-10-28T21:53:00Z,CO,cases,1
3807,2020-10-27T22:59:00Z,CO,live,1
3808,2020-10-27T21:49:00Z,CO,cases,1
3809,2020-10-26T22:58:00Z,CO,live,1
3810,2020-10-26T22:58:00Z,CO,live,1
3811,2020-10-26T21:57:00Z,CO,cases,1
3812,2020-10-26T21:57:00Z,CO,cases,1
3813,2020-10-25T21:57:00Z,CO,cases,1
3814,2020-10-25T21:57:00Z,CO,cases,1
3815,2020-10-25T21:57:00Z,CO,cases,1
3816,2020-10-24T21:40:00Z,CO,cases,1
3817,2020-10-23T22:59:00Z,CO,live,1
3818,2020-10-23T22:08:00Z,CO,cases,1
3819,2020-10-22T22:59:00Z,CO,live,1
3820,2020-10-22T21:44:00Z,CO,cases,1
3821,2020-10-21T22:59:00Z,CO,live,1
3822,2020-10-21T21:49:00Z,CO,cases,1
3823,2020-10-20T22:59:00Z,CO,live,1
3824,2020-10-20T21:50:00Z,CO,cases,1
3825,2020-10-19T22:59:00Z,CO,live,1
3826,2020-10-19T22:17:00Z,CO,cases,1
3827,2020-10-18T22:07:00Z,CO,cases,1
3828,2020-10-17T22:00:00Z,CO,cases,1
3829,2020-10-16T22:59:00Z,CO,live,1
3830,2020-10-16T22:15:00Z,CO,cases,1
3831,2020-10-15T23:16:00Z,CO,cases,0
3832,2020-10-15T22:59:00Z,CO,live,1
3833,2020-10-14T22:59:00Z,CO,live,1
3834,2020-10-14T21:58:00Z,CO,cases,1
3835,2020-10-13T23:00:00Z,CO,live,1
3836,2020-10-13T21:42:00Z,CO,cases,1
3837,2020-10-12T21:42:00Z,CO,cases,1
3838,2020-10-11T21:54:00Z,CO,cases,1
3839,2020-10-10T21:56:00Z,CO,cases,1
3840,2020-10-09T22:12:00Z,CO,cases,1
3841,2020-10-08T22:59:00Z,CO,live,1
3842,2020-10-08T21:38:00Z,CO,cases,1
3843,2020-10-07T22:59:00Z,CO,live,1
3844,2020-10-07T22:18:00Z,CO,cases,1
3845,2020-10-06T22:59:00Z,CO,live,1
3846,2020-10-06T22:10:00Z,CO,cases,1
3847,2020-10-05T23:00:00Z,CO,live,1
3848,2020-10-05T22:17:00Z,CO,cases,1
3849,2020-10-05T22:17:00Z,CO,cases,1
3850,2020-10-04T21:47:00Z,CO,cases,1
3851,2020-10-03T21:32:00Z,CO,cases,1
3852,2020-10-02T22:58:00Z,CO,live,1
3853,2020-10-02T22:07:00Z,CO,cases,1
3854,2020-10-02T22:07:00Z,CO,cases,1
3855,2020-10-01T22:59:00Z,CO,live,1
3856,2020-10-01T21:45:00Z,CO,cases,1
3857,2020-09-30T22:58:00Z,CO,live,1
3858,2020-09-30T22:43:00Z,CO,cases,1
3859,2020-09-29T22:59:00Z,CO,live,1
3860,2020-09-29T22:13:00Z,CO,cases,1
3861,2020-09-28T22:59:00Z,CO,live,1
3862,2020-09-28T22:11:00Z,CO,cases,1
3863,2020-09-27T23:29:00Z,CO,president speech,0
3864,2020-09-27T22:19:00Z,CO,cases,1
3865,2020-09-26T21:25:00Z,CO,cases,0
3866,2020-09-26T21:25:00Z,CO,cases,0
3867,2020-09-25T22:59:00Z,CO,live,1
3868,2020-09-25T22:05:00Z,CO,cases,1
3869,2020-09-24T22:59:00Z,CO,live,1
3870,2020-09-24T22:13:00Z,CO,cases,1
3871,2020-09-23T22:59:00Z,CO,live,1
3872,2020-09-23T21:45:00Z,CO,cases,1
3873,2020-09-22T22:59:00Z,CO,live,1
3874,2020-09-22T22:08:00Z,CO,cases,1
3875,2020-09-21T22:59:00Z,CO,live,1
3876,2020-09-21T21:53:00Z,CO,cases,1
3877,2020-09-20T23:29:00Z,CO,president speech,0
3878,2020-09-20T22:11:00Z,CO,cases,1
3879,2020-09-16T22:59:00Z,CO,live,1
3880,2020-09-16T21:53:00Z,CO,cases,1
3881,2020-09-15T23:00:00Z,CO,live,1
3882,2020-09-15T22:28:00Z,CO,cases,1
3883,2020-09-14T22:59:00Z,CO,live,1
3884,2020-09-14T21:55:00Z,CO,cases,1
3885,2020-09-13T23:29:00Z,CO,president speech,0
3886,2020-09-13T21:33:00Z,CO,cases,1
3887,2020-09-12T21:56:00Z,CO,cases,1
3888,2020-09-11T22:59:00Z,CO,live,1
3889,2020-09-11T22:06:00Z,CO,cases,1
3890,2020-09-10T22:59:00Z,CO,live,1
3891,2020-09-10T22:02:00Z,CO,cases,1
3892,2020-09-09T23:00:00Z,CO,live,1
3893,2020-09-09T22:18:00Z,CO,cases,1
3894,2020-09-08T22:59:00Z,CO,live,1
3895,2020-09-08T21:59:00Z,CO,cases,1
3896,2020-09-06T23:29:00Z,CO,president speech,0
3897,2020-09-06T21:58:00Z,CO,cases,1
3898,2020-09-05T22:04:00Z,CO,cases,1
3899,2020-09-04T22:59:00Z,CO,live,1
3900,2020-09-04T21:44:00Z,CO,cases,1
3901,2020-09-03T22:59:00Z,CO,live,1
3902,2020-09-03T21:39:00Z,CO,cases,1
3903,2020-09-02T22:59:00Z,CO,live,1
3904,2020-09-02T21:41:00Z,CO,cases,1
3905,2020-09-01T22:59:00Z,CO,live,1
3906,2020-09-01T22:37:00Z,CO,cases,1
3907,2020-08-31T22:59:00Z,CO,live,1
3908,2020-08-31T22:24:00Z,CO,cases,1
3909,2020-08-30T23:29:00Z,CO,president speech,0
3910,2020-08-30T21:45:00Z,CO,cases,1
3911,2020-08-29T23:34:00Z,CO,cases,0
3912,2020-08-28T22:59:00Z,CO,live,1
3913,2020-08-28T22:03:00Z,CO,cases,1
3914,2020-08-27T22:59:00Z,CO,live,1
3915,2020-08-27T22:02:00Z,CO,cases,1
3916,2020-08-26T22:59:00Z,CO,live,1
3917,2020-08-26T22:57:00Z,CO,cases,1
3918,2020-08-26T21:16:00Z,CO,live,0
3919,2020-08-25T22:59:00Z,CO,live,1
3920,2020-08-25T22:20:00Z,CO,cases,1
3921,2020-08-24T22:59:00Z,CO,live,1
3922,2020-08-24T22:36:00Z,CO,cases,1
3923,2020-08-23T22:09:00Z,CO,cases,1
3924,2020-08-22T23:32:00Z,CO,president speech,0
3925,2020-08-22T22:22:00Z,CO,cases,1
3926,2020-08-21T23:05:00Z,CO,cases,0
3927,2020-08-21T22:59:00Z,CO,live,1
3928,2020-08-20T22:59:00Z,CO,live,1
3929,2020-08-20T22:12:00Z,CO,cases,1
3930,2020-08-20T22:08:00Z,CO,live,1
3931,2020-08-19T22:59:00Z,CO,live,1
3932,2020-08-19T22:55:00Z,CO,cases,1
3933,2020-08-18T22:59:00Z,CO,live,1
3934,2020-08-18T21:58:00Z,CO,cases,1
3935,2020-08-17T22:15:00Z,CO,cases,1
3936,2020-08-16T23:28:00Z,CO,president speech,0
3937,2020-08-16T22:31:00Z,CO,cases,1
3938,2020-08-15T23:28:00Z,CO,president speech,0
3939,2020-08-15T22:28:00Z,CO,cases,1
3940,2020-08-14T22:59:00Z,CO,live,1
3941,2020-08-14T22:27:00Z,CO,cases,1
3942,2020-08-13T22:59:00Z,CO,live,1
3943,2020-08-13T21:46:00Z,CO,cases,1
3944,2020-08-12T22:59:00Z,CO,live,1
3945,2020-08-12T21:53:00Z,CO,cases,1
3946,2020-08-11T22:59:00Z,CO,live,1
3947,2020-08-11T22:04:00Z,CO,cases,1
3948,2020-08-10T22:58:00Z,CO,live,1
3949,2020-08-10T22:04:00Z,CO,cases,1
3950,2020-08-09T23:29:00Z,CO,president speech,0
3951,2020-08-09T22:00:00Z,CO,cases,1
3952,2020-08-08T23:29:00Z,CO,president speech,0
3953,2020-08-08T22:05:00Z,CO,cases,1
3954,2020-08-07T22:18:00Z,CO,cases,1
3955,2020-08-06T22:59:00Z,CO,live,1
3956,2020-08-06T22:04:00Z,CO,cases,1
3957,2020-08-05T22:59:00Z,CO,live,1
3958,2020-08-05T22:46:00Z,CO,cases,1
3959,2020-08-04T22:59:00Z,CO,live,1
3960,2020-08-04T22:02:00Z,CO,cases,1
3961,2020-08-03T22:58:00Z,CO,live,1
3962,2020-08-03T22:36:00Z,CO,cases,1
3963,2020-08-02T23:28:00Z,CO,president speech,0
3964,2020-08-02T22:27:00Z,CO,cases,1
3965,2020-08-01T23:29:00Z,CO,president speech,0
3966,2020-08-01T21:56:00Z,CO,cases,1
3967,2020-07-31T22:59:00Z,CO,live,1
3968,2020-07-31T21:48:00Z,CO,cases,1
3969,2020-07-30T23:00:00Z,CO,live,1
3970,2020-07-30T22:06:00Z,CO,cases,1
3971,2020-07-29T22:59:00Z,CO,live,1
3972,2020-07-29T22:35:00Z,CO,cases,1
3973,2020-07-28T22:59:00Z,CO,live,1
3974,2020-07-28T22:27:00Z,CO,cases,1
3975,2020-07-27T22:59:00Z,CO,live,1
3976,2020-07-27T22:20:00Z,CO,cases,1
3977,2020-07-26T23:29:00Z,CO,president speech,0
3978,2020-07-26T22:47:00Z,CO,cases,1
3979,2020-07-25T23:29:00Z,CO,president speech,0
3980,2020-07-25T22:22:00Z,CO,cases,1
3981,2020-07-24T22:59:00Z,CO,live,1
3982,2020-07-24T22:41:00Z,CO,cases,1
3983,2020-07-23T23:00:00Z,CO,live,1
3984,2020-07-23T21:54:00Z,CO,cases,1
3985,2020-07-22T22:59:00Z,CO,live,1
3986,2020-07-22T22:03:00Z,CO,cases,1
3987,2020-07-21T22:59:00Z,CO,live,1
3988,2020-07-21T22:02:00Z,CO,cases,1
3989,2020-07-20T22:11:00Z,CO,cases,1
3990,2020-07-19T22:17:00Z,CO,cases,1
3991,2020-07-18T23:29:00Z,CO,president speech,0
3992,2020-07-18T22:28:00Z,CO,cases,1
3993,2020-07-17T22:59:00Z,CO,live,1
3994,2020-07-17T22:36:00Z,CO,cases,1
3995,2020-07-16T22:59:00Z,CO,live,1
3996,2020-07-16T22:25:00Z,CO,cases,1
3997,2020-07-16T00:43:00Z,CO,live,0
3998,2020-07-16T00:35:00Z,CO,cases,0
3999,2020-07-14T22:59:00Z,CO,live,1
4000,2020-07-14T22:01:00Z,CO,cases,1
4001,2020-07-13T22:59:00Z,CO,live,1
4002,2020-07-13T21:48:00Z,CO,cases,1
4003,2020-07-12T23:30:00Z,CO,president speech,0
4004,2020-07-12T21:42:00Z,CO,cases,1
4005,2020-07-11T23:29:00Z,CO,president speech,0
4006,2020-07-11T22:23:00Z,CO,cases,1
4007,2020-07-11T16:46:00Z,CO,cases,0
4008,2020-07-10T22:59:00Z,CO,live,1
4009,2020-07-10T22:30:00Z,CO,cases,1
4010,2020-07-09T22:59:00Z,CO,live,1
4011,2020-07-09T21:47:00Z,CO,cases,1
4012,2020-07-08T22:59:00Z,CO,live,1
4013,2020-07-08T22:15:00Z,CO,cases,1
4014,2020-07-07T22:59:00Z,CO,live,1
4015,2020-07-07T22:01:00Z,CO,cases,1
4016,2020-07-06T22:59:00Z,CO,live,1
4017,2020-07-06T22:39:00Z,CO,cases,1
4018,2020-07-05T23:29:00Z,CO,president speech,0
4019,2020-07-05T22:01:00Z,CO,cases,1
4020,2020-07-04T23:29:00Z,CO,president speech,0
4021,2020-07-04T22:10:00Z,CO,cases,1
4022,2020-07-03T22:59:00Z,CO,live,1
4023,2020-07-03T21:34:00Z,CO,cases,1
4024,2020-07-02T22:59:00Z,CO,live,1
4025,2020-07-02T21:45:00Z,CO,cases,1
4026,2020-07-01T23:00:00Z,CO,live,1
4027,2020-07-01T21:45:00Z,CO,cases,1
4028,2020-06-30T22:59:00Z,CO,live,1
4029,2020-06-30T21:50:00Z,CO,cases,1
4030,2020-06-30T20:32:00Z,CO,live,0
4031,2020-06-29T21:56:00Z,CO,cases,1
4032,2020-06-28T23:29:00Z,CO,president speech,0
4033,2020-06-28T21:45:00Z,CO,cases,1
4034,2020-06-27T23:29:00Z,CO,president speech,0
4035,2020-06-27T22:18:00Z,CO,cases,1
4036,2020-06-26T23:51:00Z,CO,live,0
4037,2020-06-26T22:59:00Z,CO,live,1
4038,2020-06-26T22:13:00Z,CO,cases,1
4039,2020-06-25T22:59:00Z,CO,live,1
4040,2020-06-25T21:44:00Z,CO,cases,1
4041,2020-06-24T22:59:00Z,CO,live,1
4042,2020-06-24T22:35:00Z,CO,cases,1
4043,2020-06-23T22:59:00Z,CO,live,1
4044,2020-06-23T22:09:00Z,CO,cases,1
4045,2020-06-22T23:30:00Z,CO,president speech,0
4046,2020-06-22T22:12:00Z,CO,cases,1
4047,2020-06-21T21:57:00Z,CO,cases,1
4048,2020-06-20T23:29:00Z,CO,president speech,0
4049,2020-06-20T22:08:00Z,CO,cases,1
4050,2020-06-19T23:04:00Z,CO,live,0
4051,2020-06-19T22:57:00Z,CO,cases,1
4052,2020-06-18T23:02:00Z,CO,cases,0
4053,2020-06-18T22:59:00Z,CO,live,1
4054,2020-06-17T22:59:00Z,CO,live,1
4055,2020-06-17T21:56:00Z,CO,cases,1
4056,2020-06-16T22:59:00Z,CO,live,1
4057,2020-06-16T22:23:00Z,CO,cases,1
4058,2020-06-15T21:52:00Z,CO,cases,1
4059,2020-06-14T23:29:00Z,CO,president speech,0
4060,2020-06-14T22:00:00Z,CO,cases,1
4061,2020-06-13T23:29:00Z,CO,president speech,0
4062,2020-06-13T22:43:00Z,CO,cases,1
4063,2020-06-12T23:09:00Z,CO,cases,0
4064,2020-06-12T22:59:00Z,CO,live,1
4065,2020-06-11T22:59:00Z,CO,live,1
4066,2020-06-11T22:49:00Z,CO,cases,1
4067,2020-06-10T22:59:00Z,CO,live,1
4068,2020-06-10T21:53:00Z,CO,cases,1
4069,2020-06-09T22:59:00Z,CO,live,1
4070,2020-06-09T22:59:00Z,CO,live,1
4071,2020-06-09T22:59:00Z,CO,live,1
4072,2020-06-09T22:59:00Z,CO,live,1
4073,2020-06-09T22:59:00Z,CO,live,1
4074,2020-06-09T22:19:00Z,CO,cases,1
4075,2020-06-09T22:19:00Z,CO,cases,1
4076,2020-06-09T22:19:00Z,CO,cases,1
4077,2020-06-09T22:19:00Z,CO,cases,1
4078,2020-06-09T22:19:00Z,CO,cases,1
4079,2020-06-08T22:59:00Z,CO,live,1
4080,2020-06-08T22:59:00Z,CO,live,1
4081,2020-06-08T22:59:00Z,CO,live,1
4082,2020-06-08T22:59:00Z,CO,live,1
4083,2020-06-08T22:59:00Z,CO,live,1
4084,2020-06-08T22:06:00Z,CO,cases,1
4085,2020-06-08T22:06:00Z,CO,cases,1
4086,2020-06-08T22:06:00Z,CO,cases,1
4087,2020-06-08T22:06:00Z,CO,cases,1
4088,2020-06-08T22:06:00Z,CO,cases,1
4089,2020-06-07T23:30:00Z,CO,president speech,0
4090,2020-06-07T23:30:00Z,CO,president speech,0
4091,2020-06-07T23:30:00Z,CO,president speech,0
4092,2020-06-07T23:30:00Z,CO,president speech,0
4093,2020-06-07T23:30:00Z,CO,president speech,0
4094,2020-06-07T22:36:00Z,CO,cases,1
4095,2020-06-07T22:36:00Z,CO,cases,1
4096,2020-06-07T22:36:00Z,CO,cases,1
4097,2020-06-07T22:36:00Z,CO,cases,1
4098,2020-06-07T22:36:00Z,CO,cases,1
4099,2020-06-06T23:29:00Z,CO,president speech,0
4100,2020-06-06T23:29:00Z,CO,president speech,0
4101,2020-06-06T23:29:00Z,CO,president speech,0
4102,2020-06-06T23:29:00Z,CO,president speech,0
4103,2020-06-06T23:29:00Z,CO,president speech,0
4104,2020-06-06T22:27:00Z,CO,cases,1
4105,2020-06-06T22:27:00Z,CO,cases,1
4106,2020-06-06T22:27:00Z,CO,cases,1
4107,2020-06-06T22:27:00Z,CO,cases,1
4108,2020-06-06T22:27:00Z,CO,cases,1
4109,2020-06-05T22:59:00Z,CO,live,1
4110,2020-06-05T22:59:00Z,CO,live,1
4111,2020-06-05T22:59:00Z,CO,live,1
4112,2020-06-05T22:59:00Z,CO,live,1
4113,2020-06-05T22:59:00Z,CO,live,1
4114,2020-06-05T21:47:00Z,CO,cases,1
4115,2020-06-05T21:47:00Z,CO,cases,1
4116,2020-06-05T21:47:00Z,CO,cases,1
4117,2020-06-05T21:47:00Z,CO,cases,1
4118,2020-06-05T21:47:00Z,CO,cases,1
4119,2020-06-04T23:00:00Z,CO,live,1
4120,2020-06-04T23:00:00Z,CO,live,1
4121,2020-06-04T23:00:00Z,CO,live,1
4122,2020-06-04T23:00:00Z,CO,live,1
4123,2020-06-04T23:00:00Z,CO,live,1
4124,2020-06-04T22:23:00Z,CO,cases,1
4125,2020-06-04T22:23:00Z,CO,cases,1
4126,2020-06-04T22:23:00Z,CO,cases,1
4127,2020-06-04T22:23:00Z,CO,cases,1
4128,2020-06-04T22:23:00Z,CO,cases,1
4129,2020-06-03T23:00:00Z,CO,live,1
4130,2020-06-03T23:00:00Z,CO,live,1
4131,2020-06-03T23:00:00Z,CO,live,1
4132,2020-06-03T23:00:00Z,CO,live,1
4133,2020-06-03T23:00:00Z,CO,live,1
4134,2020-06-03T22:24:00Z,CO,cases,1
4135,2020-06-03T22:24:00Z,CO,cases,1
4136,2020-06-03T22:24:00Z,CO,cases,1
4137,2020-06-03T22:24:00Z,CO,cases,1
4138,2020-06-03T22:24:00Z,CO,cases,1
4139,2020-06-02T22:59:00Z,CO,live,1
4140,2020-06-02T22:59:00Z,CO,live,1
4141,2020-06-02T22:59:00Z,CO,live,1
4142,2020-06-02T22:59:00Z,CO,live,1
4143,2020-06-02T22:59:00Z,CO,live,1
4144,2020-06-02T22:10:00Z,CO,cases,1
4145,2020-06-02T22:10:00Z,CO,cases,1
4146,2020-06-02T22:10:00Z,CO,cases,1
4147,2020-06-02T22:10:00Z,CO,cases,1
4148,2020-06-02T22:10:00Z,CO,cases,1
4149,2020-06-01T22:59:00Z,CO,live,1
4150,2020-06-01T22:59:00Z,CO,live,1
4151,2020-06-01T22:59:00Z,CO,live,1
4152,2020-06-01T22:59:00Z,CO,live,1
4153,2020-06-01T22:59:00Z,CO,live,1
4154,2020-06-01T22:19:00Z,CO,cases,1
4155,2020-06-01T22:19:00Z,CO,cases,1
4156,2020-06-01T22:19:00Z,CO,cases,1
4157,2020-06-01T22:19:00Z,CO,cases,1
4158,2020-06-01T22:19:00Z,CO,cases,1
4159,2020-05-31T23:29:00Z,CO,president speech,0
4160,2020-05-31T23:29:00Z,CO,president speech,0
4161,2020-05-31T23:29:00Z,CO,president speech,0
4162,2020-05-31T23:29:00Z,CO,president speech,0
4163,2020-05-31T23:29:00Z,CO,president speech,0
4164,2020-05-31T22:36:00Z,CO,cases,1
4165,2020-05-31T22:36:00Z,CO,cases,1
4166,2020-05-31T22:36:00Z,CO,cases,1
4167,2020-05-31T22:36:00Z,CO,cases,1
4168,2020-05-31T22:36:00Z,CO,cases,1
4169,2020-05-30T23:29:00Z,CO,president speech,0
4170,2020-05-30T23:29:00Z,CO,president speech,0
4171,2020-05-30T23:29:00Z,CO,president speech,0
4172,2020-05-30T23:29:00Z,CO,president speech,0
4173,2020-05-30T23:29:00Z,CO,president speech,0
4174,2020-05-30T22:28:00Z,CO,cases,1
4175,2020-05-30T22:28:00Z,CO,cases,1
4176,2020-05-30T22:28:00Z,CO,cases,1
4177,2020-05-30T22:28:00Z,CO,cases,1
4178,2020-05-30T22:28:00Z,CO,cases,1
4179,2020-05-29T22:59:00Z,CO,live,1
4180,2020-05-29T22:59:00Z,CO,live,1
4181,2020-05-29T22:59:00Z,CO,live,1
4182,2020-05-29T22:59:00Z,CO,live,1
4183,2020-05-29T22:27:00Z,CO,cases,1
4184,2020-05-29T22:27:00Z,CO,cases,1
4185,2020-05-29T22:27:00Z,CO,cases,1
4186,2020-05-29T22:27:00Z,CO,cases,1
4187,2020-05-28T23:00:00Z,CO,live,1
4188,2020-05-28T23:00:00Z,CO,live,1
4189,2020-05-28T23:00:00Z,CO,live,1
4190,2020-05-28T23:00:00Z,CO,live,1
4191,2020-05-28T22:28:00Z,CO,cases,1
4192,2020-05-28T22:28:00Z,CO,cases,1
4193,2020-05-28T22:28:00Z,CO,cases,1
4194,2020-05-28T22:28:00Z,CO,cases,1
4195,2020-05-28T16:22:00Z,CO,live,0
4196,2020-05-28T16:22:00Z,CO,live,0
4197,2020-05-28T16:22:00Z,CO,live,0
4198,2020-05-28T16:22:00Z,CO,live,0
4199,2020-05-27T22:59:00Z,CO,live,1
4200,2020-05-27T22:59:00Z,CO,live,1
4201,2020-05-27T22:59:00Z,CO,live,1
4202,2020-05-27T22:59:00Z,CO,live,1
4203,2020-05-27T22:28:00Z,CO,cases,1
4204,2020-05-27T22:28:00Z,CO,cases,1
4205,2020-05-27T22:28:00Z,CO,cases,1
4206,2020-05-27T22:28:00Z,CO,cases,1
4207,2020-05-26T22:59:00Z,CO,live,1
4208,2020-05-26T22:59:00Z,CO,live,1
4209,2020-05-26T22:59:00Z,CO,live,1
4210,2020-05-26T22:59:00Z,CO,live,1
4211,2020-05-26T22:51:00Z,CO,cases,1
4212,2020-05-26T22:51:00Z,CO,cases,1
4213,2020-05-26T22:51:00Z,CO,cases,1
4214,2020-05-26T22:51:00Z,CO,cases,1
4215,2020-05-25T21:41:00Z,CO,cases,1
4216,2020-05-25T21:41:00Z,CO,cases,1
4217,2020-05-25T21:41:00Z,CO,cases,1
4218,2020-05-25T21:41:00Z,CO,cases,1
4219,2020-05-24T23:29:00Z,CO,president speech,0
4220,2020-05-24T23:29:00Z,CO,president speech,0
4221,2020-05-24T23:29:00Z,CO,president speech,0
4222,2020-05-24T23:29:00Z,CO,president speech,0
4223,2020-05-24T21:44:00Z,CO,cases,1
4224,2020-05-24T21:44:00Z,CO,cases,1
4225,2020-05-24T21:44:00Z,CO,cases,1
4226,2020-05-24T21:44:00Z,CO,cases,1
4227,2020-05-23T23:29:00Z,CO,president speech,0
4228,2020-05-23T23:29:00Z,CO,president speech,0
4229,2020-05-23T23:29:00Z,CO,president speech,0
4230,2020-05-23T23:29:00Z,CO,president speech,0
4231,2020-05-23T22:16:00Z,CO,cases,1
4232,2020-05-23T22:16:00Z,CO,cases,1
4233,2020-05-23T22:16:00Z,CO,cases,1
4234,2020-05-23T22:16:00Z,CO,cases,1
4235,2020-05-22T23:00:00Z,CO,live,1
4236,2020-05-22T23:00:00Z,CO,live,1
4237,2020-05-22T23:00:00Z,CO,live,1
4238,2020-05-22T23:00:00Z,CO,live,1
4239,2020-05-22T21:46:00Z,CO,cases,1
4240,2020-05-22T21:46:00Z,CO,cases,1
4241,2020-05-22T21:46:00Z,CO,cases,1
4242,2020-05-22T21:46:00Z,CO,cases,1
4243,2020-05-21T22:59:00Z,CO,live,1
4244,2020-05-21T22:59:00Z,CO,live,1
4245,2020-05-21T22:59:00Z,CO,live,1
4246,2020-05-21T22:59:00Z,CO,live,1
4247,2020-05-21T21:26:00Z,CO,cases,0
4248,2020-05-21T21:26:00Z,CO,cases,0
4249,2020-05-21T21:26:00Z,CO,cases,0
4250,2020-05-21T21:26:00Z,CO,cases,0
4251,2020-05-20T23:05:00Z,CO,cases,0
4252,2020-05-20T23:05:00Z,CO,cases,0
4253,2020-05-20T23:05:00Z,CO,cases,0
4254,2020-05-20T23:05:00Z,CO,cases,0
4255,2020-05-20T23:00:00Z,CO,live,1
4256,2020-05-20T23:00:00Z,CO,live,1
4257,2020-05-20T23:00:00Z,CO,live,1
4258,2020-05-20T23:00:00Z,CO,live,1
4259,2020-05-19T22:59:00Z,CO,live,1
4260,2020-05-19T22:59:00Z,CO,live,1
4261,2020-05-19T22:59:00Z,CO,live,1
4262,2020-05-19T22:59:00Z,CO,live,1
4263,2020-05-19T22:59:00Z,CO,live,1
4264,2020-05-19T22:04:00Z,CO,cases,1
4265,2020-05-19T22:04:00Z,CO,cases,1
4266,2020-05-19T22:04:00Z,CO,cases,1
4267,2020-05-19T22:04:00Z,CO,cases,1
4268,2020-05-19T22:04:00Z,CO,cases,1
4269,2020-05-18T23:00:00Z,CO,live,1
4270,2020-05-18T23:00:00Z,CO,live,1
4271,2020-05-18T23:00:00Z,CO,live,1
4272,2020-05-18T23:00:00Z,CO,live,1
4273,2020-05-18T23:00:00Z,CO,live,1
4274,2020-05-18T21:56:00Z,CO,cases,1
4275,2020-05-18T21:56:00Z,CO,cases,1
4276,2020-05-18T21:56:00Z,CO,cases,1
4277,2020-05-18T21:56:00Z,CO,cases,1
4278,2020-05-18T21:56:00Z,CO,cases,1
4279,2020-05-17T23:00:00Z,CO,president speech,1
4280,2020-05-17T23:00:00Z,CO,president speech,1
4281,2020-05-17T23:00:00Z,CO,president speech,1
4282,2020-05-17T23:00:00Z,CO,president speech,1
4283,2020-05-17T23:00:00Z,CO,president speech,1
4284,2020-05-17T22:01:00Z,CO,cases,1
4285,2020-05-17T22:01:00Z,CO,cases,1
4286,2020-05-17T22:01:00Z,CO,cases,1
4287,2020-05-17T22:01:00Z,CO,cases,1
4288,2020-05-17T22:01:00Z,CO,cases,1
4289,2020-05-16T23:04:00Z,CO,president speech,0
4290,2020-05-16T23:04:00Z,CO,president speech,0
4291,2020-05-16T23:04:00Z,CO,president speech,0
4292,2020-05-16T23:04:00Z,CO,president speech,0
4293,2020-05-16T23:04:00Z,CO,president speech,0
4294,2020-05-16T21:53:00Z,CO,cases,1
4295,2020-05-16T21:53:00Z,CO,cases,1
4296,2020-05-16T21:53:00Z,CO,cases,1
4297,2020-05-16T21:53:00Z,CO,cases,1
4298,2020-05-16T21:53:00Z,CO,cases,1
4299,2020-05-15T22:59:00Z,CO,live,1
4300,2020-05-15T22:59:00Z,CO,live,1
4301,2020-05-15T22:59:00Z,CO,live,1
4302,2020-05-15T22:59:00Z,CO,live,1
4303,2020-05-15T22:59:00Z,CO,live,1
4304,2020-05-15T22:00:00Z,CO,cases,1
4305,2020-05-15T22:00:00Z,CO,cases,1
4306,2020-05-15T22:00:00Z,CO,cases,1
4307,2020-05-15T22:00:00Z,CO,cases,1
4308,2020-05-15T22:00:00Z,CO,cases,1
4309,2020-05-14T22:59:00Z,CO,live,1
4310,2020-05-14T22:59:00Z,CO,live,1
4311,2020-05-14T22:59:00Z,CO,live,1
4312,2020-05-14T22:59:00Z,CO,live,1
4313,2020-05-14T22:59:00Z,CO,live,1
4314,2020-05-14T21:56:00Z,CO,cases,1
4315,2020-05-14T21:56:00Z,CO,cases,1
4316,2020-05-14T21:56:00Z,CO,cases,1
4317,2020-05-14T21:56:00Z,CO,cases,1
4318,2020-05-14T21:56:00Z,CO,cases,1
4319,2020-05-13T23:00:00Z,CO,live,1
4320,2020-05-13T23:00:00Z,CO,live,1
4321,2020-05-13T23:00:00Z,CO,live,1
4322,2020-05-13T23:00:00Z,CO,live,1
4323,2020-05-13T23:00:00Z,CO,live,1
4324,2020-05-13T22:08:00Z,CO,cases,1
4325,2020-05-13T22:08:00Z,CO,cases,1
4326,2020-05-13T22:08:00Z,CO,cases,1
4327,2020-05-13T22:08:00Z,CO,cases,1
4328,2020-05-13T22:08:00Z,CO,cases,1
4329,2020-05-12T22:59:00Z,CO,live,1
4330,2020-05-12T22:59:00Z,CO,live,1
4331,2020-05-12T22:59:00Z,CO,live,1
4332,2020-05-12T22:59:00Z,CO,live,1
4333,2020-05-12T22:59:00Z,CO,live,1
4334,2020-05-12T21:58:00Z,CO,cases,1
4335,2020-05-12T21:58:00Z,CO,cases,1
4336,2020-05-12T21:58:00Z,CO,cases,1
4337,2020-05-12T21:58:00Z,CO,cases,1
4338,2020-05-12T21:58:00Z,CO,cases,1
4339,2020-05-11T22:59:00Z,CO,live,1
4340,2020-05-11T22:59:00Z,CO,live,1
4341,2020-05-11T22:59:00Z,CO,live,1
4342,2020-05-11T22:59:00Z,CO,live,1
4343,2020-05-11T22:59:00Z,CO,live,1
4344,2020-05-11T21:55:00Z,CO,cases,1
4345,2020-05-11T21:55:00Z,CO,cases,1
4346,2020-05-11T21:55:00Z,CO,cases,1
4347,2020-05-11T21:55:00Z,CO,cases,1
4348,2020-05-11T21:55:00Z,CO,cases,1
4349,2020-05-10T22:36:00Z,CO,cases,1
4350,2020-05-09T23:01:00Z,CO,president speech,0
4351,2020-05-09T21:47:00Z,CO,cases,1
4352,2020-05-08T22:59:00Z,CO,live,1
4353,2020-05-08T22:08:00Z,CO,cases,1
4354,2020-05-07T22:59:00Z,CO,live,1
4355,2020-05-07T22:25:00Z,CO,cases,1
4356,2020-05-06T22:59:00Z,CO,live,1
4357,2020-05-06T22:20:00Z,CO,cases,1
4358,2020-05-06T14:20:00Z,CO,live,0
4359,2020-05-05T22:59:00Z,CO,live,1
4360,2020-05-05T22:32:00Z,CO,cases,1
4361,2020-05-04T22:59:00Z,CO,live,1
4362,2020-05-04T21:44:00Z,CO,cases,1
4363,2020-05-03T23:00:00Z,CO,president speech,1
4364,2020-05-03T21:46:00Z,CO,cases,1
4365,2020-05-02T22:59:00Z,CO,president speech,1
4366,2020-05-02T22:05:00Z,CO,cases,1
4367,2020-05-01T21:30:00Z,CO,cases,0
4368,2020-05-01T15:59:00Z,CO,live,0
4369,2020-04-30T22:59:00Z,CO,live,1
4370,2020-04-30T22:24:00Z,CO,cases,1
4371,2020-04-29T22:59:00Z,CO,live,1
4372,2020-04-29T21:23:00Z,CO,cases,0
4373,2020-04-28T22:59:00Z,CO,live,1
4374,2020-04-28T22:13:00Z,CO,cases,1
4375,2020-04-27T21:35:00Z,CO,cases,1
4376,2020-04-26T23:00:00Z,CO,president speech,1
4377,2020-04-26T21:35:00Z,CO,cases,1
4378,2020-04-25T21:50:00Z,CO,cases,1
4379,2020-04-24T23:00:00Z,CO,live,1
4380,2020-04-24T21:24:00Z,CO,cases,0
4381,2020-04-23T23:00:00Z,CO,live,1
4382,2020-04-23T21:38:00Z,CO,cases,1
4383,2020-04-22T22:59:00Z,CO,live,1
4384,2020-04-22T21:17:00Z,CO,cases,0
4385,2020-04-21T23:00:00Z,CO,live,1
4386,2020-04-21T21:32:00Z,CO,cases,1
4387,2020-04-20T23:00:00Z,CO,live,1
4388,2020-04-20T21:28:00Z,CO,cases,0
4389,2020-04-19T23:00:00Z,CO,president speech,1
4390,2020-04-19T21:36:00Z,CO,cases,1
4391,2020-04-17T22:59:00Z,CO,live,1
4392,2020-04-16T22:59:00Z,CO,live,1
4393,2020-04-15T22:59:00Z,CO,live,1
4394,2020-04-14T22:59:00Z,CO,live,1
4395,2020-04-13T22:59:00Z,CO,live,1
4396,2020-04-12T22:59:00Z,CO,president speech,1
4397,2020-04-11T23:05:00Z,CO,president speech,0
4398,2020-04-09T23:00:00Z,CO,live,1
4399,2020-04-08T22:59:00Z,CO,live,1
4400,2020-04-07T22:59:00Z,CO,live,1
4401,2020-04-06T22:59:00Z,CO,live,1
4402,2020-04-06T21:02:00Z,CO,live,0
4403,2020-04-04T21:59:00Z,CO,president speech,1
4404,2020-04-01T21:59:00Z,CO,live,1
4405,2020-04-01T12:26:00Z,CO,president speech,0
4406,2020-03-31T21:59:00Z,CO,live,1
4407,2020-03-29T21:59:00Z,CO,president speech,1
4408,2020-03-28T21:54:00Z,CO,president speech,1
4409,2020-03-26T12:33:00Z,CO,president speech,0
4410,2020-03-25T22:00:00Z,CO,live,1
4411,2020-03-24T22:00:00Z,CO,live,1
4412,2020-03-23T00:00:00Z,CO,live,0
4413,2020-03-20T01:49:00Z,CO,president speech,0
4414,2020-03-19T00:30:00Z,CO,live,0
4415,2020-03-18T20:40:00Z,CO,live,0
4416,2020-03-16T22:59:00Z,CO,live,1
4417,2020-03-15T16:28:00Z,CO,live,0
4418,2020-03-14T21:05:00Z,CO,president speech,0
4419,2020-03-14T11:28:00Z,CO,cases,0
4420,2020-03-12T22:59:00Z,CO,live,1
4421,2020-03-12T11:59:00Z,CO,president speech,0
4422,2020-03-11T20:20:00Z,CO,cases,0
4423,2020-03-09T11:29:00Z,CO,cases,0
4424,2020-03-07T00:10:00Z,CO,president speech,0
4425,2020-03-06T19:05:00Z,CO,cases,0
4426,2020-03-06T11:42:00Z,CO,cases,0
4427,2020-03-05T12:08:00Z,CO,cases,0
4428,2020-03-04T12:48:00Z,CO,cases,0
4429,2020-03-03T12:09:00Z,CO,cases,0
4430,2020-03-02T12:42:00Z,CO,cases,0
4431,2020-02-29T20:00:00Z,CO,cases,0
4432,2020-02-27T20:04:00Z,CO,cases,0
4433,2020-02-26T14:42:00Z,CO,cases,0
4434,2020-02-25T13:22:00Z,CO,cases,0
4435,2020-02-24T13:02:00Z,CO,cases,0
4436,2020-02-23T13:59:00Z,CO,cases,0
4437,2020-02-22T21:32:00Z,CO,cases,1
4438,2020-02-21T13:54:00Z,CO,cases,0
4439,2020-02-20T11:54:00Z,CO,cases,0
4440,2020-02-19T18:34:00Z,CO,cases,0
4441,2020-02-18T14:27:00Z,CO,cases,0
4442,2020-02-17T12:47:00Z,CO,cases,0
4443,2020-02-16T16:28:00Z,CO,cases,0
4444,2020-02-15T16:09:00Z,CO,cases,0
4445,2020-02-14T12:16:00Z,CO,cases,0
4446,2020-02-12T12:38:00Z,CO,cases,0
4447,2020-02-11T12:22:00Z,CO,cases,0
4448,2020-02-10T11:36:00Z,CO,cases,0
4449,2020-02-09T14:12:00Z,CO,cases,0
4450,2020-02-08T13:39:00Z,CO,cases,0
4451,2020-02-07T12:01:00Z,CO,cases,0
4452,2020-02-06T15:48:00Z,CO,cases,0
4453,2020-02-05T12:23:00Z,CO,cases,0
4454,2020-02-04T14:15:00Z,CO,cases,0
4455,2020-02-03T11:54:00Z,CO,cases,0
4456,2020-02-02T13:39:00Z,CO,cases,0
4457,2020-02-01T14:23:00Z,CO,cases,0
4458,2020-01-30T12:18:00Z,CO,cases,0
4459,2020-01-29T13:01:00Z,CO,cases,0
4460,2020-01-28T12:32:00Z,CO,cases,0
4461,2020-01-27T17:17:00Z,CO,cases,0
4462,2020-01-26T14:28:00Z,CO,cases,0
4463,2020-01-25T20:54:00Z,CO,cases,0
4464,2022-02-28T09:16:50Z,CN-HK,other,1
4465,2022-02-28T08:29:49Z,CN-HK,live,1
4466,2022-02-27T08:52:34Z,CN-HK,cases,1
4467,2022-02-27T08:00:00Z,CN-HK,cases,1
4468,2022-02-26T09:27:30Z,CN-HK,cases,1
4469,2022-02-26T08:00:00Z,CN-HK,cases,1
4470,2022-02-25T09:42:05Z,CN-HK,cases,1
4471,2022-02-25T08:30:56Z,CN-HK,live,1
4472,2022-02-25T08:00:00Z,CN-HK,cases,1
4473,2022-02-24T09:53:31Z,CN-HK,cases,1
4474,2022-02-24T08:29:54Z,CN-HK,live,1
4475,2022-02-24T08:00:00Z,CN-HK,cases,1
4476,2022-02-23T08:26:42Z,CN-HK,live,1
4477,2022-02-23T08:00:00Z,CN-HK,cases,1
4478,2022-02-22T10:03:23Z,CN-HK,president speech,1
4479,2022-02-22T08:31:16Z,CN-HK,live,1
4480,2022-02-22T08:31:16Z,CN-HK,live,1
4481,2022-02-22T08:27:51Z,CN-HK,live,1
4482,2022-02-22T08:00:00Z,CN-HK,cases,1
4483,2022-02-21T08:32:23Z,CN-HK,live,1
4484,2022-02-21T08:32:23Z,CN-HK,live,1
4485,2022-02-21T08:27:38Z,CN-HK,live,1
4486,2022-02-21T08:00:00Z,CN-HK,cases,1
4487,2022-02-20T08:33:42Z,CN-HK,live,1
4488,2022-02-20T08:33:42Z,CN-HK,live,1
4489,2022-02-20T08:00:00Z,CN-HK,cases,1
4490,2022-02-19T08:30:54Z,CN-HK,live,1
4491,2022-02-19T08:30:54Z,CN-HK,live,1
4492,2022-02-19T08:30:01Z,CN-HK,live,1
4493,2022-02-19T08:00:00Z,CN-HK,cases,1
4494,2022-02-18T08:39:00Z,CN-HK,cases,1
4495,2022-02-18T08:38:11Z,CN-HK,live,1
4496,2022-02-18T08:38:11Z,CN-HK,live,1
4497,2022-02-18T08:30:40Z,CN-HK,live,1
4498,2022-02-18T08:07:36Z,CN-HK,live,1
4499,2022-02-18T08:07:36Z,CN-HK,live,1
4500,2022-02-18T08:00:00Z,CN-HK,cases,1
4501,2022-02-17T08:29:56Z,CN-HK,live,1
4502,2022-02-17T08:00:00Z,CN-HK,cases,1
4503,2022-02-16T08:29:11Z,CN-HK,live,1
4504,2022-02-16T08:00:00Z,CN-HK,cases,1
4505,2022-02-15T08:27:46Z,CN-HK,live,1
4506,2022-02-15T08:00:00Z,CN-HK,cases,1
4507,2022-02-14T08:30:38Z,CN-HK,live,1
4508,2022-02-14T08:00:00Z,CN-HK,cases,1
4509,2022-02-13T08:29:37Z,CN-HK,live,1
4510,2022-02-13T08:00:00Z,CN-HK,cases,1
4511,2022-02-12T08:00:00Z,CN-HK,cases,1
4512,2022-02-11T08:00:00Z,CN-HK,cases,1
4513,2022-02-11T02:50:09Z,CN-HK,other,1
4514,2022-02-10T08:00:00Z,CN-HK,cases,1
4515,2022-02-09T08:33:17Z,CN-HK,cases,1
4516,2022-02-09T08:00:00Z,CN-HK,cases,1
4517,2022-02-08T08:00:00Z,CN-HK,cases,1
4518,2022-02-08T01:53:47Z,CN-HK,president speech,1
4519,2022-02-07T08:33:19Z,CN-HK,live,1
4520,2022-02-07T08:00:00Z,CN-HK,cases,1
4521,2022-02-06T08:00:00Z,CN-HK,cases,1
4522,2022-02-05T09:49:16Z,CN-HK,cases,1
4523,2022-02-05T08:00:00Z,CN-HK,cases,1
4524,2022-02-04T09:35:24Z,CN-HK,president speech,1
4525,2022-02-04T08:49:07Z,CN-HK,live,1
4526,2022-02-04T08:00:00Z,CN-HK,cases,1
4527,2022-02-03T08:00:00Z,CN-HK,cases,1
4528,2022-02-02T08:00:00Z,CN-HK,cases,1
4529,2022-02-01T08:00:00Z,CN-HK,cases,1
4530,2022-01-31T08:00:00Z,CN-HK,cases,1
4531,2022-01-30T08:00:00Z,CN-HK,cases,1
4532,2022-01-29T08:00:00Z,CN-HK,cases,1
4533,2022-01-28T08:00:00Z,CN-HK,cases,1
4534,2022-01-27T09:36:21Z,CN-HK,president speech,1
4535,2022-01-27T08:00:00Z,CN-HK,cases,1
4536,2022-01-26T08:00:00Z,CN-HK,cases,1
4537,2022-01-25T08:00:00Z,CN-HK,cases,1
4538,2022-01-25T02:02:41Z,CN-HK,president speech,1
4539,2022-01-24T08:33:19Z,CN-HK,live,1
4540,2022-01-24T08:00:00Z,CN-HK,cases,1
4541,2022-01-23T08:00:00Z,CN-HK,cases,1
4542,2022-01-22T08:00:00Z,CN-HK,cases,1
4543,2022-01-21T08:00:00Z,CN-HK,cases,1
4544,2022-01-20T08:00:00Z,CN-HK,cases,1
4545,2022-01-19T08:00:00Z,CN-HK,cases,1
4546,2022-01-18T08:00:00Z,CN-HK,cases,1
4547,2022-01-18T01:52:19Z,CN-HK,president speech,1
4548,2022-01-17T08:00:00Z,CN-HK,cases,1
4549,2022-01-16T08:00:00Z,CN-HK,cases,1
4550,2022-01-15T08:00:00Z,CN-HK,cases,1
4551,2022-01-14T08:00:00Z,CN-HK,cases,1
4552,2022-01-13T08:00:00Z,CN-HK,cases,1
4553,2022-01-12T08:00:00Z,CN-HK,cases,1
4554,2022-01-11T08:00:00Z,CN-HK,cases,1
4555,2022-01-10T08:00:00Z,CN-HK,cases,1
4556,2022-01-09T08:00:00Z,CN-HK,cases,1
4557,2022-01-08T08:00:00Z,CN-HK,cases,1
4558,2022-01-07T08:00:00Z,CN-HK,cases,1
4559,2022-01-06T10:16:41Z,CN-HK,president speech,1
4560,2022-01-06T08:00:00Z,CN-HK,cases,1
4561,2022-01-05T08:00:00Z,CN-HK,cases,1
4562,2022-01-04T08:00:00Z,CN-HK,cases,1
4563,2022-01-03T08:00:00Z,CN-HK,cases,1
4564,2022-01-02T08:00:00Z,CN-HK,cases,1
4565,2022-01-01T08:00:00Z,CN-HK,cases,1
4566,2021-12-31T08:00:00Z,CN-HK,cases,1
4567,2021-12-30T08:00:00Z,CN-HK,cases,1
4568,2021-12-29T08:00:00Z,CN-HK,cases,1
4569,2021-12-28T08:00:00Z,CN-HK,cases,1
4570,2021-12-27T08:00:00Z,CN-HK,cases,1
4571,2021-12-26T08:00:00Z,CN-HK,cases,1
4572,2021-12-25T08:00:00Z,CN-HK,cases,1
4573,2021-12-24T08:00:00Z,CN-HK,cases,1
4574,2021-12-23T08:00:00Z,CN-HK,cases,1
4575,2021-12-22T08:00:00Z,CN-HK,cases,1
4576,2021-12-21T08:00:00Z,CN-HK,cases,1
4577,2021-12-20T08:00:00Z,CN-HK,cases,1
4578,2021-12-19T08:00:00Z,CN-HK,cases,1
4579,2021-12-18T08:00:00Z,CN-HK,cases,1
4580,2021-12-17T08:00:00Z,CN-HK,cases,1
4581,2021-12-16T08:00:00Z,CN-HK,cases,1
4582,2021-12-15T08:00:00Z,CN-HK,cases,1
4583,2021-12-14T08:00:00Z,CN-HK,cases,1
4584,2021-12-13T08:00:00Z,CN-HK,cases,1
4585,2021-12-12T08:00:00Z,CN-HK,cases,1
4586,2021-12-11T08:00:00Z,CN-HK,cases,1
4587,2021-12-10T08:00:00Z,CN-HK,cases,1
4588,2021-12-09T08:00:00Z,CN-HK,cases,1
4589,2021-12-09T00:40:00Z,CN-HK,other,1
4590,2021-12-08T08:00:00Z,CN-HK,cases,1
4591,2021-12-07T08:00:00Z,CN-HK,cases,1
4592,2021-12-06T08:00:00Z,CN-HK,cases,1
4593,2021-12-05T08:00:00Z,CN-HK,cases,1
4594,2021-12-04T08:00:00Z,CN-HK,cases,1
4595,2021-12-03T08:00:00Z,CN-HK,cases,1
4596,2021-12-02T08:00:00Z,CN-HK,cases,1
4597,2021-12-01T08:00:00Z,CN-HK,cases,1
4598,2021-11-30T08:00:00Z,CN-HK,cases,1
4599,2021-11-29T08:00:00Z,CN-HK,cases,1
4600,2021-11-28T08:00:00Z,CN-HK,cases,1
4601,2021-11-27T08:00:00Z,CN-HK,cases,1
4602,2021-11-26T08:00:00Z,CN-HK,cases,1
4603,2021-11-25T08:00:00Z,CN-HK,cases,1
4604,2021-11-24T08:00:00Z,CN-HK,cases,1
4605,2021-11-23T08:00:00Z,CN-HK,cases,1
4606,2021-11-22T08:00:00Z,CN-HK,cases,1
4607,2021-11-21T08:00:00Z,CN-HK,cases,1
4608,2021-11-20T08:00:00Z,CN-HK,cases,1
4609,2021-11-19T08:00:00Z,CN-HK,cases,1
4610,2021-11-18T08:00:00Z,CN-HK,cases,1
4611,2021-11-17T08:00:00Z,CN-HK,cases,1
4612,2021-11-16T08:00:00Z,CN-HK,cases,1
4613,2021-11-16T02:03:45Z,CN-HK,president speech,1
4614,2021-11-15T08:00:00Z,CN-HK,cases,1
4615,2021-11-14T08:00:00Z,CN-HK,cases,1
4616,2021-11-13T08:00:00Z,CN-HK,cases,1
4617,2021-11-12T08:00:00Z,CN-HK,cases,1
4618,2021-11-11T08:00:00Z,CN-HK,cases,1
4619,2021-11-10T08:00:00Z,CN-HK,cases,1
4620,2021-11-09T08:00:00Z,CN-HK,cases,1
4621,2021-11-08T08:00:00Z,CN-HK,cases,1
4622,2021-11-07T08:00:00Z,CN-HK,cases,1
4623,2021-11-06T08:00:00Z,CN-HK,cases,1
4624,2021-11-05T08:00:00Z,CN-HK,cases,1
4625,2021-11-04T08:00:00Z,CN-HK,cases,1
4626,2021-11-03T08:00:00Z,CN-HK,cases,1
4627,2021-11-02T08:00:00Z,CN-HK,cases,1
4628,2021-11-01T08:00:00Z,CN-HK,cases,1
4629,2021-10-31T08:00:00Z,CN-HK,cases,1
4630,2021-10-30T08:00:00Z,CN-HK,cases,1
4631,2021-10-29T08:00:00Z,CN-HK,cases,1
4632,2021-10-28T08:00:00Z,CN-HK,cases,1
4633,2021-10-27T08:00:00Z,CN-HK,cases,1
4634,2021-10-26T08:00:00Z,CN-HK,cases,1
4635,2021-10-25T08:00:00Z,CN-HK,cases,1
4636,2021-10-24T08:00:00Z,CN-HK,cases,1
4637,2021-10-23T08:00:00Z,CN-HK,cases,1
4638,2021-10-22T08:00:00Z,CN-HK,cases,1
4639,2021-10-21T08:00:00Z,CN-HK,cases,1
4640,2021-10-20T08:00:00Z,CN-HK,cases,1
4641,2021-10-19T08:00:00Z,CN-HK,cases,1
4642,2021-10-18T08:00:00Z,CN-HK,cases,1
4643,2021-10-17T08:00:00Z,CN-HK,cases,1
4644,2021-10-16T08:00:00Z,CN-HK,cases,1
4645,2021-10-15T10:27:02Z,CN-HK,live,1
4646,2021-10-15T08:00:00Z,CN-HK,cases,1
4647,2021-10-14T08:00:00Z,CN-HK,cases,1
4648,2021-10-13T08:00:00Z,CN-HK,cases,1
4649,2021-10-12T08:00:00Z,CN-HK,cases,1
4650,2021-10-11T08:00:00Z,CN-HK,cases,1
4651,2021-10-10T08:00:00Z,CN-HK,cases,1
4652,2021-10-09T08:00:00Z,CN-HK,cases,1
4653,2021-10-08T08:00:00Z,CN-HK,cases,1
4654,2021-10-07T08:00:00Z,CN-HK,cases,1
4655,2021-10-06T08:00:00Z,CN-HK,cases,1
4656,2021-10-05T08:00:00Z,CN-HK,cases,1
4657,2021-10-04T08:00:00Z,CN-HK,cases,1
4658,2021-10-03T08:00:00Z,CN-HK,cases,1
4659,2021-10-02T08:00:00Z,CN-HK,cases,1
4660,2021-10-01T08:00:00Z,CN-HK,cases,1
4661,2021-09-30T08:00:00Z,CN-HK,cases,1
4662,2021-09-29T08:00:00Z,CN-HK,cases,1
4663,2021-09-28T08:00:00Z,CN-HK,cases,1
4664,2021-09-27T08:00:00Z,CN-HK,cases,1
4665,2021-09-26T08:00:00Z,CN-HK,cases,1
4666,2021-09-25T08:00:00Z,CN-HK,cases,1
4667,2021-09-24T08:00:00Z,CN-HK,cases,1
4668,2021-09-23T08:00:00Z,CN-HK,cases,1
4669,2021-09-22T08:00:00Z,CN-HK,cases,1
4670,2021-09-21T08:00:00Z,CN-HK,cases,1
4671,2021-09-20T08:00:00Z,CN-HK,cases,1
4672,2021-09-19T08:00:00Z,CN-HK,cases,1
4673,2021-09-18T08:00:00Z,CN-HK,cases,1
4674,2021-09-17T08:00:00Z,CN-HK,cases,1
4675,2021-09-16T08:00:00Z,CN-HK,cases,1
4676,2021-09-15T08:00:00Z,CN-HK,cases,1
4677,2021-09-14T08:00:00Z,CN-HK,cases,1
4678,2021-09-13T08:00:00Z,CN-HK,cases,1
4679,2021-09-12T08:00:00Z,CN-HK,cases,1
4680,2021-09-11T08:00:00Z,CN-HK,cases,1
4681,2021-09-10T08:00:00Z,CN-HK,cases,1
4682,2021-09-09T08:00:00Z,CN-HK,cases,1
4683,2021-09-08T08:00:00Z,CN-HK,cases,1
4684,2021-09-07T08:00:00Z,CN-HK,cases,1
4685,2021-09-06T08:00:00Z,CN-HK,cases,1
4686,2021-09-05T08:00:00Z,CN-HK,cases,1
4687,2021-09-04T08:00:00Z,CN-HK,cases,1
4688,2021-09-03T08:00:00Z,CN-HK,cases,1
4689,2021-09-02T08:00:00Z,CN-HK,cases,1
4690,2021-09-01T08:00:00Z,CN-HK,cases,1
4691,2021-08-31T08:30:00Z,CN-HK,other,1
4692,2021-08-31T08:00:00Z,CN-HK,cases,1
4693,2021-08-30T08:30:00Z,CN-HK,other,1
4694,2021-08-30T08:00:00Z,CN-HK,cases,1
4695,2021-08-29T08:30:00Z,CN-HK,other,1
4696,2021-08-29T08:00:00Z,CN-HK,cases,1
4697,2021-08-28T08:30:00Z,CN-HK,other,1
4698,2021-08-28T08:00:00Z,CN-HK,cases,1
4699,2021-08-27T08:30:00Z,CN-HK,other,1
4700,2021-08-27T08:00:00Z,CN-HK,cases,1
4701,2021-08-26T08:30:00Z,CN-HK,other,1
4702,2021-08-26T08:00:00Z,CN-HK,cases,1
4703,2021-08-25T08:30:00Z,CN-HK,other,1
4704,2021-08-25T08:00:00Z,CN-HK,cases,1
4705,2021-08-24T08:30:00Z,CN-HK,other,1
4706,2021-08-24T08:00:00Z,CN-HK,cases,1
4707,2021-08-23T08:30:00Z,CN-HK,other,1
4708,2021-08-23T08:00:00Z,CN-HK,cases,1
4709,2021-08-22T08:30:00Z,CN-HK,other,1
4710,2021-08-22T08:00:00Z,CN-HK,cases,1
4711,2021-08-21T08:30:00Z,CN-HK,other,1
4712,2021-08-21T08:00:00Z,CN-HK,cases,1
4713,2021-08-20T08:30:00Z,CN-HK,other,1
4714,2021-08-20T08:00:00Z,CN-HK,cases,1
4715,2021-08-19T08:30:00Z,CN-HK,other,1
4716,2021-08-19T08:00:00Z,CN-HK,cases,1
4717,2021-08-18T08:30:00Z,CN-HK,other,1
4718,2021-08-18T08:00:00Z,CN-HK,cases,1
4719,2021-08-17T08:30:00Z,CN-HK,other,1
4720,2021-08-17T08:00:00Z,CN-HK,cases,1
4721,2021-08-16T08:30:00Z,CN-HK,other,1
4722,2021-08-16T08:00:00Z,CN-HK,cases,1
4723,2021-08-15T08:30:00Z,CN-HK,other,1
4724,2021-08-15T08:00:00Z,CN-HK,cases,1
4725,2021-08-14T08:30:00Z,CN-HK,other,1
4726,2021-08-14T08:00:00Z,CN-HK,cases,1
4727,2021-08-13T08:30:00Z,CN-HK,other,1
4728,2021-08-13T08:00:00Z,CN-HK,cases,1
4729,2021-08-12T08:30:00Z,CN-HK,other,1
4730,2021-08-12T08:00:00Z,CN-HK,cases,1
4731,2021-08-11T08:30:00Z,CN-HK,other,1
4732,2021-08-11T08:00:00Z,CN-HK,cases,1
4733,2021-08-10T08:30:00Z,CN-HK,other,1
4734,2021-08-10T08:00:00Z,CN-HK,cases,1
4735,2021-08-09T08:30:00Z,CN-HK,other,1
4736,2021-08-09T08:00:00Z,CN-HK,cases,1
4737,2021-08-08T08:30:00Z,CN-HK,other,1
4738,2021-08-08T08:00:00Z,CN-HK,cases,1
4739,2021-08-07T08:30:00Z,CN-HK,other,1
4740,2021-08-07T08:00:00Z,CN-HK,cases,1
4741,2021-08-06T08:30:00Z,CN-HK,other,1
4742,2021-08-06T08:00:00Z,CN-HK,cases,1
4743,2021-08-05T08:30:00Z,CN-HK,other,1
4744,2021-08-05T08:00:00Z,CN-HK,cases,1
4745,2021-08-04T08:30:00Z,CN-HK,other,1
4746,2021-08-04T08:00:00Z,CN-HK,cases,1
4747,2021-08-03T08:30:00Z,CN-HK,other,1
4748,2021-08-03T08:00:00Z,CN-HK,cases,1
4749,2021-08-02T08:30:00Z,CN-HK,other,1
4750,2021-08-02T08:00:00Z,CN-HK,cases,1
4751,2021-08-01T08:30:00Z,CN-HK,other,1
4752,2021-08-01T08:00:00Z,CN-HK,cases,1
4753,2021-07-31T08:30:00Z,CN-HK,other,1
4754,2021-07-31T08:00:00Z,CN-HK,cases,1
4755,2021-07-30T08:30:00Z,CN-HK,other,1
4756,2021-07-30T08:00:00Z,CN-HK,cases,1
4757,2021-07-29T08:30:00Z,CN-HK,other,1
4758,2021-07-29T08:00:00Z,CN-HK,cases,1
4759,2021-07-28T08:30:00Z,CN-HK,other,1
4760,2021-07-28T08:00:00Z,CN-HK,cases,1
4761,2021-07-27T08:30:00Z,CN-HK,other,1
4762,2021-07-27T08:00:00Z,CN-HK,cases,1
4763,2021-07-26T08:30:00Z,CN-HK,other,1
4764,2021-07-26T08:00:00Z,CN-HK,cases,1
4765,2021-07-25T08:30:00Z,CN-HK,other,1
4766,2021-07-25T08:00:00Z,CN-HK,cases,1
4767,2021-07-24T08:30:00Z,CN-HK,other,1
4768,2021-07-24T08:00:00Z,CN-HK,cases,1
4769,2021-07-23T08:30:00Z,CN-HK,other,1
4770,2021-07-23T08:00:00Z,CN-HK,cases,1
4771,2021-07-22T08:30:00Z,CN-HK,other,1
4772,2021-07-22T08:00:00Z,CN-HK,cases,1
4773,2021-07-21T08:30:00Z,CN-HK,other,1
4774,2021-07-21T08:00:00Z,CN-HK,cases,1
4775,2021-07-20T08:30:00Z,CN-HK,other,1
4776,2021-07-20T08:00:00Z,CN-HK,cases,1
4777,2021-07-19T08:30:00Z,CN-HK,other,1
4778,2021-07-19T08:00:00Z,CN-HK,cases,1
4779,2021-07-18T08:30:00Z,CN-HK,other,1
4780,2021-07-18T08:00:00Z,CN-HK,cases,1
4781,2021-07-17T08:30:00Z,CN-HK,other,1
4782,2021-07-17T08:00:00Z,CN-HK,cases,1
4783,2021-07-16T08:30:00Z,CN-HK,other,1
4784,2021-07-16T08:00:00Z,CN-HK,cases,1
4785,2021-07-15T08:30:00Z,CN-HK,other,1
4786,2021-07-15T08:00:00Z,CN-HK,cases,1
4787,2021-07-14T08:30:00Z,CN-HK,other,1
4788,2021-07-14T08:00:00Z,CN-HK,cases,1
4789,2021-07-13T08:30:00Z,CN-HK,other,1
4790,2021-07-13T08:00:00Z,CN-HK,cases,1
4791,2021-07-12T08:30:00Z,CN-HK,other,1
4792,2021-07-12T08:00:00Z,CN-HK,cases,1
4793,2021-07-11T08:30:00Z,CN-HK,other,1
4794,2021-07-11T08:00:00Z,CN-HK,cases,1
4795,2021-07-10T08:30:00Z,CN-HK,other,1
4796,2021-07-10T08:00:00Z,CN-HK,cases,1
4797,2021-07-09T08:30:00Z,CN-HK,other,1
4798,2021-07-09T08:00:00Z,CN-HK,cases,1
4799,2021-07-08T08:30:00Z,CN-HK,other,1
4800,2021-07-08T08:00:00Z,CN-HK,cases,1
4801,2021-07-07T08:30:00Z,CN-HK,other,1
4802,2021-07-07T08:00:00Z,CN-HK,cases,1
4803,2021-07-06T08:30:00Z,CN-HK,other,1
4804,2021-07-06T08:00:00Z,CN-HK,cases,1
4805,2021-07-05T08:30:00Z,CN-HK,other,1
4806,2021-07-05T08:00:00Z,CN-HK,cases,1
4807,2021-07-04T08:30:00Z,CN-HK,other,1
4808,2021-07-04T08:00:00Z,CN-HK,cases,1
4809,2021-07-03T08:30:00Z,CN-HK,other,1
4810,2021-07-03T08:00:00Z,CN-HK,cases,1
4811,2021-07-02T08:30:00Z,CN-HK,other,1
4812,2021-07-02T08:00:00Z,CN-HK,cases,1
4813,2021-07-01T08:30:00Z,CN-HK,other,1
4814,2021-07-01T08:00:00Z,CN-HK,cases,1
4815,2021-06-30T08:30:00Z,CN-HK,other,1
4816,2021-06-30T08:00:00Z,CN-HK,cases,1
4817,2021-06-29T08:30:00Z,CN-HK,other,1
4818,2021-06-29T08:00:00Z,CN-HK,cases,1
4819,2021-06-28T08:30:00Z,CN-HK,other,1
4820,2021-06-28T08:00:00Z,CN-HK,cases,1
4821,2021-06-27T08:30:00Z,CN-HK,other,1
4822,2021-06-27T08:00:00Z,CN-HK,cases,1
4823,2021-06-26T08:30:00Z,CN-HK,other,1
4824,2021-06-26T08:00:00Z,CN-HK,cases,1
4825,2021-06-25T08:30:00Z,CN-HK,other,1
4826,2021-06-25T08:00:00Z,CN-HK,cases,1
4827,2021-06-24T08:30:00Z,CN-HK,other,1
4828,2021-06-24T08:00:00Z,CN-HK,cases,1
4829,2021-06-23T08:30:00Z,CN-HK,other,1
4830,2021-06-23T08:00:00Z,CN-HK,cases,1
4831,2021-06-22T08:30:00Z,CN-HK,other,1
4832,2021-06-22T08:00:00Z,CN-HK,cases,1
4833,2021-06-21T08:30:00Z,CN-HK,other,1
4834,2021-06-21T08:00:00Z,CN-HK,cases,1
4835,2021-06-20T08:30:00Z,CN-HK,other,1
4836,2021-06-20T08:00:00Z,CN-HK,cases,1
4837,2021-06-19T08:30:00Z,CN-HK,other,1
4838,2021-06-19T08:00:00Z,CN-HK,cases,1
4839,2021-06-18T08:30:00Z,CN-HK,other,1
4840,2021-06-18T08:00:00Z,CN-HK,cases,1
4841,2021-06-17T08:30:00Z,CN-HK,other,1
4842,2021-06-17T08:00:00Z,CN-HK,cases,1
4843,2021-06-16T08:30:00Z,CN-HK,other,1
4844,2021-06-16T08:00:00Z,CN-HK,cases,1
4845,2021-06-15T08:30:00Z,CN-HK,other,1
4846,2021-06-15T08:00:00Z,CN-HK,cases,1
4847,2021-06-14T08:30:00Z,CN-HK,other,1
4848,2021-06-14T08:00:00Z,CN-HK,cases,1
4849,2021-06-13T08:30:00Z,CN-HK,other,1
4850,2021-06-13T08:00:00Z,CN-HK,cases,1
4851,2021-06-12T08:30:00Z,CN-HK,other,1
4852,2021-06-12T08:00:00Z,CN-HK,cases,1
4853,2021-06-11T08:30:00Z,CN-HK,other,1
4854,2021-06-11T08:00:00Z,CN-HK,cases,1
4855,2021-06-10T08:30:00Z,CN-HK,other,1
4856,2021-06-10T08:00:00Z,CN-HK,cases,1
4857,2021-06-09T08:30:00Z,CN-HK,other,1
4858,2021-06-09T08:00:00Z,CN-HK,cases,1
4859,2021-06-08T08:30:00Z,CN-HK,other,1
4860,2021-06-08T08:30:00Z,CN-HK,other,1
4861,2021-06-08T08:00:00Z,CN-HK,cases,1
4862,2021-06-08T08:00:00Z,CN-HK,cases,1
4863,2021-06-07T08:30:00Z,CN-HK,other,1
4864,2021-06-07T08:00:00Z,CN-HK,cases,1
4865,2021-06-06T08:30:00Z,CN-HK,other,1
4866,2021-06-06T08:00:00Z,CN-HK,cases,1
4867,2021-06-05T08:30:00Z,CN-HK,other,1
4868,2021-06-05T08:00:00Z,CN-HK,cases,1
4869,2021-06-04T08:30:00Z,CN-HK,other,1
4870,2021-06-04T08:00:00Z,CN-HK,cases,1
4871,2021-06-03T08:30:00Z,CN-HK,other,1
4872,2021-06-03T08:00:00Z,CN-HK,cases,1
4873,2021-06-02T08:30:00Z,CN-HK,other,1
4874,2021-06-02T08:00:00Z,CN-HK,cases,1
4875,2021-06-01T08:30:00Z,CN-HK,other,1
4876,2021-06-01T08:00:00Z,CN-HK,cases,1
4877,2021-05-31T08:30:00Z,CN-HK,other,1
4878,2021-05-31T08:00:00Z,CN-HK,cases,1
4879,2021-05-29T08:30:00Z,CN-HK,other,1
4880,2021-05-29T08:00:00Z,CN-HK,cases,1
4881,2021-05-28T08:30:00Z,CN-HK,other,1
4882,2021-05-28T08:00:00Z,CN-HK,cases,1
4883,2021-05-27T08:30:00Z,CN-HK,other,1
4884,2021-05-27T08:00:00Z,CN-HK,cases,1
4885,2021-05-26T08:30:00Z,CN-HK,other,1
4886,2021-05-26T08:00:00Z,CN-HK,cases,1
4887,2021-05-25T08:30:00Z,CN-HK,other,1
4888,2021-05-25T08:00:00Z,CN-HK,cases,1
4889,2021-05-24T08:30:00Z,CN-HK,other,1
4890,2021-05-24T08:00:00Z,CN-HK,cases,1
4891,2021-05-23T08:30:00Z,CN-HK,other,1
4892,2021-05-23T08:00:00Z,CN-HK,cases,1
4893,2021-05-22T08:30:00Z,CN-HK,other,1
4894,2021-05-22T08:00:00Z,CN-HK,cases,1
4895,2021-05-21T08:30:00Z,CN-HK,other,1
4896,2021-05-21T08:00:00Z,CN-HK,cases,1
4897,2021-05-20T08:30:00Z,CN-HK,other,1
4898,2021-05-20T08:00:00Z,CN-HK,cases,1
4899,2021-05-19T08:30:00Z,CN-HK,other,1
4900,2021-05-19T08:00:00Z,CN-HK,cases,1
4901,2021-05-18T08:30:00Z,CN-HK,other,1
4902,2021-05-18T08:00:00Z,CN-HK,cases,1
4903,2021-05-17T08:30:00Z,CN-HK,other,1
4904,2021-05-17T08:00:00Z,CN-HK,cases,1
4905,2021-05-16T08:30:00Z,CN-HK,other,1
4906,2021-05-16T08:00:00Z,CN-HK,cases,1
4907,2021-05-15T08:30:00Z,CN-HK,other,1
4908,2021-05-15T08:00:00Z,CN-HK,cases,1
4909,2021-05-14T08:30:00Z,CN-HK,other,1
4910,2021-05-14T08:00:00Z,CN-HK,cases,1
4911,2021-05-13T08:30:00Z,CN-HK,other,1
4912,2021-05-13T08:00:00Z,CN-HK,cases,1
4913,2021-05-12T08:30:00Z,CN-HK,other,1
4914,2021-05-12T08:00:00Z,CN-HK,cases,1
4915,2021-05-11T08:30:00Z,CN-HK,other,1
4916,2021-05-11T08:00:00Z,CN-HK,cases,1
4917,2021-05-10T08:30:00Z,CN-HK,other,1
4918,2021-05-10T08:00:00Z,CN-HK,cases,1
4919,2021-05-09T08:30:00Z,CN-HK,other,1
4920,2021-05-09T08:30:00Z,CN-HK,other,1
4921,2021-05-09T08:00:00Z,CN-HK,cases,1
4922,2021-05-09T08:00:00Z,CN-HK,cases,1
4923,2021-05-08T08:30:00Z,CN-HK,other,1
4924,2021-05-08T08:00:00Z,CN-HK,cases,1
4925,2021-05-07T08:30:00Z,CN-HK,other,1
4926,2021-05-07T08:00:00Z,CN-HK,cases,1
4927,2021-05-06T08:30:00Z,CN-HK,other,1
4928,2021-05-06T08:00:00Z,CN-HK,cases,1
4929,2021-05-05T08:30:00Z,CN-HK,other,1
4930,2021-05-05T08:00:00Z,CN-HK,cases,1
4931,2021-05-04T08:30:00Z,CN-HK,other,1
4932,2021-05-04T08:00:00Z,CN-HK,cases,1
4933,2021-05-03T08:30:00Z,CN-HK,other,1
4934,2021-05-03T08:00:00Z,CN-HK,cases,1
4935,2021-05-02T08:30:00Z,CN-HK,other,1
4936,2021-05-02T08:00:00Z,CN-HK,cases,1
4937,2021-05-01T08:30:00Z,CN-HK,other,1
4938,2021-05-01T08:00:00Z,CN-HK,cases,1
4939,2021-04-30T08:30:00Z,CN-HK,other,1
4940,2021-04-30T08:00:00Z,CN-HK,cases,1
4941,2021-04-29T08:30:00Z,CN-HK,other,1
4942,2021-04-29T08:00:00Z,CN-HK,cases,1
4943,2021-04-28T08:30:00Z,CN-HK,other,1
4944,2021-04-28T08:00:00Z,CN-HK,cases,1
4945,2021-04-27T08:30:00Z,CN-HK,other,1
4946,2021-04-27T08:00:00Z,CN-HK,cases,1
4947,2021-04-26T08:30:00Z,CN-HK,other,1
4948,2021-04-26T08:00:00Z,CN-HK,cases,1
4949,2021-04-25T08:30:00Z,CN-HK,other,1
4950,2021-04-25T08:00:00Z,CN-HK,cases,1
4951,2021-04-24T08:30:00Z,CN-HK,other,1
4952,2021-04-24T08:00:00Z,CN-HK,cases,1
4953,2021-04-23T08:30:00Z,CN-HK,other,1
4954,2021-04-23T08:00:00Z,CN-HK,cases,1
4955,2021-04-22T08:30:00Z,CN-HK,other,1
4956,2021-04-22T08:00:00Z,CN-HK,cases,1
4957,2021-04-21T08:30:00Z,CN-HK,other,1
4958,2021-04-21T08:00:00Z,CN-HK,cases,1
4959,2021-04-20T08:30:00Z,CN-HK,other,1
4960,2021-04-20T08:00:00Z,CN-HK,cases,1
4961,2021-04-19T08:30:00Z,CN-HK,other,1
4962,2021-04-19T08:00:00Z,CN-HK,cases,1
4963,2021-04-18T08:30:00Z,CN-HK,other,1
4964,2021-04-18T08:00:00Z,CN-HK,cases,1
4965,2021-04-17T08:30:00Z,CN-HK,other,1
4966,2021-04-17T08:00:00Z,CN-HK,cases,1
4967,2021-04-16T08:30:00Z,CN-HK,other,1
4968,2021-04-16T08:00:00Z,CN-HK,cases,1
4969,2021-04-15T08:30:00Z,CN-HK,other,1
4970,2021-04-15T08:00:00Z,CN-HK,cases,1
4971,2021-04-14T08:30:00Z,CN-HK,other,1
4972,2021-04-14T08:00:00Z,CN-HK,cases,1
4973,2021-04-13T08:30:00Z,CN-HK,other,1
4974,2021-04-13T08:00:00Z,CN-HK,cases,1
4975,2021-04-12T08:30:00Z,CN-HK,other,1
4976,2021-04-12T08:00:00Z,CN-HK,cases,1
4977,2021-04-11T08:30:00Z,CN-HK,other,1
4978,2021-04-11T08:00:00Z,CN-HK,cases,1
4979,2021-04-10T08:30:00Z,CN-HK,other,1
4980,2021-04-10T08:00:00Z,CN-HK,cases,1
4981,2021-04-09T08:30:00Z,CN-HK,other,1
4982,2021-04-09T08:00:00Z,CN-HK,cases,1
4983,2021-04-08T08:30:00Z,CN-HK,other,1
4984,2021-04-08T08:00:00Z,CN-HK,cases,1
4985,2021-04-07T08:30:00Z,CN-HK,other,1
4986,2021-04-07T08:00:00Z,CN-HK,cases,1
4987,2021-04-06T08:30:00Z,CN-HK,other,1
4988,2021-04-06T08:00:00Z,CN-HK,cases,1
4989,2021-04-05T08:30:00Z,CN-HK,other,1
4990,2021-04-05T08:00:00Z,CN-HK,cases,1
4991,2021-04-04T08:30:00Z,CN-HK,other,1
4992,2021-04-04T08:00:00Z,CN-HK,cases,1
4993,2021-04-03T08:30:00Z,CN-HK,other,1
4994,2021-04-03T08:00:00Z,CN-HK,cases,1
4995,2021-04-02T08:30:00Z,CN-HK,other,1
4996,2021-04-02T08:00:00Z,CN-HK,cases,1
4997,2021-04-01T08:30:00Z,CN-HK,other,1
4998,2021-04-01T08:00:00Z,CN-HK,cases,1
4999,2021-03-31T08:30:00Z,CN-HK,other,1
5000,2021-03-31T08:00:00Z,CN-HK,cases,1
5001,2021-03-30T08:30:00Z,CN-HK,other,1
5002,2021-03-30T08:00:00Z,CN-HK,cases,1
5003,2021-03-29T08:30:00Z,CN-HK,other,1
5004,2021-03-29T08:00:00Z,CN-HK,cases,1
5005,2021-03-28T08:30:00Z,CN-HK,other,1
5006,2021-03-28T08:00:00Z,CN-HK,cases,1
5007,2021-03-27T08:30:00Z,CN-HK,other,1
5008,2021-03-27T08:00:00Z,CN-HK,cases,1
5009,2021-03-26T08:30:00Z,CN-HK,other,1
5010,2021-03-26T08:00:00Z,CN-HK,cases,1
5011,2021-03-25T08:30:00Z,CN-HK,other,1
5012,2021-03-25T08:00:00Z,CN-HK,cases,1
5013,2021-03-24T08:30:00Z,CN-HK,other,1
5014,2021-03-24T08:00:00Z,CN-HK,cases,1
5015,2021-03-23T08:30:00Z,CN-HK,other,1
5016,2021-03-23T08:00:00Z,CN-HK,cases,1
5017,2021-03-22T08:30:00Z,CN-HK,other,1
5018,2021-03-22T08:00:00Z,CN-HK,cases,1
5019,2021-03-21T08:30:00Z,CN-HK,other,1
5020,2021-03-21T08:00:00Z,CN-HK,cases,1
5021,2021-03-20T08:30:00Z,CN-HK,other,1
5022,2021-03-20T08:00:00Z,CN-HK,cases,1
5023,2021-03-19T08:30:00Z,CN-HK,other,1
5024,2021-03-19T08:00:00Z,CN-HK,cases,1
5025,2021-03-18T08:30:00Z,CN-HK,other,1
5026,2021-03-18T08:00:00Z,CN-HK,cases,1
5027,2021-03-17T08:30:00Z,CN-HK,other,1
5028,2021-03-17T08:00:00Z,CN-HK,cases,1
5029,2021-03-16T08:30:00Z,CN-HK,other,1
5030,2021-03-16T08:00:00Z,CN-HK,cases,1
5031,2021-03-15T08:30:00Z,CN-HK,other,1
5032,2021-03-15T08:00:00Z,CN-HK,cases,1
5033,2021-03-14T08:30:00Z,CN-HK,other,1
5034,2021-03-14T08:00:00Z,CN-HK,cases,1
5035,2021-03-13T08:30:00Z,CN-HK,other,1
5036,2021-03-13T08:00:00Z,CN-HK,cases,1
5037,2021-03-12T08:30:00Z,CN-HK,other,1
5038,2021-03-12T08:00:00Z,CN-HK,cases,1
5039,2021-03-11T08:30:00Z,CN-HK,other,1
5040,2021-03-11T08:00:00Z,CN-HK,cases,1
5041,2021-03-10T08:30:00Z,CN-HK,other,1
5042,2021-03-10T08:00:00Z,CN-HK,cases,1
5043,2021-03-09T08:30:00Z,CN-HK,other,1
5044,2021-03-09T08:00:00Z,CN-HK,cases,1
5045,2021-03-08T08:30:00Z,CN-HK,other,1
5046,2021-03-08T08:00:00Z,CN-HK,cases,1
5047,2021-03-07T08:30:00Z,CN-HK,other,1
5048,2021-03-07T08:00:00Z,CN-HK,cases,1
5049,2021-03-06T08:30:00Z,CN-HK,other,1
5050,2021-03-06T08:00:00Z,CN-HK,cases,1
5051,2021-03-05T08:30:00Z,CN-HK,other,1
5052,2021-03-05T08:00:00Z,CN-HK,cases,1
5053,2021-03-04T08:30:00Z,CN-HK,other,1
5054,2021-03-04T08:00:00Z,CN-HK,cases,1
5055,2021-03-03T08:30:00Z,CN-HK,other,1
5056,2021-03-03T08:00:00Z,CN-HK,cases,1
5057,2021-03-02T08:30:00Z,CN-HK,other,1
5058,2021-03-02T08:30:00Z,CN-HK,other,1
5059,2021-03-02T08:00:00Z,CN-HK,cases,1
5060,2021-03-02T08:00:00Z,CN-HK,cases,1
5061,2021-03-01T08:30:00Z,CN-HK,other,1
5062,2021-03-01T08:00:00Z,CN-HK,cases,1
5063,2021-02-28T08:30:00Z,CN-HK,other,1
5064,2021-02-28T08:00:00Z,CN-HK,cases,1
5065,2021-02-27T08:30:00Z,CN-HK,other,1
5066,2021-02-27T08:00:00Z,CN-HK,cases,1
5067,2021-02-26T08:30:00Z,CN-HK,other,1
5068,2021-02-26T08:00:00Z,CN-HK,cases,1
5069,2021-02-25T08:30:00Z,CN-HK,other,1
5070,2021-02-25T08:00:00Z,CN-HK,cases,1
5071,2021-02-24T08:30:00Z,CN-HK,other,1
5072,2021-02-24T08:00:00Z,CN-HK,cases,1
5073,2021-02-23T08:30:00Z,CN-HK,other,1
5074,2021-02-23T08:00:00Z,CN-HK,cases,1
5075,2021-02-22T08:30:00Z,CN-HK,other,1
5076,2021-02-22T08:00:00Z,CN-HK,cases,1
5077,2021-02-21T08:30:00Z,CN-HK,other,1
5078,2021-02-21T08:00:00Z,CN-HK,cases,1
5079,2021-02-20T08:30:00Z,CN-HK,other,1
5080,2021-02-20T08:00:00Z,CN-HK,cases,1
5081,2021-02-19T08:30:00Z,CN-HK,other,1
5082,2021-02-19T08:00:00Z,CN-HK,cases,1
5083,2021-02-18T08:30:00Z,CN-HK,other,1
5084,2021-02-18T08:00:00Z,CN-HK,cases,1
5085,2021-02-17T08:30:00Z,CN-HK,other,1
5086,2021-02-17T08:00:00Z,CN-HK,cases,1
5087,2021-02-16T08:30:00Z,CN-HK,other,1
5088,2021-02-16T08:00:00Z,CN-HK,cases,1
5089,2021-02-15T08:30:00Z,CN-HK,other,1
5090,2021-02-15T08:00:00Z,CN-HK,cases,1
5091,2021-02-14T08:30:00Z,CN-HK,other,1
5092,2021-02-14T08:00:00Z,CN-HK,cases,1
5093,2021-02-13T08:30:00Z,CN-HK,other,1
5094,2021-02-13T08:00:00Z,CN-HK,cases,1
5095,2021-02-12T08:30:00Z,CN-HK,other,1
5096,2021-02-12T08:00:00Z,CN-HK,cases,1
5097,2021-02-11T08:30:00Z,CN-HK,other,1
5098,2021-02-11T08:00:00Z,CN-HK,cases,1
5099,2021-02-10T08:30:00Z,CN-HK,other,1
5100,2021-02-10T08:00:00Z,CN-HK,cases,1
5101,2021-02-09T08:30:00Z,CN-HK,other,1
5102,2021-02-09T08:00:00Z,CN-HK,cases,1
5103,2021-02-08T08:30:00Z,CN-HK,other,1
5104,2021-02-08T08:00:00Z,CN-HK,cases,1
5105,2021-02-07T08:30:00Z,CN-HK,other,1
5106,2021-02-07T08:00:00Z,CN-HK,cases,1
5107,2021-02-06T08:30:00Z,CN-HK,other,1
5108,2021-02-06T08:00:00Z,CN-HK,cases,1
5109,2021-02-05T08:30:00Z,CN-HK,other,1
5110,2021-02-05T08:00:00Z,CN-HK,cases,1
5111,2021-02-04T08:30:00Z,CN-HK,other,1
5112,2021-02-04T08:00:00Z,CN-HK,cases,1
5113,2021-02-03T08:30:00Z,CN-HK,other,1
5114,2021-02-03T08:00:00Z,CN-HK,cases,1
5115,2021-02-02T08:30:00Z,CN-HK,other,1
5116,2021-02-02T08:00:00Z,CN-HK,cases,1
5117,2021-02-01T08:30:00Z,CN-HK,other,1
5118,2021-02-01T08:00:00Z,CN-HK,cases,1
5119,2021-01-31T08:30:00Z,CN-HK,other,1
5120,2021-01-31T08:00:00Z,CN-HK,cases,1
5121,2021-01-30T08:30:00Z,CN-HK,other,1
5122,2021-01-30T08:30:00Z,CN-HK,other,1
5123,2021-01-30T08:00:00Z,CN-HK,cases,1
5124,2021-01-30T08:00:00Z,CN-HK,cases,1
5125,2021-01-29T08:30:00Z,CN-HK,other,1
5126,2021-01-29T08:00:00Z,CN-HK,cases,1
5127,2021-01-28T08:30:00Z,CN-HK,other,1
5128,2021-01-28T08:00:00Z,CN-HK,cases,1
5129,2021-01-27T08:30:00Z,CN-HK,other,1
5130,2021-01-27T08:00:00Z,CN-HK,cases,1
5131,2021-01-26T08:30:00Z,CN-HK,other,1
5132,2021-01-26T08:00:00Z,CN-HK,cases,1
5133,2021-01-25T08:30:00Z,CN-HK,other,1
5134,2021-01-25T08:00:00Z,CN-HK,cases,1
5135,2021-01-24T08:30:00Z,CN-HK,other,1
5136,2021-01-24T08:00:00Z,CN-HK,cases,1
5137,2021-01-23T08:30:00Z,CN-HK,other,1
5138,2021-01-23T08:00:00Z,CN-HK,cases,1
5139,2021-01-22T08:30:00Z,CN-HK,other,1
5140,2021-01-22T08:00:00Z,CN-HK,cases,1
5141,2021-01-21T08:30:00Z,CN-HK,other,1
5142,2021-01-21T08:00:00Z,CN-HK,cases,1
5143,2021-01-20T08:30:00Z,CN-HK,other,1
5144,2021-01-20T08:00:00Z,CN-HK,cases,1
5145,2021-01-19T08:30:00Z,CN-HK,other,1
5146,2021-01-19T08:00:00Z,CN-HK,cases,1
5147,2021-01-18T08:30:00Z,CN-HK,other,1
5148,2021-01-18T08:00:00Z,CN-HK,cases,1
5149,2021-01-17T08:30:00Z,CN-HK,other,1
5150,2021-01-17T08:00:00Z,CN-HK,cases,1
5151,2021-01-16T08:30:00Z,CN-HK,other,1
5152,2021-01-16T08:00:00Z,CN-HK,cases,1
5153,2021-01-15T08:30:00Z,CN-HK,other,1
5154,2021-01-15T08:00:00Z,CN-HK,cases,1
5155,2021-01-14T08:30:00Z,CN-HK,other,1
5156,2021-01-14T08:30:00Z,CN-HK,other,1
5157,2021-01-14T08:00:00Z,CN-HK,cases,1
5158,2021-01-14T08:00:00Z,CN-HK,cases,1
5159,2021-01-13T08:30:00Z,CN-HK,other,1
5160,2021-01-13T08:00:00Z,CN-HK,cases,1
5161,2021-01-12T08:30:00Z,CN-HK,other,1
5162,2021-01-12T08:00:00Z,CN-HK,cases,1
5163,2021-01-11T08:30:00Z,CN-HK,other,1
5164,2021-01-11T08:00:00Z,CN-HK,cases,1
5165,2021-01-10T08:30:00Z,CN-HK,other,1
5166,2021-01-10T08:00:00Z,CN-HK,cases,1
5167,2021-01-09T08:30:00Z,CN-HK,other,1
5168,2021-01-09T08:00:00Z,CN-HK,cases,1
5169,2021-01-08T08:30:00Z,CN-HK,other,1
5170,2021-01-08T08:00:00Z,CN-HK,cases,1
5171,2021-01-07T08:30:00Z,CN-HK,other,1
5172,2021-01-07T08:00:00Z,CN-HK,cases,1
5173,2021-01-06T08:30:00Z,CN-HK,other,1
5174,2021-01-06T08:00:00Z,CN-HK,cases,1
5175,2021-01-05T08:30:00Z,CN-HK,other,1
5176,2021-01-05T08:00:00Z,CN-HK,cases,1
5177,2021-01-04T08:30:00Z,CN-HK,other,1
5178,2021-01-04T08:00:00Z,CN-HK,cases,1
5179,2021-01-03T08:30:00Z,CN-HK,other,1
5180,2021-01-03T08:00:00Z,CN-HK,cases,1
5181,2021-01-02T08:30:00Z,CN-HK,other,1
5182,2021-01-02T08:00:00Z,CN-HK,cases,1
5183,2021-01-01T08:30:00Z,CN-HK,other,1
5184,2021-01-01T08:00:00Z,CN-HK,cases,1
5185,2020-12-31T08:30:00Z,CN-HK,other,1
5186,2020-12-31T08:00:00Z,CN-HK,cases,1
5187,2020-12-30T08:30:00Z,CN-HK,other,1
5188,2020-12-30T08:00:00Z,CN-HK,cases,1
5189,2020-12-29T08:30:00Z,CN-HK,other,1
5190,2020-12-29T08:00:00Z,CN-HK,cases,1
5191,2020-12-28T08:30:00Z,CN-HK,other,1
5192,2020-12-28T08:00:00Z,CN-HK,cases,1
5193,2020-12-27T08:30:00Z,CN-HK,other,1
5194,2020-12-27T08:00:00Z,CN-HK,cases,1
5195,2020-12-26T08:30:00Z,CN-HK,other,1
5196,2020-12-26T08:00:00Z,CN-HK,cases,1
5197,2020-12-25T08:30:00Z,CN-HK,other,1
5198,2020-12-25T08:00:00Z,CN-HK,cases,1
5199,2020-12-24T08:30:00Z,CN-HK,other,1
5200,2020-12-24T08:00:00Z,CN-HK,cases,1
5201,2020-12-23T08:30:00Z,CN-HK,other,1
5202,2020-12-23T08:00:00Z,CN-HK,cases,1
5203,2020-12-22T08:30:00Z,CN-HK,other,1
5204,2020-12-22T08:00:00Z,CN-HK,cases,1
5205,2020-12-21T08:30:00Z,CN-HK,other,1
5206,2020-12-21T08:00:00Z,CN-HK,cases,1
5207,2020-12-20T08:30:00Z,CN-HK,other,1
5208,2020-12-20T08:00:00Z,CN-HK,cases,1
5209,2020-12-19T08:30:00Z,CN-HK,other,1
5210,2020-12-19T08:30:00Z,CN-HK,other,1
5211,2020-12-19T08:00:00Z,CN-HK,cases,1
5212,2020-12-19T08:00:00Z,CN-HK,cases,1
5213,2020-12-18T08:30:00Z,CN-HK,other,1
5214,2020-12-18T08:00:00Z,CN-HK,cases,1
5215,2020-12-17T08:30:00Z,CN-HK,other,1
5216,2020-12-17T08:00:00Z,CN-HK,cases,1
5217,2020-12-16T08:30:00Z,CN-HK,other,1
5218,2020-12-16T08:00:00Z,CN-HK,cases,1
5219,2020-12-15T08:30:00Z,CN-HK,other,1
5220,2020-12-15T08:00:00Z,CN-HK,cases,1
5221,2020-12-14T08:30:00Z,CN-HK,other,1
5222,2020-12-14T08:00:00Z,CN-HK,cases,1
5223,2020-12-13T08:30:00Z,CN-HK,other,1
5224,2020-12-13T08:00:00Z,CN-HK,cases,1
5225,2020-12-12T08:30:00Z,CN-HK,other,1
5226,2020-12-12T08:00:00Z,CN-HK,cases,1
5227,2020-12-11T08:30:00Z,CN-HK,other,1
5228,2020-12-11T08:00:00Z,CN-HK,cases,1
5229,2020-12-10T08:30:00Z,CN-HK,other,1
5230,2020-12-10T08:00:00Z,CN-HK,cases,1
5231,2020-12-09T08:30:00Z,CN-HK,other,1
5232,2020-12-09T08:00:00Z,CN-HK,cases,1
5233,2020-12-08T08:30:00Z,CN-HK,other,1
5234,2020-12-08T08:00:00Z,CN-HK,cases,1
5235,2020-12-07T08:30:00Z,CN-HK,other,1
5236,2020-12-07T08:30:00Z,CN-HK,other,1
5237,2020-12-07T08:00:00Z,CN-HK,cases,1
5238,2020-12-07T08:00:00Z,CN-HK,cases,1
5239,2020-12-06T08:30:00Z,CN-HK,other,1
5240,2020-12-06T08:00:00Z,CN-HK,cases,1
5241,2020-12-05T08:30:00Z,CN-HK,other,1
5242,2020-12-05T08:00:00Z,CN-HK,cases,1
5243,2020-12-04T08:30:00Z,CN-HK,other,1
5244,2020-12-04T08:00:00Z,CN-HK,cases,1
5245,2020-12-03T08:30:00Z,CN-HK,other,1
5246,2020-12-03T08:00:00Z,CN-HK,cases,1
5247,2020-12-02T08:30:00Z,CN-HK,other,1
5248,2020-12-02T08:00:00Z,CN-HK,cases,1
5249,2020-12-01T08:30:00Z,CN-HK,other,1
5250,2020-12-01T08:00:00Z,CN-HK,cases,1
5251,2020-11-30T08:30:00Z,CN-HK,other,1
5252,2020-11-30T08:00:00Z,CN-HK,cases,1
5253,2020-11-29T08:30:00Z,CN-HK,other,1
5254,2020-11-29T08:00:00Z,CN-HK,cases,1
5255,2020-11-28T08:30:00Z,CN-HK,other,1
5256,2020-11-28T08:00:00Z,CN-HK,cases,1
5257,2020-11-27T08:30:00Z,CN-HK,other,1
5258,2020-11-27T08:00:00Z,CN-HK,cases,1
5259,2020-11-26T08:30:00Z,CN-HK,other,1
5260,2020-11-26T08:00:00Z,CN-HK,cases,1
5261,2020-11-25T08:30:00Z,CN-HK,other,1
5262,2020-11-25T08:30:00Z,CN-HK,other,1
5263,2020-11-25T08:00:00Z,CN-HK,cases,1
5264,2020-11-25T08:00:00Z,CN-HK,cases,1
5265,2020-11-24T08:30:00Z,CN-HK,other,1
5266,2020-11-24T08:00:00Z,CN-HK,cases,1
5267,2020-11-23T08:30:00Z,CN-HK,other,1
5268,2020-11-23T08:00:00Z,CN-HK,cases,1
5269,2020-11-22T08:30:00Z,CN-HK,other,1
5270,2020-11-22T08:00:00Z,CN-HK,cases,1
5271,2020-11-21T08:30:00Z,CN-HK,other,1
5272,2020-11-21T08:30:00Z,CN-HK,other,1
5273,2020-11-21T08:00:00Z,CN-HK,cases,1
5274,2020-11-21T08:00:00Z,CN-HK,cases,1
5275,2020-11-20T08:30:00Z,CN-HK,other,1
5276,2020-11-20T08:00:00Z,CN-HK,cases,1
5277,2020-11-19T08:30:00Z,CN-HK,other,1
5278,2020-11-19T08:00:00Z,CN-HK,cases,1
5279,2020-11-18T08:30:00Z,CN-HK,other,1
5280,2020-11-18T08:00:00Z,CN-HK,cases,1
5281,2020-11-17T08:30:00Z,CN-HK,other,1
5282,2020-11-17T08:00:00Z,CN-HK,cases,1
5283,2020-11-16T08:30:00Z,CN-HK,other,1
5284,2020-11-16T08:00:00Z,CN-HK,cases,1
5285,2020-11-15T08:30:00Z,CN-HK,other,1
5286,2020-11-15T08:00:00Z,CN-HK,cases,1
5287,2020-11-14T08:30:00Z,CN-HK,other,1
5288,2020-11-14T08:30:00Z,CN-HK,other,1
5289,2020-11-14T08:00:00Z,CN-HK,cases,1
5290,2020-11-14T08:00:00Z,CN-HK,cases,1
5291,2020-11-13T08:30:00Z,CN-HK,other,1
5292,2020-11-13T08:00:00Z,CN-HK,cases,1
5293,2020-11-12T08:30:00Z,CN-HK,other,1
5294,2020-11-12T08:00:00Z,CN-HK,cases,1
5295,2020-11-11T08:30:00Z,CN-HK,other,1
5296,2020-11-11T08:00:00Z,CN-HK,cases,1
5297,2020-11-10T08:30:00Z,CN-HK,other,1
5298,2020-11-10T08:00:00Z,CN-HK,cases,1
5299,2020-11-09T08:30:00Z,CN-HK,other,1
5300,2020-11-09T08:00:00Z,CN-HK,cases,1
5301,2020-11-08T08:30:00Z,CN-HK,other,1
5302,2020-11-08T08:00:00Z,CN-HK,cases,1
5303,2020-11-07T08:30:00Z,CN-HK,other,1
5304,2020-11-07T08:00:00Z,CN-HK,cases,1
5305,2020-11-06T08:30:00Z,CN-HK,other,1
5306,2020-11-06T08:00:00Z,CN-HK,cases,1
5307,2020-11-05T08:30:00Z,CN-HK,other,1
5308,2020-11-05T08:00:00Z,CN-HK,cases,1
5309,2020-11-04T08:30:00Z,CN-HK,other,1
5310,2020-11-04T08:00:00Z,CN-HK,cases,1
5311,2020-11-03T08:30:00Z,CN-HK,other,1
5312,2020-11-03T08:00:00Z,CN-HK,cases,1
5313,2020-11-02T08:30:00Z,CN-HK,other,1
5314,2020-11-02T08:00:00Z,CN-HK,cases,1
5315,2020-11-01T08:30:00Z,CN-HK,other,1
5316,2020-11-01T08:00:00Z,CN-HK,cases,1
5317,2020-10-31T08:30:00Z,CN-HK,other,1
5318,2020-10-31T08:00:00Z,CN-HK,cases,1
5319,2020-10-30T08:30:00Z,CN-HK,other,1
5320,2020-10-30T08:00:00Z,CN-HK,cases,1
5321,2020-10-29T08:30:00Z,CN-HK,other,1
5322,2020-10-29T08:00:00Z,CN-HK,cases,1
5323,2020-10-28T08:30:00Z,CN-HK,other,1
5324,2020-10-28T08:00:00Z,CN-HK,cases,1
5325,2020-10-27T08:30:00Z,CN-HK,other,1
5326,2020-10-27T08:00:00Z,CN-HK,cases,1
5327,2020-10-26T08:30:00Z,CN-HK,other,1
5328,2020-10-26T08:30:00Z,CN-HK,other,1
5329,2020-10-26T08:00:00Z,CN-HK,cases,1
5330,2020-10-25T08:30:00Z,CN-HK,other,1
5331,2020-10-25T08:30:00Z,CN-HK,other,1
5332,2020-10-25T08:00:00Z,CN-HK,cases,1
5333,2020-10-25T08:00:00Z,CN-HK,cases,1
5334,2020-10-24T08:30:00Z,CN-HK,other,1
5335,2020-10-24T08:00:00Z,CN-HK,cases,1
5336,2020-10-23T08:30:00Z,CN-HK,other,1
5337,2020-10-23T08:00:00Z,CN-HK,cases,1
5338,2020-10-22T08:30:00Z,CN-HK,other,1
5339,2020-10-22T08:00:00Z,CN-HK,cases,1
5340,2020-10-21T08:30:00Z,CN-HK,other,1
5341,2020-10-21T08:00:00Z,CN-HK,cases,1
5342,2020-10-20T08:30:00Z,CN-HK,other,1
5343,2020-10-20T08:00:00Z,CN-HK,cases,1
5344,2020-10-19T08:30:00Z,CN-HK,other,1
5345,2020-10-19T08:00:00Z,CN-HK,cases,1
5346,2020-10-18T08:30:00Z,CN-HK,other,1
5347,2020-10-18T08:00:00Z,CN-HK,cases,1
5348,2020-10-17T08:30:00Z,CN-HK,other,1
5349,2020-10-17T08:00:00Z,CN-HK,cases,1
5350,2020-10-16T08:30:00Z,CN-HK,other,1
5351,2020-10-16T08:00:00Z,CN-HK,cases,1
5352,2020-10-15T08:30:00Z,CN-HK,other,1
5353,2020-10-15T08:00:00Z,CN-HK,cases,1
5354,2020-10-14T08:30:00Z,CN-HK,other,1
5355,2020-10-14T08:30:00Z,CN-HK,other,1
5356,2020-10-14T08:00:00Z,CN-HK,cases,1
5357,2020-10-14T08:00:00Z,CN-HK,cases,1
5358,2020-10-13T08:30:00Z,CN-HK,other,1
5359,2020-10-13T08:00:00Z,CN-HK,cases,1
5360,2020-10-12T08:30:00Z,CN-HK,other,1
5361,2020-10-12T08:00:00Z,CN-HK,cases,1
5362,2020-10-11T08:30:00Z,CN-HK,other,1
5363,2020-10-11T08:00:00Z,CN-HK,cases,1
5364,2020-10-10T08:30:00Z,CN-HK,other,1
5365,2020-10-10T08:00:00Z,CN-HK,cases,1
5366,2020-10-09T08:30:00Z,CN-HK,other,1
5367,2020-10-09T08:00:00Z,CN-HK,cases,1
5368,2020-10-08T08:30:00Z,CN-HK,other,1
5369,2020-10-08T08:00:00Z,CN-HK,cases,1
5370,2020-10-07T08:30:00Z,CN-HK,other,1
5371,2020-10-07T08:00:00Z,CN-HK,cases,1
5372,2020-10-06T08:30:00Z,CN-HK,other,1
5373,2020-10-06T08:00:00Z,CN-HK,cases,1
5374,2020-10-05T08:30:00Z,CN-HK,other,1
5375,2020-10-05T08:30:00Z,CN-HK,other,1
5376,2020-10-05T08:00:00Z,CN-HK,cases,1
5377,2020-10-05T08:00:00Z,CN-HK,cases,1
5378,2020-10-04T08:30:00Z,CN-HK,other,1
5379,2020-10-04T08:00:00Z,CN-HK,cases,1
5380,2020-10-03T08:30:00Z,CN-HK,other,1
5381,2020-10-03T08:00:00Z,CN-HK,cases,1
5382,2020-10-02T08:30:00Z,CN-HK,other,1
5383,2020-10-02T08:30:00Z,CN-HK,other,1
5384,2020-10-02T08:00:00Z,CN-HK,cases,1
5385,2020-10-02T08:00:00Z,CN-HK,cases,1
5386,2020-10-01T08:30:00Z,CN-HK,other,1
5387,2020-10-01T08:00:00Z,CN-HK,cases,1
5388,2020-09-30T08:30:00Z,CN-HK,other,1
5389,2020-09-30T08:00:00Z,CN-HK,cases,1
5390,2020-09-29T08:30:00Z,CN-HK,other,1
5391,2020-09-29T08:00:00Z,CN-HK,cases,1
5392,2020-09-28T08:30:00Z,CN-HK,other,1
5393,2020-09-28T08:00:00Z,CN-HK,cases,1
5394,2020-09-27T08:30:00Z,CN-HK,other,1
5395,2020-09-27T08:00:00Z,CN-HK,cases,1
5396,2020-09-26T08:30:00Z,CN-HK,other,1
5397,2020-09-26T08:30:00Z,CN-HK,other,1
5398,2020-09-26T08:00:00Z,CN-HK,cases,1
5399,2020-09-26T08:00:00Z,CN-HK,cases,1
5400,2020-09-25T08:30:00Z,CN-HK,other,1
5401,2020-09-25T08:00:00Z,CN-HK,cases,1
5402,2020-09-24T08:30:00Z,CN-HK,other,1
5403,2020-09-24T08:00:00Z,CN-HK,cases,1
5404,2020-09-23T08:30:00Z,CN-HK,other,1
5405,2020-09-23T08:00:00Z,CN-HK,cases,1
5406,2020-09-22T08:30:00Z,CN-HK,other,1
5407,2020-09-22T08:00:00Z,CN-HK,cases,1
5408,2020-09-21T08:30:00Z,CN-HK,other,1
5409,2020-09-21T08:00:00Z,CN-HK,cases,1
5410,2020-09-20T08:30:00Z,CN-HK,other,1
5411,2020-09-20T08:00:00Z,CN-HK,cases,1
5412,2020-09-16T08:30:00Z,CN-HK,other,1
5413,2020-09-16T08:00:00Z,CN-HK,cases,1
5414,2020-09-15T08:30:00Z,CN-HK,other,1
5415,2020-09-15T08:00:00Z,CN-HK,cases,1
5416,2020-09-14T08:30:00Z,CN-HK,other,1
5417,2020-09-14T08:00:00Z,CN-HK,cases,1
5418,2020-09-13T08:31:00Z,CN-HK,other,1
5419,2020-09-13T08:01:00Z,CN-HK,cases,1
5420,2020-09-12T08:30:00Z,CN-HK,other,1
5421,2020-09-12T08:00:00Z,CN-HK,cases,1
5422,2020-09-11T08:30:00Z,CN-HK,other,1
5423,2020-09-11T08:00:00Z,CN-HK,cases,1
5424,2020-09-10T08:30:00Z,CN-HK,other,1
5425,2020-09-10T08:00:00Z,CN-HK,cases,1
5426,2020-09-09T08:30:00Z,CN-HK,other,1
5427,2020-09-09T08:00:00Z,CN-HK,cases,1
5428,2020-09-08T08:30:00Z,CN-HK,other,1
5429,2020-09-08T08:00:00Z,CN-HK,cases,1
5430,2020-09-06T08:30:00Z,CN-HK,other,1
5431,2020-09-06T08:00:00Z,CN-HK,cases,1
5432,2020-09-05T08:30:00Z,CN-HK,other,1
5433,2020-09-05T08:00:00Z,CN-HK,cases,1
5434,2020-09-04T08:30:00Z,CN-HK,other,1
5435,2020-09-04T08:00:00Z,CN-HK,cases,1
5436,2020-09-03T08:30:00Z,CN-HK,other,1
5437,2020-09-03T08:00:00Z,CN-HK,cases,1
5438,2020-09-02T08:30:00Z,CN-HK,other,1
5439,2020-09-02T08:00:00Z,CN-HK,cases,1
5440,2020-09-01T08:30:00Z,CN-HK,other,1
5441,2020-09-01T08:00:00Z,CN-HK,cases,1
5442,2020-08-31T08:30:00Z,CN-HK,other,1
5443,2020-08-31T08:00:00Z,CN-HK,cases,1
5444,2020-08-30T08:30:00Z,CN-HK,other,1
5445,2020-08-30T08:00:00Z,CN-HK,cases,1
5446,2020-08-29T08:30:00Z,CN-HK,other,1
5447,2020-08-29T08:00:00Z,CN-HK,cases,1
5448,2020-08-28T08:30:00Z,CN-HK,other,1
5449,2020-08-28T08:00:00Z,CN-HK,cases,1
5450,2020-08-27T08:30:00Z,CN-HK,other,1
5451,2020-08-27T08:00:00Z,CN-HK,cases,1
5452,2020-08-26T08:30:00Z,CN-HK,other,1
5453,2020-08-26T08:00:00Z,CN-HK,cases,1
5454,2020-08-25T08:30:00Z,CN-HK,other,1
5455,2020-08-25T08:00:00Z,CN-HK,cases,1
5456,2020-08-24T08:30:00Z,CN-HK,other,1
5457,2020-08-24T08:00:00Z,CN-HK,cases,1
5458,2020-08-23T08:30:00Z,CN-HK,other,1
5459,2020-08-23T08:00:00Z,CN-HK,cases,1
5460,2020-08-22T08:30:00Z,CN-HK,other,1
5461,2020-08-22T08:00:00Z,CN-HK,cases,1
5462,2020-08-21T08:30:00Z,CN-HK,other,1
5463,2020-08-21T08:00:00Z,CN-HK,cases,1
5464,2020-08-20T08:30:00Z,CN-HK,other,1
5465,2020-08-20T08:00:00Z,CN-HK,cases,1
5466,2020-08-19T08:30:00Z,CN-HK,other,1
5467,2020-08-19T08:00:00Z,CN-HK,cases,1
5468,2020-08-18T08:30:00Z,CN-HK,other,1
5469,2020-08-18T08:00:00Z,CN-HK,cases,1
5470,2020-08-17T08:30:00Z,CN-HK,other,1
5471,2020-08-17T08:00:00Z,CN-HK,cases,1
5472,2020-08-16T08:30:00Z,CN-HK,other,1
5473,2020-08-16T08:00:00Z,CN-HK,cases,1
5474,2020-08-15T08:30:00Z,CN-HK,other,1
5475,2020-08-15T08:00:00Z,CN-HK,cases,1
5476,2020-08-14T08:30:00Z,CN-HK,other,1
5477,2020-08-14T08:00:00Z,CN-HK,cases,1
5478,2020-08-13T08:30:00Z,CN-HK,other,1
5479,2020-08-13T08:00:00Z,CN-HK,cases,1
5480,2020-08-12T08:30:00Z,CN-HK,other,1
5481,2020-08-12T08:00:00Z,CN-HK,cases,1
5482,2020-08-11T08:30:00Z,CN-HK,other,1
5483,2020-08-11T08:00:00Z,CN-HK,cases,1
5484,2020-08-10T08:30:00Z,CN-HK,other,1
5485,2020-08-10T08:00:00Z,CN-HK,cases,1
5486,2020-08-09T08:30:00Z,CN-HK,other,1
5487,2020-08-09T08:00:00Z,CN-HK,cases,1
5488,2020-08-08T08:30:00Z,CN-HK,other,1
5489,2020-08-08T08:00:00Z,CN-HK,cases,1
5490,2020-08-07T08:30:00Z,CN-HK,other,1
5491,2020-08-07T08:00:00Z,CN-HK,cases,1
5492,2020-08-04T08:30:00Z,CN-HK,other,1
5493,2020-08-04T08:00:00Z,CN-HK,cases,1
5494,2020-08-03T08:30:00Z,CN-HK,other,1
5495,2020-08-03T08:00:00Z,CN-HK,cases,1
5496,2020-08-02T08:30:00Z,CN-HK,other,1
5497,2020-08-02T08:00:00Z,CN-HK,cases,1
5498,2020-08-01T08:30:00Z,CN-HK,other,1
5499,2020-08-01T08:00:00Z,CN-HK,cases,1
5500,2020-07-31T08:30:00Z,CN-HK,other,1
5501,2020-07-31T08:00:00Z,CN-HK,cases,1
5502,2020-07-30T08:30:00Z,CN-HK,other,1
5503,2020-07-30T08:00:00Z,CN-HK,cases,1
5504,2020-07-29T08:30:00Z,CN-HK,other,1
5505,2020-07-29T08:00:00Z,CN-HK,cases,1
5506,2020-07-28T08:30:00Z,CN-HK,other,1
5507,2020-07-28T08:00:00Z,CN-HK,cases,1
5508,2020-07-27T08:30:00Z,CN-HK,other,1
5509,2020-07-27T08:00:00Z,CN-HK,cases,1
5510,2020-07-26T08:30:00Z,CN-HK,other,1
5511,2020-07-26T08:00:00Z,CN-HK,cases,1
5512,2020-07-25T08:30:00Z,CN-HK,other,1
5513,2020-07-25T08:00:00Z,CN-HK,cases,1
5514,2020-07-24T08:30:00Z,CN-HK,other,1
5515,2020-07-24T08:00:00Z,CN-HK,cases,1
5516,2020-07-23T08:30:00Z,CN-HK,other,1
5517,2020-07-23T08:00:00Z,CN-HK,cases,1
5518,2020-07-22T08:30:00Z,CN-HK,other,1
5519,2020-07-22T08:00:00Z,CN-HK,cases,1
5520,2020-07-21T08:30:00Z,CN-HK,other,1
5521,2020-07-21T08:00:00Z,CN-HK,cases,1
5522,2020-07-20T08:30:00Z,CN-HK,other,1
5523,2020-07-20T08:00:00Z,CN-HK,cases,1
5524,2020-07-19T08:30:00Z,CN-HK,other,1
5525,2020-07-19T08:00:00Z,CN-HK,cases,1
5526,2020-07-18T08:30:00Z,CN-HK,other,1
5527,2020-07-18T08:00:00Z,CN-HK,cases,1
5528,2020-07-17T08:30:00Z,CN-HK,other,1
5529,2020-07-17T08:00:00Z,CN-HK,cases,1
5530,2020-07-09T08:30:00Z,CN-HK,other,1
5531,2020-07-09T08:00:00Z,CN-HK,cases,1
5532,2020-07-08T08:30:00Z,CN-HK,other,1
5533,2020-07-08T08:00:00Z,CN-HK,cases,1
5534,2020-07-07T08:30:00Z,CN-HK,other,1
5535,2020-07-07T08:00:00Z,CN-HK,cases,1
5536,2020-07-06T08:30:00Z,CN-HK,other,1
5537,2020-07-06T08:00:00Z,CN-HK,cases,1
5538,2020-07-05T08:30:00Z,CN-HK,other,1
5539,2020-07-05T08:00:00Z,CN-HK,cases,1
5540,2020-07-04T08:30:00Z,CN-HK,other,1
5541,2020-07-04T08:00:00Z,CN-HK,cases,1
5542,2020-07-03T08:30:00Z,CN-HK,other,1
5543,2020-07-03T08:00:00Z,CN-HK,cases,1
5544,2020-07-02T08:30:00Z,CN-HK,other,1
5545,2020-07-02T08:00:00Z,CN-HK,cases,1
5546,2020-07-01T08:30:00Z,CN-HK,other,1
5547,2020-07-01T08:00:00Z,CN-HK,cases,1
5548,2020-06-30T08:30:00Z,CN-HK,other,1
5549,2020-06-30T08:00:00Z,CN-HK,cases,1
5550,2020-06-29T08:30:00Z,CN-HK,other,1
5551,2020-06-29T08:00:00Z,CN-HK,cases,1
5552,2020-06-28T08:30:00Z,CN-HK,other,1
5553,2020-06-28T08:00:00Z,CN-HK,cases,1
5554,2020-06-27T08:30:00Z,CN-HK,other,1
5555,2020-06-27T08:00:00Z,CN-HK,cases,1
5556,2020-06-26T08:30:00Z,CN-HK,other,1
5557,2020-06-26T08:00:00Z,CN-HK,cases,1
5558,2020-06-25T08:30:00Z,CN-HK,other,1
5559,2020-06-25T08:00:00Z,CN-HK,cases,1
5560,2020-06-24T08:30:00Z,CN-HK,other,1
5561,2020-06-24T08:00:00Z,CN-HK,cases,1
5562,2020-06-23T08:30:00Z,CN-HK,other,1
5563,2020-06-23T08:00:00Z,CN-HK,cases,1
5564,2020-06-22T08:30:00Z,CN-HK,other,1
5565,2020-06-22T08:00:00Z,CN-HK,cases,1
5566,2020-06-21T08:30:00Z,CN-HK,other,1
5567,2020-06-21T08:00:00Z,CN-HK,cases,1
5568,2020-06-20T08:30:00Z,CN-HK,other,1
5569,2020-06-20T08:00:00Z,CN-HK,cases,1
5570,2020-06-19T08:30:00Z,CN-HK,other,1
5571,2020-06-19T08:00:00Z,CN-HK,cases,1
5572,2020-06-18T08:30:00Z,CN-HK,other,1
5573,2020-06-18T08:30:00Z,CN-HK,other,1
5574,2020-06-18T08:00:00Z,CN-HK,cases,1
5575,2020-06-18T08:00:00Z,CN-HK,cases,1
5576,2020-06-17T08:30:00Z,CN-HK,other,1
5577,2020-06-17T08:00:00Z,CN-HK,cases,1
5578,2020-06-16T08:30:00Z,CN-HK,other,1
5579,2020-06-16T08:00:00Z,CN-HK,cases,1
5580,2020-06-15T08:30:00Z,CN-HK,other,1
5581,2020-06-15T08:00:00Z,CN-HK,cases,1
5582,2020-06-14T08:30:00Z,CN-HK,other,1
5583,2020-06-14T08:00:00Z,CN-HK,cases,1
5584,2020-06-13T08:30:29Z,CN-HK,other,1
5585,2020-06-13T08:30:29Z,CN-HK,other,1
5586,2020-06-13T08:30:00Z,CN-HK,other,1
5587,2020-06-13T08:00:30Z,CN-HK,cases,1
5588,2020-06-13T08:00:30Z,CN-HK,cases,1
5589,2020-06-13T08:00:00Z,CN-HK,cases,1
5590,2020-06-12T08:30:29Z,CN-HK,other,1
5591,2020-06-12T08:30:29Z,CN-HK,other,1
5592,2020-06-12T08:30:00Z,CN-HK,other,1
5593,2020-06-12T08:00:30Z,CN-HK,cases,1
5594,2020-06-12T08:00:30Z,CN-HK,cases,1
5595,2020-06-12T08:00:00Z,CN-HK,cases,1
5596,2020-06-11T08:30:29Z,CN-HK,other,1
5597,2020-06-11T08:30:29Z,CN-HK,other,1
5598,2020-06-11T08:30:00Z,CN-HK,other,1
5599,2020-06-11T08:00:30Z,CN-HK,cases,1
5600,2020-06-11T08:00:30Z,CN-HK,cases,1
5601,2020-06-11T08:00:00Z,CN-HK,cases,1
5602,2020-06-10T08:30:29Z,CN-HK,other,1
5603,2020-06-10T08:30:29Z,CN-HK,other,1
5604,2020-06-10T08:30:00Z,CN-HK,other,1
5605,2020-06-10T08:00:30Z,CN-HK,cases,1
5606,2020-06-10T08:00:30Z,CN-HK,cases,1
5607,2020-06-10T08:00:00Z,CN-HK,cases,1
5608,2020-06-09T08:30:29Z,CN-HK,other,1
5609,2020-06-09T08:30:29Z,CN-HK,other,1
5610,2020-06-09T08:30:00Z,CN-HK,other,1
5611,2020-06-09T08:00:30Z,CN-HK,cases,1
5612,2020-06-09T08:00:30Z,CN-HK,cases,1
5613,2020-06-09T08:00:00Z,CN-HK,cases,1
5614,2020-06-08T08:30:29Z,CN-HK,other,1
5615,2020-06-08T08:30:29Z,CN-HK,other,1
5616,2020-06-08T08:30:00Z,CN-HK,other,1
5617,2020-06-08T08:00:30Z,CN-HK,cases,1
5618,2020-06-08T08:00:30Z,CN-HK,cases,1
5619,2020-06-08T08:00:00Z,CN-HK,cases,1
5620,2020-06-07T08:30:29Z,CN-HK,other,1
5621,2020-06-07T08:30:29Z,CN-HK,other,1
5622,2020-06-07T08:30:00Z,CN-HK,other,1
5623,2020-06-07T08:00:30Z,CN-HK,cases,1
5624,2020-06-07T08:00:30Z,CN-HK,cases,1
5625,2020-06-07T08:00:00Z,CN-HK,cases,1
5626,2020-06-06T08:30:29Z,CN-HK,other,1
5627,2020-06-06T08:30:29Z,CN-HK,other,1
5628,2020-06-06T08:30:00Z,CN-HK,other,1
5629,2020-06-06T08:00:30Z,CN-HK,cases,1
5630,2020-06-06T08:00:30Z,CN-HK,cases,1
5631,2020-06-06T08:00:00Z,CN-HK,cases,1
5632,2020-06-05T08:30:29Z,CN-HK,other,1
5633,2020-06-05T08:30:29Z,CN-HK,other,1
5634,2020-06-05T08:30:00Z,CN-HK,other,1
5635,2020-06-05T08:00:30Z,CN-HK,cases,1
5636,2020-06-05T08:00:30Z,CN-HK,cases,1
5637,2020-06-05T08:00:00Z,CN-HK,cases,1
5638,2020-06-04T08:30:29Z,CN-HK,other,1
5639,2020-06-04T08:30:29Z,CN-HK,other,1
5640,2020-06-04T08:30:00Z,CN-HK,other,1
5641,2020-06-04T08:00:30Z,CN-HK,cases,1
5642,2020-06-04T08:00:30Z,CN-HK,cases,1
5643,2020-06-04T08:00:00Z,CN-HK,cases,1
5644,2020-06-03T08:30:29Z,CN-HK,other,1
5645,2020-06-03T08:30:29Z,CN-HK,other,1
5646,2020-06-03T08:00:30Z,CN-HK,cases,1
5647,2020-06-03T08:00:30Z,CN-HK,cases,1
5648,2020-06-02T08:30:29Z,CN-HK,other,1
5649,2020-06-02T08:30:29Z,CN-HK,other,1
5650,2020-06-02T08:00:30Z,CN-HK,cases,1
5651,2020-06-02T08:00:30Z,CN-HK,cases,1
5652,2020-06-01T08:30:29Z,CN-HK,other,1
5653,2020-06-01T08:30:29Z,CN-HK,other,1
5654,2020-06-01T08:00:30Z,CN-HK,cases,1
5655,2020-06-01T08:00:30Z,CN-HK,cases,1
5656,2020-05-31T08:30:29Z,CN-HK,other,1
5657,2020-05-31T08:30:29Z,CN-HK,other,1
5658,2020-05-31T08:00:30Z,CN-HK,cases,1
5659,2020-05-31T08:00:30Z,CN-HK,cases,1
5660,2020-05-30T08:30:29Z,CN-HK,other,1
5661,2020-05-30T08:30:29Z,CN-HK,other,1
5662,2020-05-30T08:00:30Z,CN-HK,cases,1
5663,2020-05-30T08:00:30Z,CN-HK,cases,1
5664,2020-05-01T08:30:00Z,CN-HK,other,1
5665,2020-05-01T08:00:00Z,CN-HK,cases,1
5666,2020-04-30T08:30:00Z,CN-HK,other,1
5667,2020-04-30T08:00:00Z,CN-HK,cases,1
5668,2020-04-29T08:30:00Z,CN-HK,other,1
5669,2020-04-29T08:00:00Z,CN-HK,cases,1
5670,2020-04-28T08:30:00Z,CN-HK,other,1
5671,2020-04-28T08:00:00Z,CN-HK,cases,1
5672,2020-04-27T08:30:00Z,CN-HK,other,1
5673,2020-04-27T08:00:00Z,CN-HK,cases,1
5674,2020-04-26T08:30:00Z,CN-HK,other,1
5675,2020-04-26T08:00:00Z,CN-HK,cases,1
5676,2020-04-25T08:30:00Z,CN-HK,other,1
5677,2020-04-25T08:00:00Z,CN-HK,cases,1
5678,2020-04-24T08:30:00Z,CN-HK,other,1
5679,2020-04-24T08:00:00Z,CN-HK,cases,1
5680,2020-04-23T08:30:00Z,CN-HK,other,1
5681,2020-04-23T08:00:00Z,CN-HK,cases,1
5682,2020-04-22T08:30:00Z,CN-HK,other,1
5683,2020-04-22T08:00:00Z,CN-HK,cases,1
5684,2020-04-21T08:30:00Z,CN-HK,other,1
5685,2020-04-21T08:00:00Z,CN-HK,cases,1
5686,2020-04-20T08:30:00Z,CN-HK,other,1
5687,2020-04-20T08:00:00Z,CN-HK,cases,1
5688,2020-04-19T08:30:00Z,CN-HK,other,1
5689,2020-04-19T08:00:00Z,CN-HK,cases,1
5690,2020-04-18T08:30:00Z,CN-HK,other,1
5691,2020-04-18T08:00:00Z,CN-HK,cases,1
5692,2020-04-17T08:30:00Z,CN-HK,other,1
5693,2020-04-17T08:00:00Z,CN-HK,cases,1
5694,2020-04-16T08:30:00Z,CN-HK,other,1
5695,2020-04-16T08:00:00Z,CN-HK,cases,1
5696,2020-04-15T08:30:00Z,CN-HK,other,1
5697,2020-04-15T08:00:00Z,CN-HK,cases,1
5698,2020-04-14T08:30:00Z,CN-HK,other,1
5699,2020-04-14T08:00:00Z,CN-HK,cases,1
5700,2020-04-13T08:30:00Z,CN-HK,other,1
5701,2020-04-13T08:00:00Z,CN-HK,cases,1
5702,2020-04-12T08:30:00Z,CN-HK,other,1
5703,2020-04-12T08:00:00Z,CN-HK,cases,1
5704,2020-04-11T08:30:00Z,CN-HK,other,1
5705,2020-04-11T08:00:00Z,CN-HK,cases,1
5706,2020-04-10T08:30:00Z,CN-HK,other,1
5707,2020-04-10T08:00:00Z,CN-HK,cases,1
5708,2020-04-09T08:30:00Z,CN-HK,other,1
5709,2020-04-09T08:00:00Z,CN-HK,cases,1
5710,2020-04-08T08:30:00Z,CN-HK,other,1
5711,2020-04-08T08:00:00Z,CN-HK,cases,1
5712,2020-04-07T08:30:00Z,CN-HK,other,1
5713,2020-04-07T08:00:00Z,CN-HK,cases,1
5714,2020-04-06T08:30:00Z,CN-HK,other,1
5715,2020-04-06T08:00:00Z,CN-HK,cases,1
5716,2020-04-05T08:30:00Z,CN-HK,other,1
5717,2020-04-05T08:00:00Z,CN-HK,cases,1
5718,2020-04-04T08:30:00Z,CN-HK,other,1
5719,2020-04-04T08:00:00Z,CN-HK,cases,1
5720,2020-04-03T08:30:00Z,CN-HK,other,1
5721,2020-04-03T08:00:00Z,CN-HK,cases,1
5722,2020-04-02T08:30:00Z,CN-HK,other,1
5723,2020-04-02T08:00:00Z,CN-HK,cases,1
5724,2020-04-01T08:30:00Z,CN-HK,other,1
5725,2020-04-01T08:00:00Z,CN-HK,cases,1
5726,2020-03-31T08:30:00Z,CN-HK,other,1
5727,2020-03-31T08:00:00Z,CN-HK,cases,1
5728,2020-03-30T08:30:00Z,CN-HK,other,1
5729,2020-03-30T08:00:00Z,CN-HK,cases,1
5730,2020-03-29T08:30:00Z,CN-HK,other,1
5731,2020-03-29T08:00:00Z,CN-HK,cases,1
5732,2020-03-28T08:30:00Z,CN-HK,other,1
5733,2020-03-28T08:00:00Z,CN-HK,cases,1
5734,2020-03-27T08:30:00Z,CN-HK,other,1
5735,2020-03-27T08:00:00Z,CN-HK,cases,1
5736,2020-03-26T08:30:00Z,CN-HK,other,1
5737,2020-03-26T08:00:00Z,CN-HK,cases,1
5738,2020-03-25T08:30:00Z,CN-HK,other,1
5739,2020-03-25T08:00:00Z,CN-HK,cases,1
5740,2020-03-24T08:30:00Z,CN-HK,other,1
5741,2020-03-24T08:00:00Z,CN-HK,cases,1
5742,2020-03-23T08:30:00Z,CN-HK,other,1
5743,2020-03-23T08:00:00Z,CN-HK,cases,1
5744,2020-03-22T08:30:00Z,CN-HK,other,1
5745,2020-03-22T08:00:00Z,CN-HK,cases,1
5746,2020-03-21T08:30:00Z,CN-HK,other,1
5747,2020-03-21T08:00:00Z,CN-HK,cases,1
5748,2020-03-20T08:30:00Z,CN-HK,other,1
5749,2020-03-20T08:00:00Z,CN-HK,cases,1
5750,2020-03-19T08:30:00Z,CN-HK,other,1
5751,2020-03-19T08:00:00Z,CN-HK,cases,1
5752,2020-03-18T08:30:00Z,CN-HK,other,1
5753,2020-03-18T08:00:00Z,CN-HK,cases,1
5754,2020-03-17T08:30:00Z,CN-HK,other,1
5755,2020-03-17T08:00:00Z,CN-HK,cases,1
5756,2020-03-16T08:30:00Z,CN-HK,other,1
5757,2020-03-16T08:00:00Z,CN-HK,cases,1
5758,2020-03-15T08:30:00Z,CN-HK,other,1
5759,2020-03-15T08:00:00Z,CN-HK,cases,1
5760,2020-03-14T08:30:00Z,CN-HK,other,1
5761,2020-03-14T08:00:00Z,CN-HK,cases,1
5762,2020-03-13T08:30:00Z,CN-HK,other,1
5763,2020-03-13T08:00:00Z,CN-HK,cases,1
5764,2020-03-12T08:30:00Z,CN-HK,other,1
5765,2020-03-12T08:00:00Z,CN-HK,cases,1
5766,2020-03-11T08:30:00Z,CN-HK,other,1
5767,2020-03-11T08:00:00Z,CN-HK,cases,1
5768,2020-03-10T08:30:00Z,CN-HK,other,1
5769,2020-03-10T08:00:00Z,CN-HK,cases,1
5770,2020-03-09T08:30:00Z,CN-HK,other,1
5771,2020-03-09T08:00:00Z,CN-HK,cases,1
5772,2020-03-07T08:30:00Z,CN-HK,other,1
5773,2020-03-07T08:00:00Z,CN-HK,cases,1
5774,2020-03-06T08:30:00Z,CN-HK,other,1
5775,2020-03-06T08:00:00Z,CN-HK,cases,1
5776,2020-03-05T08:30:00Z,CN-HK,other,1
5777,2020-03-05T08:00:00Z,CN-HK,cases,1
5778,2020-03-04T08:30:00Z,CN-HK,other,1
5779,2020-03-04T08:00:00Z,CN-HK,cases,1
5780,2020-03-03T08:30:00Z,CN-HK,other,1
5781,2020-03-03T08:00:00Z,CN-HK,cases,1
5782,2020-03-02T08:30:00Z,CN-HK,other,1
5783,2020-03-02T08:00:00Z,CN-HK,cases,1
5784,2020-03-01T08:30:00Z,CN-HK,other,1
5785,2020-03-01T08:00:00Z,CN-HK,cases,1
5786,2020-02-29T08:30:00Z,CN-HK,other,1
5787,2020-02-29T08:00:00Z,CN-HK,cases,1
5788,2020-02-28T08:30:00Z,CN-HK,other,1
5789,2020-02-28T08:00:00Z,CN-HK,cases,1
5790,2020-02-27T08:30:00Z,CN-HK,other,1
5791,2020-02-27T08:00:00Z,CN-HK,cases,1
5792,2020-02-26T08:30:00Z,CN-HK,other,1
5793,2020-02-26T08:00:00Z,CN-HK,cases,1
5794,2020-02-25T08:30:00Z,CN-HK,other,1
5795,2020-02-25T08:00:00Z,CN-HK,cases,1
5796,2020-02-24T08:30:00Z,CN-HK,other,1
5797,2020-02-24T08:00:00Z,CN-HK,cases,1
5798,2020-02-23T08:30:00Z,CN-HK,other,1
5799,2020-02-23T08:00:00Z,CN-HK,cases,1
5800,2020-02-22T08:30:00Z,CN-HK,other,1
5801,2020-02-22T08:00:00Z,CN-HK,cases,1
5802,2020-02-21T08:30:00Z,CN-HK,other,1
5803,2020-02-21T08:00:00Z,CN-HK,cases,1
5804,2020-02-20T08:30:00Z,CN-HK,other,1
5805,2020-02-20T08:00:00Z,CN-HK,cases,1
5806,2020-02-19T08:30:00Z,CN-HK,other,1
5807,2020-02-19T08:00:00Z,CN-HK,cases,1
5808,2020-02-18T08:30:00Z,CN-HK,other,1
5809,2020-02-18T08:00:00Z,CN-HK,cases,1
5810,2020-02-17T08:30:00Z,CN-HK,other,1
5811,2020-02-17T08:00:00Z,CN-HK,cases,1
5812,2020-02-16T08:30:00Z,CN-HK,other,1
5813,2020-02-16T08:00:00Z,CN-HK,cases,1
5814,2020-02-15T08:30:00Z,CN-HK,other,1
5815,2020-02-15T08:00:00Z,CN-HK,cases,1
5816,2020-02-14T08:30:00Z,CN-HK,other,1
5817,2020-02-14T08:00:00Z,CN-HK,cases,1
5818,2020-02-13T08:30:00Z,CN-HK,other,1
5819,2020-02-13T08:00:00Z,CN-HK,cases,1
5820,2020-02-12T08:30:00Z,CN-HK,other,1
5821,2020-02-12T08:00:00Z,CN-HK,cases,1
5822,2020-02-11T08:30:00Z,CN-HK,other,1
5823,2020-02-11T08:00:00Z,CN-HK,cases,1
5824,2020-02-10T08:30:00Z,CN-HK,other,1
5825,2020-02-10T08:00:00Z,CN-HK,cases,1
5826,2020-02-08T08:30:00Z,CN-HK,other,1
5827,2020-02-08T08:00:00Z,CN-HK,cases,1
5828,2020-02-07T08:30:00Z,CN-HK,other,1
5829,2020-02-07T08:00:00Z,CN-HK,cases,1
5830,2020-02-06T08:30:00Z,CN-HK,other,1
5831,2020-02-06T08:00:00Z,CN-HK,cases,1
5832,2020-02-05T08:30:00Z,CN-HK,other,1
5833,2020-02-05T08:00:00Z,CN-HK,cases,1
5834,2020-02-04T08:30:00Z,CN-HK,other,1
5835,2020-02-04T08:00:00Z,CN-HK,cases,1
5836,2020-01-29T08:30:00Z,CN-HK,other,1
5837,2020-01-29T08:00:00Z,CN-HK,cases,1
5838,2020-01-28T08:30:00Z,CN-HK,other,1
5839,2020-01-28T08:00:00Z,CN-HK,cases,1
5840,2022-02-28T03:07:14Z,CN,live,0
5841,2022-02-27T01:00:00Z,CN,cases,1
5842,2022-02-26T01:00:00Z,CN,cases,1
5843,2022-02-25T01:00:00Z,CN,cases,1
5844,2022-02-24T01:00:00Z,CN,cases,1
5845,2022-02-23T01:00:00Z,CN,cases,1
5846,2022-02-22T01:00:00Z,CN,cases,1
5847,2022-02-21T01:00:00Z,CN,cases,1
5848,2022-02-20T01:00:00Z,CN,cases,1
5849,2022-02-19T07:00:30Z,CN,live,0
5850,2022-02-19T01:00:00Z,CN,cases,1
5851,2022-02-18T01:00:00Z,CN,cases,1
5852,2022-02-17T01:00:00Z,CN,cases,1
5853,2022-02-16T01:00:00Z,CN,cases,1
5854,2022-02-15T01:00:00Z,CN,cases,1
5855,2022-02-14T01:00:00Z,CN,cases,1
5856,2022-02-13T01:00:00Z,CN,cases,1
5857,2022-02-12T07:30:00Z,CN,other,0
5858,2022-02-12T01:00:00Z,CN,cases,1
5859,2022-02-11T07:02:08Z,CN,other,0
5860,2022-02-11T01:00:00Z,CN,cases,1
5861,2022-02-10T08:00:01Z,CN,other,0
5862,2022-02-10T01:00:00Z,CN,cases,1
5863,2022-02-09T08:15:27Z,CN,live,0
5864,2022-02-09T01:00:00Z,CN,cases,1
5865,2022-02-08T07:22:18Z,CN,other,0
5866,2022-02-08T01:00:00Z,CN,cases,1
5867,2022-02-07T01:00:00Z,CN,cases,1
5868,2022-02-06T01:00:00Z,CN,cases,1
5869,2022-02-05T01:00:00Z,CN,cases,1
5870,2022-02-04T07:19:30Z,CN,other,0
5871,2022-02-04T01:00:00Z,CN,cases,1
5872,2022-02-03T01:00:00Z,CN,cases,1
5873,2022-02-02T01:00:00Z,CN,cases,1
5874,2022-02-01T01:00:00Z,CN,cases,1
5875,2022-01-31T07:30:00Z,CN,other,0
5876,2022-01-31T01:00:00Z,CN,cases,1
5877,2022-01-30T07:08:15Z,CN,other,0
5878,2022-01-30T01:00:00Z,CN,cases,1
5879,2022-01-29T07:01:15Z,CN,live,0
5880,2022-01-29T01:00:00Z,CN,cases,1
5881,2022-01-28T07:34:00Z,CN,other,0
5882,2022-01-28T01:00:00Z,CN,cases,1
5883,2022-01-27T01:00:00Z,CN,cases,1
5884,2022-01-26T08:26:00Z,CN,other,0
5885,2022-01-26T01:00:00Z,CN,cases,1
5886,2022-01-25T07:22:00Z,CN,other,0
5887,2022-01-25T01:00:00Z,CN,cases,1
5888,2022-01-24T08:00:00Z,CN,other,0
5889,2022-01-24T01:00:00Z,CN,cases,1
5890,2022-01-23T08:30:00Z,CN,other,0
5891,2022-01-23T01:00:00Z,CN,cases,1
5892,2022-01-22T01:00:00Z,CN,cases,1
5893,2022-01-21T01:00:00Z,CN,cases,1
5894,2022-01-20T22:00:44Z,CN,other,0
5895,2022-01-20T08:30:00Z,CN,other,0
5896,2022-01-20T01:00:00Z,CN,cases,1
5897,2022-01-19T01:00:00Z,CN,cases,1
5898,2022-01-18T07:32:00Z,CN,other,0
5899,2022-01-18T01:00:00Z,CN,cases,1
5900,2022-01-17T07:07:43Z,CN,other,0
5901,2022-01-17T03:48:02Z,CN,live,0
5902,2022-01-17T01:00:00Z,CN,cases,1
5903,2022-01-16T07:08:43Z,CN,other,0
5904,2022-01-16T01:00:00Z,CN,cases,1
5905,2022-01-15T08:00:01Z,CN,other,0
5906,2022-01-15T07:00:33Z,CN,live,0
5907,2022-01-15T01:00:00Z,CN,cases,1
5908,2022-01-14T06:59:50Z,CN,other,0
5909,2022-01-14T01:00:00Z,CN,cases,1
5910,2022-01-13T07:07:06Z,CN,other,0
5911,2022-01-13T01:00:00Z,CN,cases,1
5912,2022-01-12T19:30:00Z,CN,other,0
5913,2022-01-12T08:51:38Z,CN,live,0
5914,2022-01-12T01:00:00Z,CN,cases,1
5915,2022-01-11T08:25:14Z,CN,live,0
5916,2022-01-11T07:28:00Z,CN,other,0
5917,2022-01-11T01:00:00Z,CN,cases,1
5918,2022-01-10T07:09:22Z,CN,other,0
5919,2022-01-10T01:00:00Z,CN,cases,1
5920,2022-01-09T07:53:35Z,CN,other,0
5921,2022-01-09T01:00:00Z,CN,cases,1
5922,2022-01-08T07:01:18Z,CN,live,0
5923,2022-01-08T01:00:00Z,CN,cases,1
5924,2022-01-07T08:00:00Z,CN,other,0
5925,2022-01-07T03:05:43Z,CN,live,0
5926,2022-01-07T01:00:00Z,CN,cases,1
5927,2022-01-06T08:00:00Z,CN,other,0
5928,2022-01-06T01:00:00Z,CN,cases,1
5929,2022-01-05T07:02:15Z,CN,other,0
5930,2022-01-05T01:00:00Z,CN,cases,1
5931,2022-01-04T01:00:00Z,CN,cases,1
5932,2022-01-03T07:11:39Z,CN,other,0
5933,2022-01-03T01:00:00Z,CN,cases,1
5934,2022-01-02T16:15:00Z,CN,other,0
5935,2022-01-02T01:00:00Z,CN,cases,1
5936,2022-01-01T01:00:00Z,CN,cases,1
5937,2021-12-31T07:16:18Z,CN,other,0
5938,2021-12-31T01:00:00Z,CN,cases,1
5939,2021-12-30T07:18:34Z,CN,other,0
5940,2021-12-30T01:00:00Z,CN,cases,1
5941,2021-12-29T09:15:06Z,CN,other,0
5942,2021-12-29T07:01:30Z,CN,live,0
5943,2021-12-29T07:01:16Z,CN,other,0
5944,2021-12-29T01:00:00Z,CN,cases,1
5945,2021-12-28T07:27:39Z,CN,other,0
5946,2021-12-28T01:00:00Z,CN,cases,1
5947,2021-12-27T06:59:03Z,CN,other,0
5948,2021-12-27T01:00:00Z,CN,cases,1
5949,2021-12-26T07:30:00Z,CN,other,0
5950,2021-12-26T01:00:00Z,CN,cases,1
5951,2021-12-25T14:45:00Z,CN,other,0
5952,2021-12-25T01:00:00Z,CN,cases,1
5953,2021-12-24T06:56:48Z,CN,other,0
5954,2021-12-24T01:00:00Z,CN,cases,1
5955,2021-12-23T07:16:43Z,CN,other,0
5956,2021-12-23T01:00:00Z,CN,cases,1
5957,2021-12-22T06:54:53Z,CN,other,0
5958,2021-12-22T01:00:00Z,CN,cases,1
5959,2021-12-21T08:00:00Z,CN,other,0
5960,2021-12-21T01:00:00Z,CN,cases,1
5961,2021-12-20T07:30:00Z,CN,other,0
5962,2021-12-20T07:01:14Z,CN,live,0
5963,2021-12-20T01:00:00Z,CN,cases,1
5964,2021-12-19T07:52:37Z,CN,other,0
5965,2021-12-19T01:00:00Z,CN,cases,1
5966,2021-12-18T08:30:00Z,CN,other,0
5967,2021-12-18T07:01:18Z,CN,live,0
5968,2021-12-18T01:00:00Z,CN,cases,1
5969,2021-12-17T08:00:02Z,CN,other,0
5970,2021-12-17T01:00:00Z,CN,cases,1
5971,2021-12-16T07:25:00Z,CN,other,0
5972,2021-12-16T01:00:00Z,CN,cases,1
5973,2021-12-15T01:00:00Z,CN,cases,1
5974,2021-12-14T06:57:26Z,CN,other,0
5975,2021-12-14T01:00:00Z,CN,cases,1
5976,2021-12-13T15:30:00Z,CN,other,0
5977,2021-12-13T14:00:01Z,CN,other,0
5978,2021-12-13T01:00:00Z,CN,cases,1
5979,2021-12-12T08:00:02Z,CN,other,0
5980,2021-12-12T01:00:00Z,CN,cases,1
5981,2021-12-11T01:00:00Z,CN,cases,1
5982,2021-12-10T07:30:00Z,CN,other,0
5983,2021-12-10T01:00:00Z,CN,cases,1
5984,2021-12-09T01:00:00Z,CN,cases,1
5985,2021-12-08T07:15:09Z,CN,other,0
5986,2021-12-08T01:00:00Z,CN,cases,1
5987,2021-12-07T14:10:00Z,CN,other,0
5988,2021-12-07T01:00:00Z,CN,cases,1
5989,2021-12-06T07:23:00Z,CN,other,0
5990,2021-12-06T01:00:00Z,CN,cases,1
5991,2021-12-05T16:30:00Z,CN,other,0
5992,2021-12-05T01:00:00Z,CN,cases,1
5993,2021-12-04T01:00:00Z,CN,cases,1
5994,2021-12-03T01:00:00Z,CN,cases,1
5995,2021-12-02T01:00:00Z,CN,cases,1
5996,2021-12-01T07:03:15Z,CN,other,0
5997,2021-12-01T01:00:00Z,CN,cases,1
5998,2021-11-30T20:25:00Z,CN,cases,0
5999,2021-11-30T07:09:35Z,CN,other,0
6000,2021-11-30T01:00:00Z,CN,cases,1
6001,2021-11-29T07:14:04Z,CN,other,0
6002,2021-11-29T01:00:00Z,CN,cases,1
6003,2021-11-28T07:30:00Z,CN,other,0
6004,2021-11-28T01:00:00Z,CN,cases,1
6005,2021-11-27T07:30:00Z,CN,other,0
6006,2021-11-27T01:00:00Z,CN,cases,1
6007,2021-11-26T01:00:00Z,CN,cases,1
6008,2021-11-25T01:00:00Z,CN,cases,1
6009,2021-11-24T07:29:00Z,CN,other,0
6010,2021-11-24T03:13:08Z,CN,other,0
6011,2021-11-24T01:00:00Z,CN,cases,1
6012,2021-11-23T01:00:00Z,CN,cases,1
6013,2021-11-22T13:40:00Z,CN,other,0
6014,2021-11-22T01:00:00Z,CN,cases,1
6015,2021-11-21T01:00:00Z,CN,cases,1
6016,2021-11-20T07:01:32Z,CN,live,0
6017,2021-11-20T01:00:00Z,CN,cases,1
6018,2021-11-19T01:00:00Z,CN,cases,1
6019,2021-11-18T07:08:06Z,CN,other,0
6020,2021-11-18T01:00:00Z,CN,cases,1
6021,2021-11-17T06:51:19Z,CN,other,0
6022,2021-11-17T01:00:00Z,CN,cases,1
6023,2021-11-16T01:00:00Z,CN,cases,1
6024,2021-11-15T01:00:00Z,CN,cases,1
6025,2021-11-14T17:00:01Z,CN,other,0
6026,2021-11-14T01:00:00Z,CN,cases,1
6027,2021-11-13T07:26:27Z,CN,other,0
6028,2021-11-13T07:01:33Z,CN,live,0
6029,2021-11-13T01:00:00Z,CN,cases,1
6030,2021-11-12T07:30:00Z,CN,other,0
6031,2021-11-12T01:00:00Z,CN,cases,1
6032,2021-11-11T01:00:00Z,CN,cases,1
6033,2021-11-10T01:00:00Z,CN,cases,1
6034,2021-11-09T01:00:00Z,CN,cases,1
6035,2021-11-08T08:00:00Z,CN,other,0
6036,2021-11-08T01:00:00Z,CN,cases,1
6037,2021-11-07T07:55:00Z,CN,other,0
6038,2021-11-07T01:00:00Z,CN,cases,1
6039,2021-11-06T07:09:21Z,CN,other,0
6040,2021-11-06T07:01:41Z,CN,live,0
6041,2021-11-06T01:00:00Z,CN,cases,1
6042,2021-11-05T07:04:54Z,CN,other,0
6043,2021-11-05T01:00:00Z,CN,cases,1
6044,2021-11-04T09:00:02Z,CN,other,0
6045,2021-11-04T01:00:00Z,CN,cases,1
6046,2021-11-03T01:00:00Z,CN,cases,1
6047,2021-11-02T07:59:00Z,CN,other,0
6048,2021-11-02T01:00:00Z,CN,cases,1
6049,2021-11-01T07:30:00Z,CN,other,0
6050,2021-11-01T01:00:00Z,CN,cases,1
6051,2021-10-31T01:00:00Z,CN,cases,1
6052,2021-10-30T07:57:02Z,CN,other,0
6053,2021-10-30T01:00:00Z,CN,cases,1
6054,2021-10-29T01:00:00Z,CN,cases,1
6055,2021-10-28T07:00:00Z,CN,other,0
6056,2021-10-28T01:00:00Z,CN,cases,1
6057,2021-10-27T07:30:52Z,CN,other,0
6058,2021-10-27T01:00:00Z,CN,cases,1
6059,2021-10-26T08:25:00Z,CN,other,0
6060,2021-10-26T02:01:51Z,CN,live,0
6061,2021-10-26T01:00:00Z,CN,cases,1
6062,2021-10-25T07:30:00Z,CN,other,0
6063,2021-10-25T01:00:00Z,CN,cases,1
6064,2021-10-24T07:01:28Z,CN,live,0
6065,2021-10-24T01:00:00Z,CN,cases,1
6066,2021-10-23T07:31:00Z,CN,other,0
6067,2021-10-23T01:00:00Z,CN,cases,1
6068,2021-10-22T07:30:00Z,CN,other,0
6069,2021-10-22T01:00:00Z,CN,cases,1
6070,2021-10-21T01:00:00Z,CN,cases,1
6071,2021-10-20T09:00:00Z,CN,other,0
6072,2021-10-20T01:00:00Z,CN,cases,1
6073,2021-10-19T15:20:00Z,CN,other,0
6074,2021-10-19T01:00:00Z,CN,cases,1
6075,2021-10-18T01:00:00Z,CN,cases,1
6076,2021-10-17T07:09:33Z,CN,other,0
6077,2021-10-17T01:00:00Z,CN,cases,1
6078,2021-10-16T08:00:00Z,CN,other,0
6079,2021-10-16T01:00:00Z,CN,cases,1
6080,2021-10-15T07:30:00Z,CN,other,0
6081,2021-10-15T01:00:00Z,CN,cases,1
6082,2021-10-14T01:00:00Z,CN,cases,1
6083,2021-10-13T01:00:00Z,CN,cases,1
6084,2021-10-12T07:32:35Z,CN,other,0
6085,2021-10-12T01:00:00Z,CN,cases,1
6086,2021-10-11T07:15:14Z,CN,other,0
6087,2021-10-11T01:00:00Z,CN,cases,1
6088,2021-10-10T01:00:00Z,CN,cases,1
6089,2021-10-09T01:00:00Z,CN,cases,1
6090,2021-10-08T01:00:00Z,CN,cases,1
6091,2021-10-07T01:00:00Z,CN,cases,1
6092,2021-10-06T01:00:00Z,CN,cases,1
6093,2021-10-05T01:00:00Z,CN,cases,1
6094,2021-10-04T08:32:48Z,CN,live,0
6095,2021-10-04T01:00:00Z,CN,cases,1
6096,2021-10-03T01:00:00Z,CN,cases,1
6097,2021-10-02T01:00:00Z,CN,cases,1
6098,2021-10-01T01:00:00Z,CN,cases,1
6099,2021-09-30T01:00:00Z,CN,cases,1
6100,2021-09-29T07:00:13Z,CN,live,0
6101,2021-09-29T01:00:00Z,CN,cases,1
6102,2021-09-28T01:00:00Z,CN,cases,1
6103,2021-09-27T01:00:00Z,CN,cases,1
6104,2021-09-26T01:00:00Z,CN,cases,1
6105,2021-09-25T01:00:00Z,CN,cases,1
6106,2021-09-24T01:00:00Z,CN,cases,1
6107,2021-09-23T01:00:00Z,CN,cases,1
6108,2021-09-22T01:00:00Z,CN,cases,1
6109,2021-09-21T01:00:00Z,CN,cases,1
6110,2021-09-20T01:00:00Z,CN,cases,1
6111,2021-09-19T01:00:00Z,CN,cases,1
6112,2021-09-18T01:00:00Z,CN,cases,1
6113,2021-09-17T01:00:00Z,CN,cases,1
6114,2021-09-16T07:03:28Z,CN,live,0
6115,2021-09-16T03:00:49Z,CN,live,0
6116,2021-09-16T01:00:00Z,CN,cases,1
6117,2021-09-15T01:00:00Z,CN,cases,1
6118,2021-09-14T01:00:00Z,CN,cases,1
6119,2021-09-13T14:32:26Z,CN,live,0
6120,2021-09-13T01:00:00Z,CN,cases,1
6121,2021-09-12T10:03:35Z,CN,live,0
6122,2021-09-12T01:00:00Z,CN,cases,1
6123,2021-09-11T01:00:00Z,CN,cases,1
6124,2021-09-10T01:00:00Z,CN,cases,1
6125,2021-09-09T01:00:00Z,CN,cases,1
6126,2021-09-08T01:00:00Z,CN,cases,1
6127,2021-09-07T07:02:57Z,CN,live,0
6128,2021-09-07T01:00:00Z,CN,cases,1
6129,2021-09-06T01:00:00Z,CN,cases,1
6130,2021-09-05T01:00:00Z,CN,cases,1
6131,2021-09-04T01:00:00Z,CN,cases,1
6132,2021-09-03T01:00:00Z,CN,cases,1
6133,2021-09-02T01:00:00Z,CN,cases,1
6134,2021-09-01T01:00:00Z,CN,cases,1
6135,2021-06-11T05:54:00Z,CN,other,0
6136,2021-05-28T18:20:00Z,CN,other,0
6137,2021-05-24T15:10:00Z,CN,other,0
6138,2021-05-14T20:50:00Z,CN,other,0
6139,2021-04-07T01:05:00Z,CN,cases,1
6140,2021-04-06T00:56:00Z,CN,cases,1
6141,2021-04-03T01:05:00Z,CN,cases,1
6142,2021-04-02T00:55:00Z,CN,cases,1
6143,2021-04-01T01:16:00Z,CN,cases,1
6144,2021-03-31T00:27:00Z,CN,cases,1
6145,2021-03-30T01:00:00Z,CN,cases,1
6146,2021-03-29T01:58:00Z,CN,cases,0
6147,2021-03-28T01:25:00Z,CN,cases,1
6148,2021-03-25T00:36:00Z,CN,cases,1
6149,2021-03-24T00:31:00Z,CN,cases,1
6150,2021-03-23T01:20:00Z,CN,cases,1
6151,2021-03-22T00:56:00Z,CN,cases,1
6152,2021-03-21T02:30:00Z,CN,cases,0
6153,2021-03-20T02:06:00Z,CN,cases,0
6154,2021-03-19T01:06:00Z,CN,cases,1
6155,2021-03-17T00:34:00Z,CN,cases,1
6156,2021-03-16T00:56:00Z,CN,cases,1
6157,2021-03-15T00:50:00Z,CN,cases,1
6158,2021-03-14T02:07:00Z,CN,cases,0
6159,2021-03-13T01:12:00Z,CN,cases,1
6160,2021-03-12T01:25:00Z,CN,cases,1
6161,2021-03-11T00:35:00Z,CN,cases,1
6162,2021-03-09T00:42:00Z,CN,cases,1
6163,2021-03-08T00:41:00Z,CN,cases,1
6164,2021-03-07T01:02:00Z,CN,cases,1
6165,2021-03-06T01:09:00Z,CN,cases,1
6166,2021-03-05T00:40:00Z,CN,cases,1
6167,2021-03-04T00:49:00Z,CN,cases,1
6168,2021-03-02T00:14:00Z,CN,cases,1
6169,2021-03-01T00:25:00Z,CN,cases,1
6170,2021-02-28T01:13:00Z,CN,cases,1
6171,2021-02-27T01:06:00Z,CN,cases,1
6172,2021-02-26T00:47:00Z,CN,cases,1
6173,2021-02-25T01:02:00Z,CN,cases,1
6174,2021-02-24T00:38:00Z,CN,cases,1
6175,2021-02-22T01:16:00Z,CN,cases,1
6176,2021-02-21T01:12:00Z,CN,cases,1
6177,2021-02-20T00:48:00Z,CN,cases,1
6178,2021-02-19T14:10:00Z,CN,other,0
6179,2021-02-19T00:22:00Z,CN,cases,1
6180,2021-02-18T00:55:00Z,CN,cases,1
6181,2021-02-17T01:07:00Z,CN,cases,1
6182,2021-02-16T01:14:00Z,CN,cases,1
6183,2021-02-15T01:02:00Z,CN,cases,1
6184,2021-02-14T01:16:00Z,CN,cases,1
6185,2021-02-13T01:05:00Z,CN,cases,1
6186,2021-02-12T01:30:00Z,CN,cases,1
6187,2021-02-11T01:05:00Z,CN,cases,1
6188,2021-02-10T01:26:00Z,CN,cases,1
6189,2021-02-07T00:22:00Z,CN,cases,1
6190,2021-02-06T01:27:00Z,CN,cases,1
6191,2021-02-05T00:38:00Z,CN,cases,1
6192,2021-02-04T00:45:00Z,CN,cases,1
6193,2021-02-03T00:50:00Z,CN,cases,1
6194,2021-02-02T03:10:00Z,CN,cases,0
6195,2021-01-30T01:06:00Z,CN,cases,1
6196,2021-01-29T00:38:00Z,CN,cases,1
6197,2021-01-28T00:51:00Z,CN,cases,1
6198,2021-01-27T00:23:00Z,CN,cases,1
6199,2021-01-26T00:49:00Z,CN,cases,1
6200,2021-01-25T00:19:00Z,CN,cases,1
6201,2021-01-22T01:44:00Z,CN,cases,0
6202,2021-01-21T00:45:00Z,CN,cases,1
6203,2021-01-20T00:48:00Z,CN,cases,1
6204,2021-01-19T00:35:00Z,CN,cases,1
6205,2021-01-18T00:35:00Z,CN,cases,1
6206,2021-01-17T01:14:00Z,CN,cases,1
6207,2021-01-16T01:18:00Z,CN,cases,1
6208,2021-01-14T00:41:00Z,CN,cases,1
6209,2021-01-13T00:58:00Z,CN,cases,1
6210,2021-01-12T00:23:00Z,CN,cases,1
6211,2021-01-11T00:12:00Z,CN,cases,1
6212,2021-01-10T01:08:00Z,CN,cases,1
6213,2021-01-09T01:13:00Z,CN,cases,1
6214,2021-01-07T00:16:00Z,CN,cases,1
6215,2021-01-06T00:18:00Z,CN,cases,1
6216,2021-01-05T00:17:00Z,CN,cases,1
6217,2021-01-04T00:09:00Z,CN,cases,1
6218,2021-01-03T01:16:00Z,CN,cases,1
6219,2021-01-02T01:05:00Z,CN,cases,1
6220,2021-01-01T01:30:00Z,CN,cases,1
6221,2020-12-31T00:12:00Z,CN,cases,1
6222,2020-12-30T21:45:00Z,CN,cases,0
6223,2020-12-30T00:19:00Z,CN,cases,1
6224,2020-12-29T00:16:00Z,CN,cases,1
6225,2020-12-28T00:15:00Z,CN,cases,1
6226,2020-12-27T14:20:00Z,CN,other,0
6227,2020-12-27T01:08:00Z,CN,cases,1
6228,2020-12-26T01:12:00Z,CN,cases,1
6229,2020-12-25T00:23:00Z,CN,cases,1
6230,2020-12-24T00:21:00Z,CN,cases,1
6231,2020-12-23T00:14:00Z,CN,cases,1
6232,2020-12-22T00:22:00Z,CN,cases,1
6233,2020-12-21T00:20:00Z,CN,cases,1
6234,2020-12-20T01:13:00Z,CN,cases,1
6235,2020-12-19T01:07:00Z,CN,cases,1
6236,2020-12-19T01:07:00Z,CN,cases,1
6237,2020-12-18T00:26:00Z,CN,cases,1
6238,2020-12-17T00:18:00Z,CN,cases,1
6239,2020-12-16T00:38:00Z,CN,cases,1
6240,2020-12-15T01:05:00Z,CN,cases,1
6241,2020-12-14T00:31:00Z,CN,cases,1
6242,2020-12-13T01:18:00Z,CN,cases,1
6243,2020-12-12T01:13:00Z,CN,cases,1
6244,2020-12-11T00:40:00Z,CN,cases,1
6245,2020-12-10T00:09:00Z,CN,cases,1
6246,2020-12-09T00:26:00Z,CN,cases,1
6247,2020-12-08T00:39:00Z,CN,cases,1
6248,2020-12-07T00:25:00Z,CN,cases,1
6249,2020-12-07T00:25:00Z,CN,cases,1
6250,2020-12-06T01:12:00Z,CN,cases,1
6251,2020-12-05T01:14:00Z,CN,cases,1
6252,2020-12-04T00:43:00Z,CN,cases,1
6253,2020-12-03T00:43:00Z,CN,cases,1
6254,2020-12-02T00:23:00Z,CN,cases,1
6255,2020-12-01T00:08:00Z,CN,cases,1
6256,2020-11-30T00:54:00Z,CN,cases,1
6257,2020-11-29T01:08:00Z,CN,cases,1
6258,2020-11-28T01:07:00Z,CN,cases,1
6259,2020-11-27T00:16:00Z,CN,cases,1
6260,2020-11-26T00:25:00Z,CN,cases,1
6261,2020-11-25T00:40:00Z,CN,cases,1
6262,2020-11-24T00:53:00Z,CN,cases,1
6263,2020-11-23T00:19:00Z,CN,cases,1
6264,2020-11-22T01:30:00Z,CN,cases,1
6265,2020-11-21T01:15:00Z,CN,cases,1
6266,2020-11-21T01:15:00Z,CN,cases,1
6267,2020-11-20T00:18:00Z,CN,cases,1
6268,2020-11-19T03:11:00Z,CN,cases,0
6269,2020-11-18T00:46:00Z,CN,cases,1
6270,2020-11-17T00:28:00Z,CN,cases,1
6271,2020-11-16T00:24:00Z,CN,cases,1
6272,2020-11-15T01:14:00Z,CN,cases,1
6273,2020-11-14T01:06:00Z,CN,cases,1
6274,2020-11-14T01:06:00Z,CN,cases,1
6275,2020-11-13T00:11:00Z,CN,cases,1
6276,2020-11-12T00:17:00Z,CN,cases,1
6277,2020-11-11T00:13:00Z,CN,cases,1
6278,2020-11-10T00:55:00Z,CN,cases,1
6279,2020-11-09T00:22:00Z,CN,cases,1
6280,2020-11-08T01:09:00Z,CN,cases,1
6281,2020-11-07T01:29:00Z,CN,cases,1
6282,2020-11-06T00:28:00Z,CN,cases,1
6283,2020-11-05T00:36:00Z,CN,cases,1
6284,2020-11-04T00:38:00Z,CN,cases,1
6285,2020-11-03T00:14:00Z,CN,cases,1
6286,2020-11-02T00:23:00Z,CN,cases,1
6287,2020-11-01T01:13:00Z,CN,cases,1
6288,2020-10-31T01:32:00Z,CN,cases,0
6289,2020-10-30T00:19:00Z,CN,cases,1
6290,2020-10-29T00:38:00Z,CN,cases,1
6291,2020-10-28T00:53:00Z,CN,cases,1
6292,2020-10-27T00:36:00Z,CN,cases,1
6293,2020-10-26T00:35:00Z,CN,cases,1
6294,2020-10-26T00:35:00Z,CN,cases,1
6295,2020-10-25T01:49:00Z,CN,cases,0
6296,2020-10-25T01:49:00Z,CN,cases,0
6297,2020-10-25T01:49:00Z,CN,cases,0
6298,2020-10-24T01:08:00Z,CN,cases,1
6299,2020-10-23T00:16:00Z,CN,cases,1
6300,2020-10-22T00:11:00Z,CN,cases,1
6301,2020-10-21T00:20:00Z,CN,cases,1
6302,2020-10-20T00:34:00Z,CN,cases,1
6303,2020-10-19T00:18:00Z,CN,cases,1
6304,2020-10-18T01:10:00Z,CN,cases,1
6305,2020-10-17T02:52:00Z,CN,cases,0
6306,2020-10-16T00:18:00Z,CN,cases,1
6307,2020-10-15T00:37:00Z,CN,cases,1
6308,2020-10-14T00:23:00Z,CN,cases,1
6309,2020-10-13T01:11:00Z,CN,cases,1
6310,2020-10-12T01:00:00Z,CN,cases,1
6311,2020-10-11T01:04:00Z,CN,cases,1
6312,2020-10-10T00:50:00Z,CN,cases,1
6313,2020-10-09T00:14:00Z,CN,cases,1
6314,2020-10-08T01:20:00Z,CN,cases,1
6315,2020-10-07T01:15:00Z,CN,cases,1
6316,2020-10-06T01:30:00Z,CN,cases,1
6317,2020-10-05T01:06:00Z,CN,cases,1
6318,2020-10-05T01:06:00Z,CN,cases,1
6319,2020-10-04T01:10:00Z,CN,cases,1
6320,2020-10-03T01:16:00Z,CN,cases,1
6321,2020-10-02T01:09:00Z,CN,cases,1
6322,2020-10-01T01:45:00Z,CN,cases,0
6323,2020-09-30T00:16:00Z,CN,cases,1
6324,2020-09-29T00:16:00Z,CN,cases,1
6325,2020-09-28T00:10:00Z,CN,cases,1
6326,2020-09-27T00:22:00Z,CN,cases,1
6327,2020-09-26T01:14:00Z,CN,cases,1
6328,2020-09-26T01:14:00Z,CN,cases,1
6329,2020-09-25T00:18:00Z,CN,cases,1
6330,2020-09-24T01:10:00Z,CN,cases,1
6331,2020-09-23T00:26:00Z,CN,cases,1
6332,2020-09-22T00:24:00Z,CN,cases,1
6333,2020-09-21T00:16:00Z,CN,cases,1
6334,2020-09-20T01:05:00Z,CN,cases,1
6335,2020-09-16T00:47:00Z,CN,cases,1
6336,2020-09-15T00:16:00Z,CN,cases,1
6337,2020-09-14T05:16:00Z,CN,cases,0
6338,2020-09-13T01:10:00Z,CN,cases,1
6339,2020-09-12T01:08:00Z,CN,cases,1
6340,2020-09-11T00:21:00Z,CN,cases,1
6341,2020-09-10T00:12:00Z,CN,cases,1
6342,2020-09-09T00:13:00Z,CN,cases,1
6343,2020-09-08T00:12:00Z,CN,cases,1
6344,2020-09-06T01:15:00Z,CN,cases,1
6345,2020-09-05T01:17:00Z,CN,cases,1
6346,2020-09-04T00:16:00Z,CN,cases,1
6347,2020-09-03T00:17:00Z,CN,cases,1
6348,2020-09-02T00:15:00Z,CN,cases,1
6349,2020-09-01T01:12:00Z,CN,cases,1
6350,2020-08-31T00:15:00Z,CN,cases,1
6351,2020-08-30T01:07:00Z,CN,cases,1
6352,2020-08-29T01:16:00Z,CN,cases,1
6353,2020-08-28T00:17:00Z,CN,cases,1
6354,2020-08-27T00:59:00Z,CN,cases,1
6355,2020-08-26T00:11:00Z,CN,cases,1
6356,2020-08-25T00:30:00Z,CN,cases,1
6357,2020-08-24T00:19:00Z,CN,cases,1
6358,2020-08-23T01:19:00Z,CN,cases,1
6359,2020-08-22T01:14:00Z,CN,cases,1
6360,2020-08-21T00:30:00Z,CN,cases,1
6361,2020-08-20T00:16:00Z,CN,cases,1
6362,2020-08-19T00:26:00Z,CN,cases,1
6363,2020-08-18T00:51:00Z,CN,cases,1
6364,2020-08-17T00:52:00Z,CN,cases,1
6365,2020-08-16T01:13:00Z,CN,cases,1
6366,2020-08-15T01:01:00Z,CN,cases,1
6367,2020-08-14T00:16:00Z,CN,cases,1
6368,2020-08-13T00:46:00Z,CN,cases,1
6369,2020-08-12T00:54:00Z,CN,cases,1
6370,2020-08-11T01:05:00Z,CN,cases,1
6371,2020-08-10T00:23:00Z,CN,cases,1
6372,2020-08-09T01:07:00Z,CN,cases,1
6373,2020-08-08T01:30:00Z,CN,cases,1
6374,2020-08-07T00:43:00Z,CN,cases,1
6375,2020-08-04T00:58:00Z,CN,cases,1
6376,2020-08-03T01:00:00Z,CN,cases,1
6377,2020-08-02T01:30:00Z,CN,cases,1
6378,2020-08-01T01:03:00Z,CN,cases,1
6379,2020-07-31T00:23:00Z,CN,cases,1
6380,2020-07-30T00:59:00Z,CN,cases,1
6381,2020-07-29T00:10:00Z,CN,cases,1
6382,2020-07-28T00:59:00Z,CN,cases,1
6383,2020-07-27T01:04:00Z,CN,cases,1
6384,2020-07-26T01:05:00Z,CN,cases,1
6385,2020-07-25T01:09:00Z,CN,cases,1
6386,2020-07-24T00:18:00Z,CN,cases,1
6387,2020-07-23T01:03:00Z,CN,cases,1
6388,2020-07-22T00:49:00Z,CN,cases,1
6389,2020-07-21T01:13:00Z,CN,cases,1
6390,2020-07-20T01:18:00Z,CN,cases,1
6391,2020-07-19T01:14:00Z,CN,cases,1
6392,2020-07-18T01:06:00Z,CN,cases,1
6393,2020-07-17T00:15:00Z,CN,cases,1
6394,2020-07-09T01:06:00Z,CN,cases,1
6395,2020-07-08T00:47:00Z,CN,cases,1
6396,2020-07-07T01:00:00Z,CN,cases,1
6397,2020-07-06T00:24:00Z,CN,cases,1
6398,2020-07-05T01:06:00Z,CN,cases,1
6399,2020-07-04T01:06:00Z,CN,cases,1
6400,2020-07-03T00:05:00Z,CN,cases,1
6401,2020-07-02T00:07:00Z,CN,cases,1
6402,2020-07-01T00:18:00Z,CN,cases,1
6403,2020-06-30T00:16:00Z,CN,cases,1
6404,2020-06-29T01:15:00Z,CN,cases,1
6405,2020-06-28T00:22:00Z,CN,cases,1
6406,2020-06-27T01:05:00Z,CN,cases,1
6407,2020-06-26T01:08:00Z,CN,cases,1
6408,2020-06-25T01:05:00Z,CN,cases,1
6409,2020-06-24T00:14:00Z,CN,cases,1
6410,2020-06-23T00:52:00Z,CN,cases,1
6411,2020-06-22T01:46:00Z,CN,cases,0
6412,2020-06-21T02:28:00Z,CN,cases,0
6413,2020-06-20T01:03:00Z,CN,cases,1
6414,2020-06-19T00:45:00Z,CN,cases,1
6415,2020-06-18T00:37:00Z,CN,cases,1
6416,2020-06-18T00:37:00Z,CN,cases,1
6417,2020-06-17T01:01:00Z,CN,cases,1
6418,2020-06-16T00:26:00Z,CN,cases,1
6419,2020-06-15T00:11:00Z,CN,cases,1
6420,2020-06-14T01:08:00Z,CN,cases,1
6421,2020-06-13T01:39:00Z,CN,cases,0
6422,2020-06-13T01:39:00Z,CN,cases,0
6423,2020-06-12T00:47:53Z,CN,cases,1
6424,2020-06-12T00:47:00Z,CN,cases,1
6425,2020-06-11T00:14:17Z,CN,cases,1
6426,2020-06-11T00:14:00Z,CN,cases,1
6427,2020-06-10T00:20:09Z,CN,cases,1
6428,2020-06-10T00:20:00Z,CN,cases,1
6429,2020-06-09T06:21:56Z,CN,cases,0
6430,2020-06-09T06:21:00Z,CN,cases,0
6431,2020-06-08T00:44:42Z,CN,cases,1
6432,2020-06-08T00:44:00Z,CN,cases,1
6433,2020-06-07T01:13:58Z,CN,cases,1
6434,2020-06-07T01:13:00Z,CN,cases,1
6435,2020-06-06T01:13:56Z,CN,cases,1
6436,2020-06-06T01:13:00Z,CN,cases,1
6437,2020-06-05T00:19:05Z,CN,cases,1
6438,2020-06-05T00:19:00Z,CN,cases,1
6439,2020-06-04T00:12:35Z,CN,cases,1
6440,2020-06-04T00:12:00Z,CN,cases,1
6441,2020-06-03T01:15:00Z,CN,cases,1
6442,2020-06-02T00:19:05Z,CN,cases,1
6443,2020-06-01T00:55:01Z,CN,cases,1
6444,2020-05-31T01:14:09Z,CN,cases,1
6445,2020-05-30T01:03:00Z,CN,cases,1
6446,2020-05-01T01:05:00Z,CN,cases,1
6447,2020-04-30T00:33:00Z,CN,cases,1
6448,2020-04-29T00:37:00Z,CN,cases,1
6449,2020-04-28T00:51:00Z,CN,cases,1
6450,2020-04-27T00:48:00Z,CN,cases,1
6451,2020-04-26T00:55:00Z,CN,cases,1
6452,2020-04-25T01:19:00Z,CN,cases,1
6453,2020-04-24T00:57:00Z,CN,cases,1
6454,2020-04-23T01:05:00Z,CN,cases,1
6455,2020-04-22T01:01:00Z,CN,cases,1
6456,2020-04-21T00:29:00Z,CN,cases,1
6457,2020-04-20T00:46:00Z,CN,cases,1
6458,2020-04-19T01:30:00Z,CN,cases,1
6459,2020-04-18T01:10:00Z,CN,cases,1
6460,2020-04-17T08:04:00Z,CN,cases,0
6461,2020-04-17T01:21:00Z,CN,cases,1
6462,2020-04-16T01:02:00Z,CN,cases,1
6463,2020-04-15T08:24:00Z,CN,cases,0
6464,2020-04-15T00:45:00Z,CN,cases,1
6465,2020-04-14T00:35:00Z,CN,cases,1
6466,2020-04-13T00:56:00Z,CN,cases,1
6467,2020-04-12T01:10:00Z,CN,cases,1
6468,2020-04-11T01:07:00Z,CN,cases,1
6469,2020-04-10T00:20:00Z,CN,cases,1
6470,2020-04-09T09:00:00Z,CN,other,0
6471,2020-04-09T00:23:00Z,CN,cases,1
6472,2020-04-08T00:40:00Z,CN,cases,1
6473,2020-04-07T01:16:00Z,CN,cases,1
6474,2020-04-06T01:30:00Z,CN,cases,1
6475,2020-04-05T01:01:00Z,CN,cases,1
6476,2020-04-04T01:14:00Z,CN,cases,1
6477,2020-04-03T13:35:00Z,CN,cases,0
6478,2020-04-03T02:06:00Z,CN,cases,0
6479,2020-04-02T06:31:00Z,CN,cases,0
6480,2020-03-31T00:27:00Z,CN,cases,1
6481,2020-03-30T00:33:00Z,CN,cases,1
6482,2020-03-29T01:05:00Z,CN,cases,1
6483,2020-03-28T05:37:00Z,CN,cases,0
6484,2020-03-27T00:30:00Z,CN,cases,1
6485,2020-03-26T00:14:00Z,CN,cases,1
6486,2020-03-25T00:14:00Z,CN,cases,1
6487,2020-03-24T06:30:00Z,CN,other,0
6488,2020-03-24T00:23:00Z,CN,cases,1
6489,2020-03-23T00:27:00Z,CN,cases,1
6490,2020-03-22T01:12:00Z,CN,cases,1
6491,2020-03-21T01:29:00Z,CN,cases,1
6492,2020-03-20T00:13:00Z,CN,cases,1
6493,2020-03-19T08:00:00Z,CN,cases,0
6494,2020-03-19T08:00:00Z,CN,cases,0
6495,2020-03-19T01:19:00Z,CN,cases,1
6496,2020-03-19T01:19:00Z,CN,cases,1
6497,2020-03-18T08:45:00Z,CN,cases,0
6498,2020-03-18T01:29:00Z,CN,cases,1
6499,2020-03-17T00:20:00Z,CN,cases,1
6500,2020-03-16T00:39:00Z,CN,cases,1
6501,2020-03-15T13:28:00Z,CN,other,0
6502,2020-03-15T02:28:00Z,CN,cases,0
6503,2020-03-14T02:49:00Z,CN,cases,0
6504,2020-03-13T02:55:00Z,CN,cases,0
6505,2020-03-12T00:48:00Z,CN,cases,1
6506,2020-03-11T01:05:00Z,CN,cases,1
6507,2020-03-10T00:31:00Z,CN,cases,1
6508,2020-03-09T00:29:00Z,CN,cases,1
6509,2020-03-07T01:03:00Z,CN,cases,1
6510,2020-03-06T09:00:00Z,CN,cases,0
6511,2020-03-06T01:51:00Z,CN,cases,0
6512,2020-03-05T00:39:00Z,CN,cases,1
6513,2020-03-04T01:56:00Z,CN,cases,0
6514,2020-03-03T00:23:00Z,CN,cases,1
6515,2020-03-02T02:30:00Z,CN,cases,0
6516,2020-03-02T00:19:00Z,CN,cases,1
6517,2020-03-01T10:00:00Z,CN,other,0
6518,2020-03-01T00:28:00Z,CN,cases,1
6519,2020-02-29T05:02:00Z,CN,cases,0
6520,2020-02-29T01:05:00Z,CN,cases,1
6521,2020-02-28T00:17:00Z,CN,cases,1
6522,2020-02-27T01:26:00Z,CN,cases,1
6523,2020-02-26T01:47:00Z,CN,cases,0
6524,2020-02-25T00:53:00Z,CN,cases,1
6525,2020-02-24T03:05:00Z,CN,cases,0
6526,2020-02-23T02:10:00Z,CN,cases,0
6527,2020-02-22T01:08:00Z,CN,cases,1
6528,2020-02-21T01:43:00Z,CN,cases,0
6529,2020-02-20T02:30:00Z,CN,cases,0
6530,2020-02-20T02:11:00Z,CN,cases,0
6531,2020-02-19T00:38:00Z,CN,cases,1
6532,2020-02-19T00:15:00Z,CN,cases,1
6533,2020-02-18T01:26:00Z,CN,cases,1
6534,2020-02-18T00:15:00Z,CN,cases,1
6535,2020-02-17T01:23:00Z,CN,cases,1
6536,2020-02-17T00:59:00Z,CN,cases,1
6537,2020-02-16T01:05:00Z,CN,cases,1
6538,2020-02-15T02:01:00Z,CN,cases,0
6539,2020-02-15T01:07:00Z,CN,cases,1
6540,2020-02-14T07:47:00Z,CN,other,0
6541,2020-02-14T02:49:00Z,CN,cases,0
6542,2020-02-14T02:42:00Z,CN,cases,0
6543,2020-02-13T08:36:00Z,CN,cases,0
6544,2020-02-12T13:32:00Z,CN,other,0
6545,2020-02-12T02:51:00Z,CN,cases,0
6546,2020-02-12T02:22:00Z,CN,cases,0
6547,2020-02-11T01:10:00Z,CN,cases,1
6548,2020-02-11T00:25:00Z,CN,cases,1
6549,2020-02-10T01:00:00Z,CN,cases,1
6550,2020-02-10T00:08:00Z,CN,cases,1
6551,2020-02-08T01:08:00Z,CN,cases,1
6552,2020-02-07T00:19:00Z,CN,cases,1
6553,2020-02-06T00:20:00Z,CN,cases,1
6554,2020-02-05T02:38:00Z,CN,cases,0
6555,2020-02-05T00:20:00Z,CN,cases,1
6556,2020-02-04T10:24:00Z,CN,cases,0
6557,2020-02-04T00:18:00Z,CN,cases,1
6558,2020-01-29T09:00:00Z,CN,other,0
6559,2020-01-29T04:00:00Z,CN,other,0
6560,2020-01-28T12:30:00Z,CN,other,0
6561,2022-02-28T16:01:26Z,CL,live,0
6562,2022-02-23T16:48:06Z,CL,president speech,0
6563,2022-02-21T15:03:00Z,CL,live,0
6564,2022-02-17T17:13:47Z,CL,live,0
6565,2022-02-14T16:03:18Z,CL,live,0
6566,2022-02-10T15:46:23Z,CL,live,0
6567,2022-02-07T15:46:54Z,CL,live,0
6568,2022-02-03T15:44:05Z,CL,live,0
6569,2022-01-31T16:05:48Z,CL,live,0
6570,2022-01-27T16:08:45Z,CL,live,0
6571,2022-01-24T16:08:43Z,CL,live,0
6572,2022-01-22T14:21:00Z,CL,other,1
6573,2022-01-20T15:16:52Z,CL,live,0
6574,2022-01-17T17:41:13Z,CL,live,0
6575,2022-01-13T15:44:42Z,CL,live,0
6576,2022-01-06T16:34:46Z,CL,live,0
6577,2022-01-03T15:31:26Z,CL,live,0
6578,2022-01-02T14:00:09Z,CL,cases,1
6579,2022-01-02T13:47:24Z,CL,live,1
6580,2022-01-01T14:00:11Z,CL,cases,1
6581,2021-12-31T14:00:18Z,CL,cases,1
6582,2021-12-30T15:36:23Z,CL,live,0
6583,2021-12-30T14:00:37Z,CL,cases,1
6584,2021-12-29T14:00:22Z,CL,cases,1
6585,2021-12-28T14:00:25Z,CL,cases,1
6586,2021-12-27T15:11:18Z,CL,live,0
6587,2021-12-27T14:00:16Z,CL,cases,1
6588,2021-12-26T14:00:10Z,CL,cases,1
6589,2021-12-25T14:00:23Z,CL,cases,1
6590,2021-12-24T14:00:54Z,CL,cases,1
6591,2021-12-23T14:38:22Z,CL,live,0
6592,2021-12-23T14:00:28Z,CL,cases,1
6593,2021-12-22T14:00:14Z,CL,cases,1
6594,2021-12-21T14:00:21Z,CL,cases,1
6595,2021-12-20T15:17:43Z,CL,live,0
6596,2021-12-20T14:00:44Z,CL,cases,1
6597,2021-12-19T14:00:13Z,CL,cases,1
6598,2021-12-18T14:00:21Z,CL,cases,1
6599,2021-12-17T14:00:27Z,CL,cases,1
6600,2021-12-16T14:46:15Z,CL,live,0
6601,2021-12-16T14:00:12Z,CL,cases,1
6602,2021-12-15T14:02:34Z,CL,cases,1
6603,2021-12-14T14:00:16Z,CL,cases,1
6604,2021-12-13T15:20:38Z,CL,live,0
6605,2021-12-13T14:00:30Z,CL,cases,1
6606,2021-12-12T14:00:23Z,CL,cases,1
6607,2021-12-11T14:00:47Z,CL,cases,1
6608,2021-12-10T14:22:09Z,CL,cases,1
6609,2021-12-09T15:15:42Z,CL,live,0
6610,2021-12-09T14:00:21Z,CL,cases,1
6611,2021-12-08T14:00:23Z,CL,cases,1
6612,2021-12-07T14:00:22Z,CL,cases,1
6613,2021-12-06T15:12:57Z,CL,live,0
6614,2021-12-06T14:01:05Z,CL,cases,1
6615,2021-12-05T14:00:16Z,CL,cases,1
6616,2021-12-05T13:52:22Z,CL,live,1
6617,2021-12-04T14:00:18Z,CL,cases,1
6618,2021-12-03T14:00:43Z,CL,cases,1
6619,2021-12-02T15:37:03Z,CL,live,0
6620,2021-12-02T14:00:47Z,CL,cases,1
6621,2021-12-01T14:17:38Z,CL,cases,1
6622,2021-11-30T14:00:57Z,CL,cases,1
6623,2021-11-29T16:32:10Z,CL,live,0
6624,2021-11-29T14:00:22Z,CL,cases,1
6625,2021-11-28T14:00:17Z,CL,cases,1
6626,2021-11-27T13:59:35Z,CL,cases,1
6627,2021-11-26T14:07:58Z,CL,cases,1
6628,2021-11-25T15:06:01Z,CL,live,0
6629,2021-11-25T14:00:30Z,CL,cases,1
6630,2021-11-24T14:00:56Z,CL,cases,1
6631,2021-11-23T14:01:28Z,CL,cases,1
6632,2021-11-22T15:39:27Z,CL,live,0
6633,2021-11-22T14:00:18Z,CL,cases,1
6634,2021-11-21T14:00:25Z,CL,cases,1
6635,2021-11-20T14:00:18Z,CL,cases,1
6636,2021-11-19T14:00:13Z,CL,cases,1
6637,2021-11-18T15:21:14Z,CL,live,0
6638,2021-11-18T14:00:29Z,CL,cases,1
6639,2021-11-17T14:00:21Z,CL,cases,1
6640,2021-11-16T14:00:46Z,CL,cases,1
6641,2021-11-15T16:02:54Z,CL,live,0
6642,2021-11-15T14:01:53Z,CL,cases,1
6643,2021-11-14T14:00:11Z,CL,cases,1
6644,2021-11-13T14:00:20Z,CL,cases,1
6645,2021-11-12T14:00:16Z,CL,cases,1
6646,2021-11-11T16:02:14Z,CL,live,0
6647,2021-11-11T14:00:37Z,CL,cases,1
6648,2021-11-10T14:00:10Z,CL,cases,1
6649,2021-11-09T14:00:18Z,CL,cases,1
6650,2021-11-08T16:01:32Z,CL,live,0
6651,2021-11-08T14:01:05Z,CL,cases,1
6652,2021-11-07T14:03:27Z,CL,cases,1
6653,2021-11-06T14:02:06Z,CL,cases,1
6654,2021-11-05T14:00:56Z,CL,cases,1
6655,2021-11-04T15:07:22Z,CL,live,0
6656,2021-11-04T14:00:27Z,CL,cases,1
6657,2021-11-03T14:00:13Z,CL,cases,1
6658,2021-11-02T14:00:17Z,CL,cases,1
6659,2021-11-01T15:16:18Z,CL,live,0
6660,2021-11-01T14:00:19Z,CL,cases,1
6661,2021-10-31T14:00:21Z,CL,cases,1
6662,2021-10-30T14:00:23Z,CL,cases,1
6663,2021-10-29T14:05:58Z,CL,cases,1
6664,2021-10-28T14:00:21Z,CL,cases,1
6665,2021-10-27T14:00:36Z,CL,cases,1
6666,2021-10-26T14:00:19Z,CL,cases,1
6667,2021-10-25T16:17:42Z,CL,live,0
6668,2021-10-25T14:00:47Z,CL,cases,1
6669,2021-10-24T14:00:10Z,CL,cases,1
6670,2021-10-23T14:00:08Z,CL,cases,1
6671,2021-10-22T14:00:22Z,CL,cases,1
6672,2021-10-21T14:03:10Z,CL,cases,1
6673,2021-10-20T14:00:40Z,CL,cases,1
6674,2021-10-19T14:02:27Z,CL,cases,1
6675,2021-10-18T15:06:46Z,CL,live,0
6676,2021-10-18T14:00:23Z,CL,cases,1
6677,2021-10-17T14:00:18Z,CL,cases,1
6678,2021-10-16T14:01:27Z,CL,cases,1
6679,2021-10-15T14:00:20Z,CL,cases,1
6680,2021-10-14T14:00:25Z,CL,cases,1
6681,2021-10-13T14:01:15Z,CL,cases,1
6682,2021-10-12T14:00:10Z,CL,cases,1
6683,2021-10-11T14:52:20Z,CL,live,0
6684,2021-10-11T14:00:14Z,CL,cases,1
6685,2021-10-10T14:00:10Z,CL,cases,1
6686,2021-10-09T14:00:09Z,CL,cases,1
6687,2021-10-08T14:00:23Z,CL,cases,1
6688,2021-10-07T14:06:14Z,CL,cases,1
6689,2021-10-06T14:01:13Z,CL,cases,1
6690,2021-10-05T14:00:27Z,CL,cases,1
6691,2021-10-04T15:07:27Z,CL,live,0
6692,2021-10-04T14:00:12Z,CL,cases,1
6693,2021-10-03T14:02:36Z,CL,cases,1
6694,2021-10-02T14:00:47Z,CL,cases,1
6695,2021-10-01T14:00:29Z,CL,cases,1
6696,2021-09-30T14:00:22Z,CL,cases,1
6697,2021-09-29T14:00:09Z,CL,cases,1
6698,2021-09-28T14:06:40Z,CL,cases,1
6699,2021-09-27T16:31:01Z,CL,live,0
6700,2021-09-27T14:00:25Z,CL,cases,1
6701,2021-09-26T14:00:22Z,CL,cases,1
6702,2021-09-25T14:00:28Z,CL,cases,1
6703,2021-09-24T14:01:20Z,CL,cases,1
6704,2021-09-23T14:01:47Z,CL,cases,1
6705,2021-09-22T14:00:07Z,CL,cases,1
6706,2021-09-21T14:00:14Z,CL,cases,1
6707,2021-09-20T15:21:33Z,CL,live,0
6708,2021-09-20T14:00:30Z,CL,cases,1
6709,2021-09-19T14:00:17Z,CL,cases,1
6710,2021-09-18T14:00:23Z,CL,cases,1
6711,2021-09-17T14:06:12Z,CL,cases,1
6712,2021-09-16T14:00:28Z,CL,cases,1
6713,2021-09-15T14:00:52Z,CL,cases,1
6714,2021-09-14T15:55:17Z,CL,cases,0
6715,2021-09-14T14:00:28Z,CL,cases,1
6716,2021-09-13T16:02:03Z,CL,live,0
6717,2021-09-13T14:00:20Z,CL,cases,1
6718,2021-09-12T14:00:18Z,CL,cases,1
6719,2021-09-11T14:00:19Z,CL,cases,1
6720,2021-09-10T14:00:43Z,CL,cases,1
6721,2021-09-09T14:00:26Z,CL,cases,1
6722,2021-09-08T14:00:19Z,CL,cases,1
6723,2021-09-07T14:00:21Z,CL,cases,1
6724,2021-09-06T16:17:27Z,CL,live,0
6725,2021-09-06T14:00:15Z,CL,cases,1
6726,2021-09-05T14:00:11Z,CL,cases,1
6727,2021-09-04T15:00:15Z,CL,cases,1
6728,2021-09-03T15:00:16Z,CL,cases,1
6729,2021-09-02T15:00:31Z,CL,cases,1
6730,2021-09-01T15:00:24Z,CL,cases,1
6731,2021-04-11T15:00:47Z,CL,cases,1
6732,2021-04-10T16:18:33Z,CL,cases,0
6733,2021-04-09T15:41:29Z,CL,cases,0
6734,2021-04-08T17:03:32Z,CL,cases,0
6735,2021-04-07T15:00:13Z,CL,cases,1
6736,2021-04-06T15:00:11Z,CL,cases,1
6737,2021-04-05T17:11:11Z,CL,cases,0
6738,2021-04-03T14:52:02Z,CL,cases,0
6739,2021-04-02T14:07:23Z,CL,cases,1
6740,2021-04-01T15:00:23Z,CL,cases,0
6741,2021-03-31T14:18:54Z,CL,cases,1
6742,2021-03-30T14:00:13Z,CL,cases,1
6743,2021-03-29T16:11:28Z,CL,cases,0
6744,2021-03-28T14:18:53Z,CL,cases,1
6745,2021-03-25T17:14:03Z,CL,cases,0
6746,2021-03-24T14:00:08Z,CL,cases,1
6747,2021-03-23T14:00:19Z,CL,cases,1
6748,2021-03-22T16:23:10Z,CL,cases,0
6749,2021-03-21T14:00:09Z,CL,cases,1
6750,2021-03-20T14:40:11Z,CL,cases,0
6751,2021-03-19T14:06:44Z,CL,cases,1
6752,2021-03-17T14:01:16Z,CL,cases,1
6753,2021-03-16T14:21:02Z,CL,cases,1
6754,2021-03-15T16:17:01Z,CL,live,0
6755,2021-03-14T14:00:17Z,CL,cases,1
6756,2021-03-13T15:25:45Z,CL,live,0
6757,2021-03-12T14:06:58Z,CL,cases,1
6758,2021-03-11T17:33:02Z,CL,live,0
6759,2021-03-09T14:00:08Z,CL,cases,1
6760,2021-03-08T15:29:00Z,CL,live,0
6761,2021-03-07T14:00:08Z,CL,cases,1
6762,2021-03-06T14:59:46Z,CL,cases,0
6763,2021-03-05T14:00:39Z,CL,cases,1
6764,2021-03-04T16:16:26Z,CL,cases,0
6765,2021-03-03T14:09:05Z,CL,cases,1
6766,2021-03-03T10:45:18Z,CL,live,0
6767,2021-03-02T14:00:16Z,CL,cases,1
6768,2021-03-01T16:04:59Z,CL,live,0
6769,2021-02-28T14:00:23Z,CL,cases,1
6770,2021-02-27T15:20:59Z,CL,cases,0
6771,2021-02-26T14:00:14Z,CL,cases,1
6772,2021-02-25T16:08:37Z,CL,live,0
6773,2021-02-24T14:00:21Z,CL,cases,1
6774,2021-02-22T19:45:14Z,CL,live,0
6775,2021-02-22T16:12:35Z,CL,cases,0
6776,2021-02-21T14:00:20Z,CL,cases,1
6777,2021-02-20T15:14:05Z,CL,live,0
6778,2021-02-19T14:00:22Z,CL,cases,1
6779,2021-02-18T16:03:11Z,CL,live,0
6780,2021-02-17T14:00:13Z,CL,cases,1
6781,2021-02-16T14:00:07Z,CL,cases,1
6782,2021-02-15T16:08:06Z,CL,live,0
6783,2021-02-14T14:00:25Z,CL,cases,1
6784,2021-02-13T15:55:14Z,CL,cases,0
6785,2021-02-12T15:01:11Z,CL,cases,0
6786,2021-02-12T14:41:09Z,CL,live,0
6787,2021-02-11T16:18:03Z,CL,cases,0
6788,2021-02-10T14:00:42Z,CL,cases,1
6789,2021-02-09T14:00:24Z,CL,cases,1
6790,2021-02-07T14:00:18Z,CL,cases,1
6791,2021-02-06T16:37:24Z,CL,live,0
6792,2021-02-05T14:00:28Z,CL,cases,1
6793,2021-02-04T16:41:00Z,CL,live,0
6794,2021-02-03T14:45:57Z,CL,cases,0
6795,2021-02-03T11:12:00Z,CL,president speech,0
6796,2021-02-02T14:00:08Z,CL,cases,1
6797,2021-02-01T16:23:38Z,CL,live,0
6798,2021-01-30T15:45:36Z,CL,cases,0
6799,2021-01-29T14:20:29Z,CL,cases,1
6800,2021-01-28T17:13:48Z,CL,live,0
6801,2021-01-27T14:00:25Z,CL,cases,1
6802,2021-01-26T14:00:19Z,CL,cases,1
6803,2021-01-25T16:13:51Z,CL,cases,0
6804,2021-01-25T16:05:37Z,CL,live,0
6805,2021-01-24T14:01:08Z,CL,cases,1
6806,2021-01-22T14:08:28Z,CL,cases,1
6807,2021-01-21T16:13:52Z,CL,live,0
6808,2021-01-20T18:11:22Z,CL,live,0
6809,2021-01-20T14:00:09Z,CL,cases,1
6810,2021-01-19T14:00:32Z,CL,cases,1
6811,2021-01-18T16:00:51Z,CL,live,0
6812,2021-01-18T13:33:45Z,CL,live,1
6813,2021-01-17T14:01:42Z,CL,cases,1
6814,2021-01-16T13:54:08Z,CL,live,1
6815,2021-01-15T13:57:56Z,CL,cases,1
6816,2021-01-14T15:16:41Z,CL,live,0
6817,2021-01-13T14:00:47Z,CL,cases,1
6818,2021-01-13T09:26:31Z,CL,live,0
6819,2021-01-12T14:00:16Z,CL,cases,1
6820,2021-01-11T15:04:41Z,CL,live,0
6821,2021-01-10T14:00:14Z,CL,cases,1
6822,2021-01-09T14:13:32Z,CL,cases,1
6823,2021-01-08T14:00:18Z,CL,cases,1
6824,2021-01-07T14:58:41Z,CL,live,0
6825,2021-01-06T14:27:40Z,CL,cases,1
6826,2021-01-05T14:00:47Z,CL,cases,1
6827,2021-01-05T11:03:03Z,CL,live,0
6828,2021-01-04T14:49:35Z,CL,cases,0
6829,2021-01-03T14:00:15Z,CL,cases,1
6830,2021-01-02T17:40:50Z,CL,cases,0
6831,2021-01-01T14:00:06Z,CL,cases,1
6832,2020-12-31T15:33:54Z,CL,cases,0
6833,2020-12-29T14:00:10Z,CL,cases,1
6834,2020-12-28T14:41:34Z,CL,cases,0
6835,2020-12-27T13:59:16Z,CL,cases,1
6836,2020-12-26T14:51:14Z,CL,cases,0
6837,2020-12-26T14:37:09Z,CL,live,0
6838,2020-12-25T14:08:55Z,CL,other,1
6839,2020-12-25T14:08:32Z,CL,other,1
6840,2020-12-25T14:00:10Z,CL,cases,1
6841,2020-12-25T14:00:08Z,CL,cases,1
6842,2020-12-24T15:51:46Z,CL,cases,0
6843,2020-12-24T15:51:45Z,CL,cases,0
6844,2020-12-24T15:04:16Z,CL,live,0
6845,2020-12-23T14:00:16Z,CL,cases,1
6846,2020-12-23T14:00:15Z,CL,cases,1
6847,2020-12-22T14:00:09Z,CL,cases,1
6848,2020-12-22T14:00:07Z,CL,cases,1
6849,2020-12-21T15:58:07Z,CL,cases,0
6850,2020-12-21T15:58:05Z,CL,cases,0
6851,2020-12-20T14:00:09Z,CL,cases,1
6852,2020-12-19T14:16:26Z,CL,cases,1
6853,2020-12-19T14:16:00Z,CL,cases,1
6854,2020-12-18T14:00:00Z,CL,cases,1
6855,2020-12-17T16:42:00Z,CL,president speech,0
6856,2020-12-17T15:06:00Z,CL,cases,0
6857,2020-12-17T15:02:00Z,CL,live,0
6858,2020-12-17T00:32:00Z,CL,president speech,0
6859,2020-12-16T15:17:00Z,CL,live,0
6860,2020-12-16T14:00:00Z,CL,cases,1
6861,2020-12-16T14:00:00Z,CL,cases,1
6862,2020-12-16T13:32:00Z,CL,president speech,1
6863,2020-12-16T11:45:00Z,CL,live,0
6864,2020-12-15T14:00:00Z,CL,cases,1
6865,2020-12-14T15:33:00Z,CL,cases,0
6866,2020-12-13T14:00:00Z,CL,cases,1
6867,2020-12-12T12:21:00Z,CL,live,0
6868,2020-12-11T14:01:00Z,CL,cases,1
6869,2020-12-10T14:52:00Z,CL,cases,0
6870,2020-12-09T14:01:00Z,CL,cases,1
6871,2020-12-08T14:00:00Z,CL,cases,1
6872,2020-12-07T15:40:00Z,CL,cases,0
6873,2020-12-06T14:01:00Z,CL,cases,1
6874,2020-12-05T13:50:00Z,CL,live,1
6875,2020-12-04T14:00:00Z,CL,cases,1
6876,2020-12-03T16:47:00Z,CL,live,0
6877,2020-12-02T14:00:00Z,CL,cases,1
6878,2020-12-01T16:37:00Z,CL,president speech,0
6879,2020-12-01T14:00:00Z,CL,cases,1
6880,2020-11-30T14:56:00Z,CL,live,0
6881,2020-11-29T14:00:00Z,CL,cases,1
6882,2020-11-28T13:53:00Z,CL,cases,1
6883,2020-11-27T14:00:00Z,CL,cases,1
6884,2020-11-26T16:17:00Z,CL,live,0
6885,2020-11-25T14:00:00Z,CL,cases,1
6886,2020-11-24T14:00:00Z,CL,cases,1
6887,2020-11-23T14:15:00Z,CL,live,1
6888,2020-11-22T14:00:00Z,CL,cases,1
6889,2020-11-21T13:32:00Z,CL,live,1
6890,2020-11-21T13:32:00Z,CL,live,1
6891,2020-11-20T14:53:00Z,CL,cases,0
6892,2020-11-19T14:55:00Z,CL,live,0
6893,2020-11-18T14:00:00Z,CL,cases,1
6894,2020-11-17T14:05:00Z,CL,cases,1
6895,2020-11-16T14:00:00Z,CL,live,1
6896,2020-11-15T14:02:00Z,CL,cases,1
6897,2020-11-13T14:00:00Z,CL,cases,1
6898,2020-11-11T13:59:00Z,CL,cases,1
6899,2020-11-10T14:00:00Z,CL,cases,1
6900,2020-11-09T16:01:00Z,CL,live,0
6901,2020-11-08T14:00:00Z,CL,cases,1
6902,2020-11-07T13:31:00Z,CL,live,1
6903,2020-11-06T14:00:00Z,CL,cases,1
6904,2020-11-05T14:37:00Z,CL,live,0
6905,2020-11-04T14:00:00Z,CL,cases,1
6906,2020-11-03T14:00:00Z,CL,cases,1
6907,2020-11-02T14:29:00Z,CL,cases,1
6908,2020-11-01T14:00:00Z,CL,cases,1
6909,2020-10-31T13:23:00Z,CL,cases,0
6910,2020-10-30T14:01:00Z,CL,cases,1
6911,2020-10-29T16:45:00Z,CL,live,0
6912,2020-10-28T14:00:00Z,CL,cases,1
6913,2020-10-27T14:00:00Z,CL,cases,1
6914,2020-10-26T14:50:00Z,CL,live,0
6915,2020-10-25T13:00:00Z,CL,cases,0
6916,2020-10-24T13:03:00Z,CL,live,0
6917,2020-10-23T14:00:00Z,CL,cases,1
6918,2020-10-22T14:56:00Z,CL,live,0
6919,2020-10-21T14:31:00Z,CL,president speech,0
6920,2020-10-21T14:00:00Z,CL,cases,1
6921,2020-10-20T15:03:00Z,CL,cases,0
6922,2020-10-19T15:15:00Z,CL,live,0
6923,2020-10-18T14:00:00Z,CL,cases,1
6924,2020-10-17T14:30:00Z,CL,cases,1
6925,2020-10-16T14:01:00Z,CL,cases,1
6926,2020-10-15T15:20:00Z,CL,live,0
6927,2020-10-14T14:00:00Z,CL,cases,1
6928,2020-10-13T14:05:00Z,CL,cases,1
6929,2020-10-12T15:06:00Z,CL,live,0
6930,2020-10-11T14:00:00Z,CL,cases,1
6931,2020-10-10T13:22:00Z,CL,live,0
6932,2020-10-09T14:00:00Z,CL,cases,1
6933,2020-10-08T15:14:00Z,CL,live,0
6934,2020-10-07T14:01:00Z,CL,cases,1
6935,2020-10-06T14:00:00Z,CL,cases,1
6936,2020-10-05T16:14:00Z,CL,cases,0
6937,2020-10-04T14:00:00Z,CL,cases,1
6938,2020-10-03T13:52:00Z,CL,cases,1
6939,2020-10-02T14:00:00Z,CL,cases,1
6940,2020-10-01T17:05:00Z,CL,live,0
6941,2020-09-30T14:00:00Z,CL,cases,1
6942,2020-09-29T14:00:00Z,CL,cases,1
6943,2020-09-28T16:35:00Z,CL,live,0
6944,2020-09-27T14:00:00Z,CL,cases,1
6945,2020-09-26T13:36:00Z,CL,live,1
6946,2020-09-26T13:36:00Z,CL,live,1
6947,2020-09-25T14:00:00Z,CL,cases,1
6948,2020-09-24T14:00:00Z,CL,cases,1
6949,2020-09-23T15:40:00Z,CL,live,0
6950,2020-09-22T14:00:00Z,CL,cases,1
6951,2020-09-21T14:08:00Z,CL,cases,1
6952,2020-09-20T15:41:00Z,CL,live,0
6953,2020-09-16T15:21:00Z,CL,live,0
6954,2020-09-15T14:00:00Z,CL,cases,1
6955,2020-09-14T14:00:00Z,CL,cases,1
6956,2020-09-13T16:12:00Z,CL,live,0
6957,2020-09-12T14:00:00Z,CL,cases,1
6958,2020-09-11T13:36:00Z,CL,live,1
6959,2020-09-10T14:00:00Z,CL,cases,1
6960,2020-09-09T15:31:00Z,CL,live,0
6961,2020-09-08T14:00:00Z,CL,cases,1
6962,2020-09-06T16:01:00Z,CL,cases,0
6963,2020-09-05T23:47:00Z,CL,other,0
6964,2020-09-05T15:00:00Z,CL,cases,1
6965,2020-09-04T14:45:00Z,CL,live,1
6966,2020-09-03T14:59:00Z,CL,cases,1
6967,2020-09-02T16:30:00Z,CL,live,0
6968,2020-09-01T14:59:00Z,CL,cases,1
6969,2020-08-31T14:59:00Z,CL,cases,1
6970,2020-08-30T17:30:00Z,CL,live,0
6971,2020-08-29T15:00:00Z,CL,cases,1
6972,2020-08-28T14:47:00Z,CL,live,1
6973,2020-08-27T15:00:00Z,CL,cases,1
6974,2020-08-26T16:06:00Z,CL,live,0
6975,2020-08-25T15:03:00Z,CL,cases,1
6976,2020-08-24T15:00:00Z,CL,cases,1
6977,2020-08-23T17:08:00Z,CL,cases,0
6978,2020-08-21T16:36:00Z,CL,live,0
6979,2020-08-20T15:00:00Z,CL,cases,1
6980,2020-08-19T16:48:00Z,CL,live,0
6981,2020-08-18T15:03:00Z,CL,cases,1
6982,2020-08-17T15:02:00Z,CL,cases,1
6983,2020-08-16T16:52:00Z,CL,live,0
6984,2020-08-15T15:43:00Z,CL,live,0
6985,2020-08-14T16:06:00Z,CL,live,0
6986,2020-08-13T16:13:00Z,CL,live,0
6987,2020-08-12T15:37:00Z,CL,live,0
6988,2020-08-12T12:47:00Z,CL,other,0
6989,2020-08-11T15:17:00Z,CL,live,1
6990,2020-08-10T14:37:00Z,CL,live,1
6991,2020-08-09T16:48:00Z,CL,live,0
6992,2020-08-08T21:17:00Z,CL,other,0
6993,2020-08-08T15:51:00Z,CL,live,0
6994,2020-08-07T17:02:00Z,CL,live,0
6995,2020-08-06T15:31:00Z,CL,live,0
6996,2020-08-05T15:53:00Z,CL,live,0
6997,2020-08-04T15:42:00Z,CL,live,0
6998,2020-08-03T15:36:00Z,CL,live,0
6999,2020-08-02T16:19:00Z,CL,live,0
7000,2020-08-01T15:14:00Z,CL,live,1
7001,2020-07-31T15:15:00Z,CL,cases,1
7002,2020-07-30T15:41:00Z,CL,cases,0
7003,2020-07-29T15:34:00Z,CL,cases,0
7004,2020-07-29T02:18:00Z,CL,other,0
7005,2020-07-28T14:47:00Z,CL,cases,1
7006,2020-07-27T15:29:00Z,CL,cases,1
7007,2020-07-26T16:31:00Z,CL,cases,0
7008,2020-07-25T15:37:00Z,CL,cases,0
7009,2020-07-24T17:38:00Z,CL,cases,0
7010,2020-07-23T16:13:00Z,CL,cases,0
7011,2020-07-22T15:17:00Z,CL,cases,1
7012,2020-07-22T11:58:00Z,CL,other,0
7013,2020-07-21T18:25:00Z,CL,president speech,0
7014,2020-07-21T15:57:00Z,CL,cases,0
7015,2020-07-20T14:49:00Z,CL,cases,1
7016,2020-07-19T17:01:00Z,CL,cases,0
7017,2020-07-19T13:36:00Z,CL,other,0
7018,2020-07-18T15:33:00Z,CL,cases,0
7019,2020-07-17T14:55:00Z,CL,cases,1
7020,2020-07-16T15:31:00Z,CL,cases,0
7021,2020-07-15T15:35:00Z,CL,cases,0
7022,2020-07-14T20:52:00Z,CL,other,0
7023,2020-07-14T15:09:00Z,CL,cases,1
7024,2020-07-13T14:45:00Z,CL,cases,1
7025,2020-07-12T18:04:00Z,CL,cases,0
7026,2020-07-11T19:24:00Z,CL,other,0
7027,2020-07-11T18:17:00Z,CL,cases,0
7028,2020-07-10T16:02:00Z,CL,cases,0
7029,2020-07-09T15:08:00Z,CL,cases,1
7030,2020-07-08T15:40:00Z,CL,cases,0
7031,2020-07-07T14:47:00Z,CL,live,1
7032,2020-07-06T14:47:00Z,CL,live,1
7033,2020-07-05T15:01:00Z,CL,cases,1
7034,2020-07-04T18:52:00Z,CL,cases,0
7035,2020-07-03T15:14:00Z,CL,cases,1
7036,2020-07-02T15:29:00Z,CL,live,1
7037,2020-07-01T15:03:00Z,CL,live,1
7038,2020-06-30T15:19:00Z,CL,live,1
7039,2020-06-29T16:28:00Z,CL,live,0
7040,2020-06-29T04:01:00Z,CL,other,0
7041,2020-06-28T16:01:00Z,CL,live,0
7042,2020-06-27T15:30:00Z,CL,live,1
7043,2020-06-26T14:50:00Z,CL,live,1
7044,2020-06-25T15:25:00Z,CL,cases,1
7045,2020-06-25T02:00:00Z,CL,other,0
7046,2020-06-24T16:04:00Z,CL,cases,0
7047,2020-06-23T14:30:00Z,CL,cases,0
7048,2020-06-22T14:41:00Z,CL,cases,1
7049,2020-06-22T02:25:00Z,CL,live,0
7050,2020-06-21T17:28:00Z,CL,cases,0
7051,2020-06-20T15:43:00Z,CL,cases,0
7052,2020-06-19T15:18:00Z,CL,cases,1
7053,2020-06-18T15:53:00Z,CL,cases,0
7054,2020-06-17T18:50:00Z,CL,live,0
7055,2020-06-17T16:03:00Z,CL,live,0
7056,2020-06-17T00:22:00Z,CL,other,0
7057,2020-06-16T15:13:00Z,CL,live,1
7058,2020-06-15T15:04:00Z,CL,live,1
7059,2020-06-14T23:53:00Z,CL,other,0
7060,2020-06-14T17:01:00Z,CL,cases,0
7061,2020-06-13T14:15:00Z,CL,cases,0
7062,2020-06-12T16:05:00Z,CL,cases,0
7063,2020-06-12T11:40:00Z,CL,live,0
7064,2020-06-11T15:08:00Z,CL,cases,1
7065,2020-06-10T16:03:00Z,CL,cases,0
7066,2020-06-09T23:00:00Z,CL,other,0
7067,2020-06-09T23:00:00Z,CL,other,0
7068,2020-06-09T23:00:00Z,CL,other,0
7069,2020-06-09T23:00:00Z,CL,other,0
7070,2020-06-09T23:00:00Z,CL,other,0
7071,2020-06-09T15:00:00Z,CL,cases,1
7072,2020-06-09T15:00:00Z,CL,cases,1
7073,2020-06-09T15:00:00Z,CL,cases,1
7074,2020-06-09T15:00:00Z,CL,cases,1
7075,2020-06-09T15:00:00Z,CL,cases,1
7076,2020-06-08T14:18:00Z,CL,cases,0
7077,2020-06-08T14:18:00Z,CL,cases,0
7078,2020-06-08T14:18:00Z,CL,cases,0
7079,2020-06-08T14:18:00Z,CL,cases,0
7080,2020-06-08T14:18:00Z,CL,cases,0
7081,2020-06-07T17:45:00Z,CL,cases,0
7082,2020-06-07T17:45:00Z,CL,cases,0
7083,2020-06-07T17:45:00Z,CL,cases,0
7084,2020-06-07T17:45:00Z,CL,cases,0
7085,2020-06-07T17:45:00Z,CL,cases,0
7086,2020-06-07T16:53:00Z,CL,president speech,0
7087,2020-06-06T23:00:00Z,CL,other,0
7088,2020-06-06T23:00:00Z,CL,other,0
7089,2020-06-06T23:00:00Z,CL,other,0
7090,2020-06-06T23:00:00Z,CL,other,0
7091,2020-06-06T23:00:00Z,CL,other,0
7092,2020-06-06T14:23:00Z,CL,cases,0
7093,2020-06-06T14:23:00Z,CL,cases,0
7094,2020-06-06T14:23:00Z,CL,cases,0
7095,2020-06-06T14:23:00Z,CL,cases,0
7096,2020-06-06T14:23:00Z,CL,cases,0
7097,2020-06-06T02:00:00Z,CL,live,0
7098,2020-06-06T02:00:00Z,CL,live,0
7099,2020-06-06T02:00:00Z,CL,live,0
7100,2020-06-06T02:00:00Z,CL,live,0
7101,2020-06-05T14:30:00Z,CL,cases,0
7102,2020-06-05T14:30:00Z,CL,cases,0
7103,2020-06-05T14:30:00Z,CL,cases,0
7104,2020-06-05T14:30:00Z,CL,cases,0
7105,2020-06-05T14:30:00Z,CL,cases,0
7106,2020-06-05T12:07:00Z,CL,live,0
7107,2020-06-05T11:35:00Z,CL,live,0
7108,2020-06-05T11:35:00Z,CL,live,0
7109,2020-06-05T11:35:00Z,CL,live,0
7110,2020-06-05T11:35:00Z,CL,live,0
7111,2020-06-05T11:35:00Z,CL,live,0
7112,2020-06-04T14:48:00Z,CL,cases,1
7113,2020-06-04T14:48:00Z,CL,cases,1
7114,2020-06-04T14:48:00Z,CL,cases,1
7115,2020-06-04T14:48:00Z,CL,cases,1
7116,2020-06-04T14:48:00Z,CL,cases,1
7117,2020-06-04T11:43:00Z,CL,live,0
7118,2020-06-04T11:43:00Z,CL,live,0
7119,2020-06-04T11:43:00Z,CL,live,0
7120,2020-06-04T11:43:00Z,CL,live,0
7121,2020-06-04T11:43:00Z,CL,live,0
7122,2020-06-04T00:37:00Z,CL,live,0
7123,2020-06-04T00:37:00Z,CL,live,0
7124,2020-06-04T00:37:00Z,CL,live,0
7125,2020-06-04T00:37:00Z,CL,live,0
7126,2020-06-04T00:37:00Z,CL,live,0
7127,2020-06-03T16:06:00Z,CL,cases,0
7128,2020-06-03T16:06:00Z,CL,cases,0
7129,2020-06-03T16:06:00Z,CL,cases,0
7130,2020-06-03T16:06:00Z,CL,cases,0
7131,2020-06-03T16:06:00Z,CL,cases,0
7132,2020-06-03T11:54:00Z,CL,live,0
7133,2020-06-02T20:47:00Z,CL,other,0
7134,2020-06-02T20:47:00Z,CL,other,0
7135,2020-06-02T20:47:00Z,CL,other,0
7136,2020-06-02T20:47:00Z,CL,other,0
7137,2020-06-02T20:47:00Z,CL,other,0
7138,2020-06-02T17:59:00Z,CL,live,0
7139,2020-06-02T17:59:00Z,CL,live,0
7140,2020-06-02T17:59:00Z,CL,live,0
7141,2020-06-02T17:59:00Z,CL,live,0
7142,2020-06-02T14:57:00Z,CL,cases,1
7143,2020-06-02T14:57:00Z,CL,cases,1
7144,2020-06-02T14:57:00Z,CL,cases,1
7145,2020-06-02T14:57:00Z,CL,cases,1
7146,2020-06-02T14:57:00Z,CL,cases,1
7147,2020-06-01T21:37:00Z,CL,live,0
7148,2020-06-01T21:37:00Z,CL,live,0
7149,2020-06-01T21:37:00Z,CL,live,0
7150,2020-06-01T21:37:00Z,CL,live,0
7151,2020-06-01T14:38:00Z,CL,cases,1
7152,2020-06-01T14:38:00Z,CL,cases,1
7153,2020-06-01T14:38:00Z,CL,cases,1
7154,2020-06-01T14:38:00Z,CL,cases,1
7155,2020-06-01T14:38:00Z,CL,cases,1
7156,2020-05-31T17:23:00Z,CL,cases,0
7157,2020-05-31T17:23:00Z,CL,cases,0
7158,2020-05-31T17:23:00Z,CL,cases,0
7159,2020-05-31T17:23:00Z,CL,cases,0
7160,2020-05-31T17:23:00Z,CL,cases,0
7161,2020-05-31T15:40:00Z,CL,other,0
7162,2020-05-31T00:21:00Z,CL,other,0
7163,2020-05-31T00:21:00Z,CL,other,0
7164,2020-05-31T00:21:00Z,CL,other,0
7165,2020-05-31T00:21:00Z,CL,other,0
7166,2020-05-31T00:21:00Z,CL,other,0
7167,2020-05-30T15:05:00Z,CL,cases,1
7168,2020-05-30T15:05:00Z,CL,cases,1
7169,2020-05-30T15:05:00Z,CL,cases,1
7170,2020-05-30T15:05:00Z,CL,cases,1
7171,2020-05-30T15:05:00Z,CL,cases,1
7172,2020-05-29T14:49:00Z,CL,cases,1
7173,2020-05-29T14:49:00Z,CL,cases,1
7174,2020-05-29T14:49:00Z,CL,cases,1
7175,2020-05-29T14:49:00Z,CL,cases,1
7176,2020-05-28T16:14:00Z,CL,live,0
7177,2020-05-28T16:14:00Z,CL,live,0
7178,2020-05-28T16:14:00Z,CL,live,0
7179,2020-05-28T16:14:00Z,CL,live,0
7180,2020-05-28T14:53:00Z,CL,cases,1
7181,2020-05-28T14:53:00Z,CL,cases,1
7182,2020-05-28T14:53:00Z,CL,cases,1
7183,2020-05-28T14:53:00Z,CL,cases,1
7184,2020-05-27T21:45:00Z,CL,other,0
7185,2020-05-27T21:45:00Z,CL,other,0
7186,2020-05-27T21:45:00Z,CL,other,0
7187,2020-05-27T21:45:00Z,CL,other,0
7188,2020-05-27T14:54:00Z,CL,cases,1
7189,2020-05-27T14:54:00Z,CL,cases,1
7190,2020-05-27T14:54:00Z,CL,cases,1
7191,2020-05-27T14:54:00Z,CL,cases,1
7192,2020-05-26T15:00:00Z,CL,cases,1
7193,2020-05-26T15:00:00Z,CL,cases,1
7194,2020-05-26T15:00:00Z,CL,cases,1
7195,2020-05-26T15:00:00Z,CL,cases,1
7196,2020-05-25T14:15:00Z,CL,cases,0
7197,2020-05-25T14:15:00Z,CL,cases,0
7198,2020-05-25T14:15:00Z,CL,cases,0
7199,2020-05-25T14:15:00Z,CL,cases,0
7200,2020-05-25T11:42:00Z,CL,live,0
7201,2020-05-25T11:42:00Z,CL,live,0
7202,2020-05-25T11:42:00Z,CL,live,0
7203,2020-05-25T11:42:00Z,CL,live,0
7204,2020-05-24T16:34:00Z,CL,cases,0
7205,2020-05-24T16:34:00Z,CL,cases,0
7206,2020-05-24T16:34:00Z,CL,cases,0
7207,2020-05-24T16:34:00Z,CL,cases,0
7208,2020-05-23T14:19:00Z,CL,cases,0
7209,2020-05-23T14:19:00Z,CL,cases,0
7210,2020-05-23T14:19:00Z,CL,cases,0
7211,2020-05-23T14:19:00Z,CL,cases,0
7212,2020-05-23T01:45:00Z,CL,other,0
7213,2020-05-23T01:45:00Z,CL,other,0
7214,2020-05-23T01:45:00Z,CL,other,0
7215,2020-05-23T01:45:00Z,CL,other,0
7216,2020-05-22T14:45:00Z,CL,cases,1
7217,2020-05-22T14:45:00Z,CL,cases,1
7218,2020-05-22T14:45:00Z,CL,cases,1
7219,2020-05-22T14:45:00Z,CL,cases,1
7220,2020-05-21T18:07:00Z,CL,live,0
7221,2020-05-21T18:07:00Z,CL,live,0
7222,2020-05-21T18:07:00Z,CL,live,0
7223,2020-05-21T18:07:00Z,CL,live,0
7224,2020-05-21T17:20:00Z,CL,cases,0
7225,2020-05-21T17:20:00Z,CL,cases,0
7226,2020-05-21T17:20:00Z,CL,cases,0
7227,2020-05-21T17:20:00Z,CL,cases,0
7228,2020-05-20T15:43:00Z,CL,cases,0
7229,2020-05-20T15:43:00Z,CL,cases,0
7230,2020-05-20T15:43:00Z,CL,cases,0
7231,2020-05-20T15:43:00Z,CL,cases,0
7232,2020-05-19T22:46:00Z,CL,other,0
7233,2020-05-19T22:46:00Z,CL,other,0
7234,2020-05-19T22:46:00Z,CL,other,0
7235,2020-05-19T22:46:00Z,CL,other,0
7236,2020-05-19T22:46:00Z,CL,other,0
7237,2020-05-19T14:36:00Z,CL,cases,1
7238,2020-05-19T14:36:00Z,CL,cases,1
7239,2020-05-19T14:36:00Z,CL,cases,1
7240,2020-05-19T14:36:00Z,CL,cases,1
7241,2020-05-19T14:36:00Z,CL,cases,1
7242,2020-05-18T14:49:00Z,CL,cases,1
7243,2020-05-18T14:49:00Z,CL,cases,1
7244,2020-05-18T14:49:00Z,CL,cases,1
7245,2020-05-18T14:49:00Z,CL,cases,1
7246,2020-05-18T14:49:00Z,CL,cases,1
7247,2020-05-18T11:45:00Z,CL,live,0
7248,2020-05-18T11:45:00Z,CL,live,0
7249,2020-05-18T11:45:00Z,CL,live,0
7250,2020-05-18T11:45:00Z,CL,live,0
7251,2020-05-18T02:57:00Z,CL,live,0
7252,2020-05-18T02:57:00Z,CL,live,0
7253,2020-05-18T02:57:00Z,CL,live,0
7254,2020-05-18T02:57:00Z,CL,live,0
7255,2020-05-18T02:16:00Z,CL,president speech,0
7256,2020-05-18T02:16:00Z,CL,president speech,0
7257,2020-05-18T02:16:00Z,CL,president speech,0
7258,2020-05-18T02:16:00Z,CL,president speech,0
7259,2020-05-18T01:00:00Z,CL,other,0
7260,2020-05-17T15:39:00Z,CL,cases,0
7261,2020-05-17T15:39:00Z,CL,cases,0
7262,2020-05-17T15:39:00Z,CL,cases,0
7263,2020-05-17T15:39:00Z,CL,cases,0
7264,2020-05-17T15:39:00Z,CL,cases,0
7265,2020-05-16T15:02:00Z,CL,cases,1
7266,2020-05-16T15:02:00Z,CL,cases,1
7267,2020-05-16T15:02:00Z,CL,cases,1
7268,2020-05-16T15:02:00Z,CL,cases,1
7269,2020-05-16T15:02:00Z,CL,cases,1
7270,2020-05-16T03:35:00Z,CL,other,0
7271,2020-05-16T03:35:00Z,CL,other,0
7272,2020-05-16T03:35:00Z,CL,other,0
7273,2020-05-16T03:35:00Z,CL,other,0
7274,2020-05-16T03:35:00Z,CL,other,0
7275,2020-05-15T14:10:00Z,CL,cases,0
7276,2020-05-15T14:10:00Z,CL,cases,0
7277,2020-05-15T14:10:00Z,CL,cases,0
7278,2020-05-15T14:10:00Z,CL,cases,0
7279,2020-05-15T14:10:00Z,CL,cases,0
7280,2020-05-14T14:52:00Z,CL,cases,1
7281,2020-05-14T14:52:00Z,CL,cases,1
7282,2020-05-14T14:52:00Z,CL,cases,1
7283,2020-05-14T14:52:00Z,CL,cases,1
7284,2020-05-14T14:52:00Z,CL,cases,1
7285,2020-05-13T17:51:00Z,CL,live,0
7286,2020-05-13T17:51:00Z,CL,live,0
7287,2020-05-13T17:51:00Z,CL,live,0
7288,2020-05-13T17:51:00Z,CL,live,0
7289,2020-05-13T15:10:00Z,CL,cases,1
7290,2020-05-13T15:10:00Z,CL,cases,1
7291,2020-05-13T15:10:00Z,CL,cases,1
7292,2020-05-13T15:10:00Z,CL,cases,1
7293,2020-05-13T15:10:00Z,CL,cases,1
7294,2020-05-12T21:10:00Z,CL,other,0
7295,2020-05-12T21:10:00Z,CL,other,0
7296,2020-05-12T21:10:00Z,CL,other,0
7297,2020-05-12T21:10:00Z,CL,other,0
7298,2020-05-12T21:10:00Z,CL,other,0
7299,2020-05-12T18:33:00Z,CL,president speech,0
7300,2020-05-12T18:33:00Z,CL,president speech,0
7301,2020-05-12T18:33:00Z,CL,president speech,0
7302,2020-05-12T18:33:00Z,CL,president speech,0
7303,2020-05-12T14:35:00Z,CL,cases,1
7304,2020-05-12T14:35:00Z,CL,cases,1
7305,2020-05-12T14:35:00Z,CL,cases,1
7306,2020-05-12T14:35:00Z,CL,cases,1
7307,2020-05-12T14:35:00Z,CL,cases,1
7308,2020-05-11T14:32:00Z,CL,other,1
7309,2020-05-11T14:28:00Z,CL,cases,0
7310,2020-05-11T14:28:00Z,CL,cases,0
7311,2020-05-11T14:28:00Z,CL,cases,0
7312,2020-05-11T14:28:00Z,CL,cases,0
7313,2020-05-11T14:28:00Z,CL,cases,0
7314,2020-05-10T15:45:00Z,CL,cases,0
7315,2020-05-09T16:31:00Z,CL,cases,0
7316,2020-05-09T01:07:00Z,CL,other,0
7317,2020-05-08T14:37:00Z,CL,cases,1
7318,2020-05-07T14:08:00Z,CL,cases,0
7319,2020-05-07T11:22:00Z,CL,live,0
7320,2020-05-06T22:40:00Z,CL,live,0
7321,2020-05-06T15:15:00Z,CL,cases,1
7322,2020-05-05T17:35:00Z,CL,president speech,0
7323,2020-05-05T15:43:00Z,CL,president speech,0
7324,2020-05-05T14:33:00Z,CL,cases,1
7325,2020-05-05T00:38:00Z,CL,live,0
7326,2020-05-04T14:40:00Z,CL,cases,1
7327,2020-05-03T21:42:00Z,CL,live,0
7328,2020-05-03T16:08:00Z,CL,cases,0
7329,2020-05-02T15:32:00Z,CL,live,0
7330,2020-05-01T14:38:00Z,CL,live,1
7331,2020-04-30T17:37:00Z,CL,live,0
7332,2020-04-30T13:49:00Z,CL,live,0
7333,2020-04-29T15:17:00Z,CL,cases,1
7334,2020-04-28T14:57:00Z,CL,cases,1
7335,2020-04-27T14:30:00Z,CL,cases,0
7336,2020-04-26T15:32:00Z,CL,cases,0
7337,2020-04-25T14:43:00Z,CL,cases,1
7338,2020-04-24T14:49:00Z,CL,cases,1
7339,2020-04-23T15:08:00Z,CL,cases,1
7340,2020-04-22T15:13:00Z,CL,cases,1
7341,2020-04-21T14:37:00Z,CL,cases,1
7342,2020-04-20T14:43:00Z,CL,cases,1
7343,2020-04-19T15:17:00Z,CL,cases,1
7344,2020-04-18T15:07:00Z,CL,cases,1
7345,2020-04-17T14:22:00Z,CL,cases,0
7346,2020-04-16T14:50:00Z,CL,cases,1
7347,2020-04-16T01:09:00Z,CL,president speech,0
7348,2020-04-15T14:45:00Z,CL,cases,1
7349,2020-04-14T14:52:00Z,CL,cases,1
7350,2020-04-13T14:05:00Z,CL,live,0
7351,2020-04-12T15:43:00Z,CL,live,0
7352,2020-04-12T13:58:00Z,CL,president speech,0
7353,2020-04-11T14:43:00Z,CL,cases,1
7354,2020-04-10T15:59:00Z,CL,president speech,0
7355,2020-04-10T15:22:00Z,CL,live,1
7356,2020-04-09T13:38:00Z,CL,live,0
7357,2020-04-08T21:35:00Z,CL,live,0
7358,2020-04-08T15:14:00Z,CL,president speech,1
7359,2020-04-08T14:08:00Z,CL,live,0
7360,2020-04-07T18:01:00Z,CL,live,0
7361,2020-04-07T14:41:00Z,CL,live,1
7362,2020-04-06T15:54:00Z,CL,cases,0
7363,2020-04-06T11:40:00Z,CL,live,0
7364,2020-04-05T15:31:00Z,CL,cases,0
7365,2020-04-04T14:25:00Z,CL,cases,1
7366,2020-04-03T13:55:00Z,CL,cases,1
7367,2020-04-02T23:37:00Z,CL,live,0
7368,2020-04-02T12:50:00Z,CL,cases,0
7369,2020-04-01T16:43:00Z,CL,president speech,0
7370,2020-04-01T12:20:00Z,CL,live,0
7371,2020-03-31T15:07:00Z,CL,other,0
7372,2020-03-31T12:59:00Z,CL,live,0
7373,2020-03-30T12:11:00Z,CL,other,0
7374,2020-03-29T13:59:00Z,CL,live,1
7375,2020-03-28T13:36:00Z,CL,live,1
7376,2020-03-27T12:52:00Z,CL,cases,0
7377,2020-03-26T15:00:00Z,CL,other,0
7378,2020-03-26T12:22:00Z,CL,cases,0
7379,2020-03-25T21:09:00Z,CL,other,0
7380,2020-03-25T15:49:00Z,CL,live,0
7381,2020-03-25T13:22:00Z,CL,cases,0
7382,2020-03-25T09:43:00Z,CL,live,0
7383,2020-03-24T12:17:00Z,CL,cases,0
7384,2020-03-24T09:46:00Z,CL,live,0
7385,2020-03-23T12:01:00Z,CL,cases,0
7386,2020-03-22T22:47:00Z,CL,live,0
7387,2020-03-22T14:35:00Z,CL,other,0
7388,2020-03-22T12:21:00Z,CL,cases,0
7389,2020-03-21T19:54:00Z,CL,other,0
7390,2020-03-21T13:08:00Z,CL,cases,0
7391,2020-03-20T12:33:00Z,CL,cases,0
7392,2020-03-20T09:37:00Z,CL,live,0
7393,2020-03-19T21:16:00Z,CL,live,0
7394,2020-03-19T12:29:00Z,CL,cases,0
7395,2020-03-18T12:34:00Z,CL,cases,0
7396,2020-03-17T14:26:00Z,CL,cases,1
7397,2020-03-17T09:08:00Z,CL,live,0
7398,2020-03-16T14:31:00Z,CL,cases,0
7399,2020-03-15T14:01:00Z,CL,cases,1
7400,2020-03-14T23:14:00Z,CL,live,0
7401,2020-03-14T14:00:00Z,CL,cases,1
7402,2020-03-14T12:46:00Z,CL,president speech,0
7403,2020-03-13T21:28:00Z,CL,live,0
7404,2020-03-13T14:43:00Z,CL,cases,0
7405,2020-03-12T23:18:00Z,CL,live,0
7406,2020-03-12T14:30:00Z,CL,president speech,1
7407,2020-03-12T10:15:00Z,CL,live,0
7408,2020-03-12T09:08:00Z,CL,live,0
7409,2020-03-11T22:34:00Z,CL,live,0
7410,2020-03-10T14:01:00Z,CL,live,1
7411,2020-03-08T20:05:00Z,CL,cases,0
7412,2020-03-08T15:37:00Z,CL,cases,0
7413,2020-03-08T11:14:00Z,CL,cases,0
7414,2020-03-07T16:32:00Z,CL,cases,0
7415,2020-03-07T11:51:00Z,CL,cases,0
7416,2020-03-06T14:50:00Z,CL,cases,0
7417,2020-03-06T12:14:00Z,CL,cases,0
7418,2020-03-06T10:38:00Z,CL,live,0
7419,2020-03-06T09:37:00Z,CL,live,0
7420,2020-03-05T16:52:00Z,CL,cases,0
7421,2020-03-05T12:44:00Z,CL,president speech,0
7422,2020-03-05T09:45:00Z,CL,live,0
7423,2020-03-05T09:02:00Z,CL,live,0
7424,2020-03-04T20:00:00Z,CL,cases,0
7425,2020-03-04T14:27:00Z,CL,cases,1
7426,2020-03-04T11:02:00Z,CL,live,0
7427,2020-03-03T18:35:00Z,CL,live,0
7428,2020-03-03T13:55:00Z,CL,president speech,1
7429,2020-03-03T13:45:00Z,CL,president speech,1
7430,2020-02-29T15:17:00Z,CL,live,0
7431,2020-02-28T09:20:00Z,CL,live,0
7432,2020-02-27T20:19:00Z,CL,live,0
7433,2020-02-26T10:06:00Z,CL,live,0
7434,2020-02-25T20:10:00Z,CL,live,0
7435,2020-02-25T18:46:00Z,CL,live,0
7436,2020-02-25T13:28:00Z,CL,live,0
7437,2020-02-25T10:39:00Z,CL,live,0
7438,2020-02-22T11:51:00Z,CL,live,0
7439,2020-02-20T14:49:00Z,CL,live,0
7440,2020-02-20T10:21:00Z,CL,live,0
7441,2020-02-19T09:23:00Z,CL,live,0
7442,2020-02-18T12:07:00Z,CL,live,0
7443,2020-02-11T18:44:00Z,CL,other,0
7444,2020-02-10T12:54:00Z,CL,other,0
7445,2020-02-07T17:24:00Z,CL,other,0
7446,2020-02-06T15:30:00Z,CL,live,0
7447,2020-02-05T16:10:00Z,CL,live,0
7448,2020-02-04T15:34:00Z,CL,live,0
7449,2020-02-03T09:45:00Z,CL,live,0
7450,2020-02-01T12:58:00Z,CL,live,0
7451,2020-01-30T20:41:00Z,CL,live,0
7452,2020-01-30T12:14:00Z,CL,other,0
7453,2020-01-29T09:15:00Z,CL,live,0
7454,2020-01-28T13:02:00Z,CL,live,0
7455,2020-01-27T21:08:00Z,CL,live,0
7456,2020-01-23T15:40:00Z,CL,other,0
7457,2022-02-28T14:15:03Z,CA,cases,1
7458,2022-02-27T13:00:28Z,CA,cases,0
7459,2022-02-26T13:00:37Z,CA,cases,0
7460,2022-02-25T16:23:45Z,CA,live,1
7461,2022-02-25T14:30:03Z,CA,cases,1
7462,2022-02-24T16:05:09Z,CA,live,1
7463,2022-02-24T14:15:02Z,CA,cases,1
7464,2022-02-23T15:01:08Z,CA,cases,0
7465,2022-02-22T14:30:03Z,CA,cases,1
7466,2022-02-21T14:15:03Z,CA,cases,1
7467,2022-02-20T13:00:31Z,CA,cases,0
7468,2022-02-19T13:00:35Z,CA,cases,0
7469,2022-02-18T16:10:26Z,CA,live,1
7470,2022-02-18T14:15:02Z,CA,cases,1
7471,2022-02-17T17:12:20Z,CA,live,0
7472,2022-02-17T14:15:02Z,CA,cases,1
7473,2022-02-16T14:20:02Z,CA,cases,1
7474,2022-02-15T18:25:32Z,CA,live,0
7475,2022-02-15T14:15:03Z,CA,cases,1
7476,2022-02-14T20:26:14Z,CA,other,0
7477,2022-02-14T14:15:03Z,CA,cases,1
7478,2022-02-13T13:00:28Z,CA,cases,0
7479,2022-02-12T13:00:34Z,CA,cases,0
7480,2022-02-11T16:34:42Z,CA,live,0
7481,2022-02-11T15:00:17Z,CA,cases,0
7482,2022-02-10T18:21:15Z,CA,live,0
7483,2022-02-10T15:00:10Z,CA,cases,0
7484,2022-02-09T14:35:40Z,CA,cases,0
7485,2022-02-08T15:00:09Z,CA,cases,0
7486,2022-02-07T16:00:17Z,CA,cases,0
7487,2022-02-06T13:00:18Z,CA,cases,0
7488,2022-02-05T13:00:15Z,CA,cases,0
7489,2022-02-04T14:35:41Z,CA,live,0
7490,2022-02-04T14:15:03Z,CA,cases,1
7491,2022-02-03T14:15:02Z,CA,cases,1
7492,2022-02-02T20:30:03Z,CA,cases,0
7493,2022-02-01T14:15:02Z,CA,cases,1
7494,2022-01-31T14:30:03Z,CA,cases,1
7495,2022-01-30T13:00:36Z,CA,cases,0
7496,2022-01-29T13:00:44Z,CA,cases,0
7497,2022-01-28T15:06:27Z,CA,live,0
7498,2022-01-28T14:15:02Z,CA,cases,1
7499,2022-01-27T19:32:14Z,CA,live,0
7500,2022-01-27T14:30:06Z,CA,cases,1
7501,2022-01-26T14:20:03Z,CA,cases,1
7502,2022-01-25T19:40:00Z,CA,other,0
7503,2022-01-25T14:32:36Z,CA,cases,0
7504,2022-01-24T14:43:14Z,CA,cases,0
7505,2022-01-23T13:00:32Z,CA,cases,0
7506,2022-01-22T13:00:41Z,CA,cases,0
7507,2022-01-21T16:35:16Z,CA,live,0
7508,2022-01-21T14:19:21Z,CA,cases,1
7509,2022-01-20T18:05:49Z,CA,live,0
7510,2022-01-20T14:21:17Z,CA,cases,1
7511,2022-01-19T20:00:13Z,CA,live,0
7512,2022-01-19T16:31:25Z,CA,president speech,0
7513,2022-01-19T14:11:36Z,CA,cases,1
7514,2022-01-18T14:06:24Z,CA,cases,1
7515,2022-01-17T18:33:59Z,CA,live,0
7516,2022-01-17T16:14:27Z,CA,live,1
7517,2022-01-17T14:41:14Z,CA,cases,0
7518,2022-01-16T13:00:36Z,CA,cases,0
7519,2022-01-15T13:00:39Z,CA,cases,0
7520,2022-01-14T16:07:31Z,CA,live,1
7521,2022-01-14T14:30:04Z,CA,cases,1
7522,2022-01-13T20:08:24Z,CA,live,0
7523,2022-01-13T14:30:03Z,CA,cases,1
7524,2022-01-12T16:35:15Z,CA,president speech,0
7525,2022-01-12T14:30:03Z,CA,cases,1
7526,2022-01-11T14:30:04Z,CA,cases,1
7527,2022-01-10T14:30:04Z,CA,cases,1
7528,2022-01-09T13:00:34Z,CA,cases,0
7529,2022-01-08T13:00:40Z,CA,cases,0
7530,2022-01-07T16:12:43Z,CA,live,1
7531,2022-01-07T14:30:03Z,CA,cases,1
7532,2022-01-06T14:30:03Z,CA,cases,1
7533,2022-01-05T16:37:18Z,CA,president speech,0
7534,2022-01-05T14:30:04Z,CA,cases,1
7535,2022-01-04T13:45:02Z,CA,cases,0
7536,2022-01-02T13:00:28Z,CA,cases,0
7537,2022-01-01T13:01:01Z,CA,cases,0
7538,2021-12-31T13:40:02Z,CA,cases,0
7539,2021-12-30T13:40:03Z,CA,cases,0
7540,2021-12-28T13:00:30Z,CA,cases,0
7541,2021-12-27T13:00:32Z,CA,cases,0
7542,2021-12-26T13:00:35Z,CA,cases,0
7543,2021-12-25T13:01:23Z,CA,cases,0
7544,2021-12-24T16:39:30Z,CA,other,0
7545,2021-12-24T13:45:03Z,CA,cases,0
7546,2021-12-23T13:15:03Z,CA,cases,0
7547,2021-12-22T17:03:05Z,CA,president speech,0
7548,2021-12-22T13:25:02Z,CA,cases,0
7549,2021-12-21T13:15:03Z,CA,cases,0
7550,2021-12-20T13:15:03Z,CA,cases,0
7551,2021-12-19T13:00:41Z,CA,cases,0
7552,2021-12-18T02:00:04Z,CA,other,0
7553,2021-12-18T01:13:59Z,CA,other,0
7554,2021-12-17T16:09:45Z,CA,live,1
7555,2021-12-17T14:00:13Z,CA,cases,0
7556,2021-12-16T13:00:07Z,CA,cases,0
7557,2021-12-15T18:37:47Z,CA,live,0
7558,2021-12-15T14:00:29Z,CA,cases,0
7559,2021-12-14T13:15:02Z,CA,cases,0
7560,2021-12-12T13:00:40Z,CA,cases,0
7561,2021-12-11T13:00:51Z,CA,cases,0
7562,2021-12-10T16:03:15Z,CA,live,1
7563,2021-12-10T13:15:03Z,CA,cases,0
7564,2021-12-09T13:15:02Z,CA,cases,0
7565,2021-12-08T13:15:02Z,CA,cases,0
7566,2021-12-07T13:15:02Z,CA,cases,0
7567,2021-12-06T13:15:03Z,CA,cases,0
7568,2021-12-05T13:00:41Z,CA,cases,0
7569,2021-12-04T01:28:57Z,CA,other,0
7570,2021-12-03T18:20:33Z,CA,live,0
7571,2021-12-03T16:08:03Z,CA,live,1
7572,2021-12-03T13:15:03Z,CA,cases,0
7573,2021-12-02T13:15:02Z,CA,cases,0
7574,2021-12-01T13:15:02Z,CA,cases,0
7575,2021-11-30T21:10:33Z,CA,live,0
7576,2021-11-30T13:45:02Z,CA,cases,0
7577,2021-11-29T13:15:02Z,CA,cases,0
7578,2021-11-28T13:00:47Z,CA,cases,0
7579,2021-11-27T13:00:58Z,CA,cases,0
7580,2021-11-26T18:36:21Z,CA,live,0
7581,2021-11-26T13:15:03Z,CA,cases,0
7582,2021-11-25T13:15:04Z,CA,cases,0
7583,2021-11-24T13:15:03Z,CA,cases,0
7584,2021-11-23T13:15:03Z,CA,cases,0
7585,2021-11-22T13:30:03Z,CA,cases,0
7586,2021-11-21T13:00:42Z,CA,cases,0
7587,2021-11-20T13:00:56Z,CA,cases,0
7588,2021-11-19T18:12:05Z,CA,live,0
7589,2021-11-19T15:09:47Z,CA,live,0
7590,2021-11-19T13:15:03Z,CA,cases,0
7591,2021-11-18T13:15:02Z,CA,cases,0
7592,2021-11-17T13:15:03Z,CA,cases,0
7593,2021-11-16T13:15:04Z,CA,cases,0
7594,2021-11-15T13:20:03Z,CA,cases,0
7595,2021-11-14T13:00:39Z,CA,cases,0
7596,2021-11-13T13:01:02Z,CA,cases,0
7597,2021-11-12T16:07:50Z,CA,live,1
7598,2021-11-12T15:00:35Z,CA,cases,0
7599,2021-11-11T13:00:48Z,CA,cases,0
7600,2021-11-10T13:15:03Z,CA,cases,0
7601,2021-11-09T13:20:03Z,CA,cases,0
7602,2021-11-08T13:15:04Z,CA,cases,0
7603,2021-11-07T13:00:18Z,CA,cases,0
7604,2021-11-06T12:40:28Z,CA,cases,0
7605,2021-11-05T13:19:21Z,CA,live,1
7606,2021-11-05T12:35:02Z,CA,cases,0
7607,2021-11-04T12:15:02Z,CA,cases,0
7608,2021-11-03T12:15:03Z,CA,cases,0
7609,2021-11-02T12:15:03Z,CA,cases,0
7610,2021-11-01T13:10:03Z,CA,cases,1
7611,2021-10-30T13:01:02Z,CA,cases,1
7612,2021-10-29T13:30:05Z,CA,cases,1
7613,2021-10-28T13:55:03Z,CA,cases,0
7614,2021-10-27T15:52:53Z,CA,cases,0
7615,2021-10-26T13:00:28Z,CA,cases,0
7616,2021-10-25T13:00:19Z,CA,cases,0
7617,2021-10-24T13:00:55Z,CA,cases,0
7618,2021-10-23T13:01:04Z,CA,cases,1
7619,2021-10-22T15:07:45Z,CA,live,1
7620,2021-10-22T13:00:16Z,CA,cases,0
7621,2021-10-21T13:10:03Z,CA,cases,1
7622,2021-10-20T13:00:20Z,CA,cases,0
7623,2021-10-19T13:00:16Z,CA,cases,0
7624,2021-10-18T13:00:16Z,CA,cases,0
7625,2021-10-17T12:45:02Z,CA,cases,0
7626,2021-10-16T13:01:15Z,CA,cases,1
7627,2021-10-15T15:03:15Z,CA,live,1
7628,2021-10-15T12:45:03Z,CA,cases,0
7629,2021-10-14T13:15:03Z,CA,cases,1
7630,2021-10-13T13:00:18Z,CA,cases,0
7631,2021-10-12T13:00:19Z,CA,cases,0
7632,2021-10-11T13:01:28Z,CA,cases,1
7633,2021-10-10T13:01:02Z,CA,cases,1
7634,2021-10-09T13:01:03Z,CA,cases,1
7635,2021-10-08T15:05:35Z,CA,live,1
7636,2021-10-08T13:00:26Z,CA,cases,0
7637,2021-10-07T13:00:27Z,CA,cases,0
7638,2021-10-06T15:18:55Z,CA,president speech,1
7639,2021-10-06T13:00:27Z,CA,cases,0
7640,2021-10-05T13:00:18Z,CA,cases,0
7641,2021-10-04T13:00:25Z,CA,cases,0
7642,2021-10-03T13:00:52Z,CA,cases,0
7643,2021-10-02T13:01:05Z,CA,cases,1
7644,2021-10-01T17:20:05Z,CA,other,0
7645,2021-10-01T13:10:04Z,CA,cases,1
7646,2021-09-30T13:00:49Z,CA,cases,0
7647,2021-09-29T13:05:04Z,CA,cases,1
7648,2021-09-28T13:35:03Z,CA,cases,0
7649,2021-09-27T13:00:16Z,CA,cases,0
7650,2021-09-26T13:00:49Z,CA,cases,0
7651,2021-09-25T13:01:04Z,CA,cases,1
7652,2021-09-24T15:07:20Z,CA,live,1
7653,2021-09-24T13:00:14Z,CA,cases,0
7654,2021-09-23T13:00:24Z,CA,cases,0
7655,2021-09-22T13:00:22Z,CA,cases,0
7656,2021-09-21T13:00:28Z,CA,cases,0
7657,2021-09-20T13:00:15Z,CA,cases,0
7658,2021-09-19T13:00:51Z,CA,cases,0
7659,2021-09-18T13:01:03Z,CA,cases,1
7660,2021-09-17T13:01:03Z,CA,cases,1
7661,2021-09-16T15:24:56Z,CA,live,1
7662,2021-09-16T13:00:25Z,CA,cases,0
7663,2021-09-15T13:00:19Z,CA,cases,0
7664,2021-09-14T13:00:17Z,CA,cases,0
7665,2021-09-13T13:00:19Z,CA,cases,0
7666,2021-09-12T13:00:55Z,CA,cases,0
7667,2021-09-11T13:01:31Z,CA,cases,1
7668,2021-09-10T15:33:20Z,CA,live,0
7669,2021-09-10T13:00:20Z,CA,cases,0
7670,2021-09-09T13:00:20Z,CA,cases,0
7671,2021-09-08T13:00:29Z,CA,cases,0
7672,2021-09-07T13:00:30Z,CA,cases,0
7673,2021-09-06T13:01:12Z,CA,cases,1
7674,2021-09-05T13:00:39Z,CA,cases,0
7675,2021-09-04T13:00:46Z,CA,cases,0
7676,2021-09-03T17:06:24Z,CA,live,0
7677,2021-09-03T13:00:18Z,CA,cases,0
7678,2021-09-02T13:00:19Z,CA,cases,0
7679,2021-09-01T13:30:06Z,CA,cases,1
7680,2021-08-13T16:25:00Z,CA,live,0
7681,2021-08-13T13:18:00Z,CA,cases,1
7682,2021-08-13T13:04:00Z,CA,cases,1
7683,2021-08-12T16:07:00Z,CA,live,0
7684,2021-08-11T19:54:00Z,CA,live,0
7685,2021-08-11T13:17:00Z,CA,cases,1
7686,2021-08-11T13:09:00Z,CA,cases,1
7687,2021-08-10T13:20:00Z,CA,cases,1
7688,2021-08-10T13:00:00Z,CA,cases,0
7689,2021-08-09T19:30:00Z,CA,other,0
7690,2021-08-09T13:34:00Z,CA,cases,0
7691,2021-08-09T13:20:00Z,CA,cases,1
7692,2021-08-06T13:25:00Z,CA,cases,1
7693,2021-08-06T13:01:00Z,CA,cases,1
7694,2021-08-05T16:17:00Z,CA,live,0
7695,2021-08-05T13:15:00Z,CA,cases,1
7696,2021-08-05T13:03:00Z,CA,cases,1
7697,2021-08-04T13:17:00Z,CA,cases,1
7698,2021-08-04T13:13:00Z,CA,cases,1
7699,2021-08-03T14:19:00Z,CA,cases,0
7700,2021-08-03T14:19:00Z,CA,cases,0
7701,2021-07-30T15:08:00Z,CA,live,1
7702,2021-07-29T14:29:00Z,CA,cases,0
7703,2021-07-29T13:49:00Z,CA,cases,0
7704,2021-07-28T15:16:00Z,CA,cases,1
7705,2021-07-28T15:16:00Z,CA,cases,1
7706,2021-07-27T14:12:00Z,CA,cases,0
7707,2021-07-27T13:23:00Z,CA,cases,1
7708,2021-07-26T15:35:00Z,CA,cases,0
7709,2021-07-26T14:52:00Z,CA,cases,0
7710,2021-07-23T13:52:00Z,CA,cases,0
7711,2021-07-23T13:43:00Z,CA,cases,0
7712,2021-07-22T13:44:00Z,CA,cases,0
7713,2021-07-22T13:29:00Z,CA,cases,1
7714,2021-07-21T19:36:00Z,CA,cases,0
7715,2021-07-21T19:14:00Z,CA,cases,0
7716,2021-07-20T15:10:00Z,CA,live,1
7717,2021-07-20T13:46:00Z,CA,cases,0
7718,2021-07-20T13:38:00Z,CA,cases,0
7719,2021-07-16T13:41:00Z,CA,cases,0
7720,2021-07-16T13:07:00Z,CA,cases,1
7721,2021-07-15T15:45:00Z,CA,live,0
7722,2021-07-15T13:15:00Z,CA,cases,1
7723,2021-07-15T13:03:00Z,CA,cases,1
7724,2021-07-14T13:28:00Z,CA,cases,1
7725,2021-07-14T13:01:00Z,CA,cases,1
7726,2021-07-13T13:21:00Z,CA,cases,1
7727,2021-07-13T13:02:00Z,CA,cases,1
7728,2021-07-12T13:30:00Z,CA,cases,1
7729,2021-07-12T13:00:00Z,CA,cases,0
7730,2021-07-07T13:34:00Z,CA,cases,0
7731,2021-07-07T13:34:00Z,CA,cases,0
7732,2021-07-06T13:17:00Z,CA,cases,1
7733,2021-07-06T13:11:00Z,CA,cases,1
7734,2021-07-05T13:20:00Z,CA,cases,1
7735,2021-07-05T13:03:00Z,CA,cases,1
7736,2021-07-02T14:46:00Z,CA,cases,0
7737,2021-07-02T14:24:00Z,CA,cases,0
7738,2021-06-30T13:49:00Z,CA,cases,0
7739,2021-06-30T13:33:00Z,CA,cases,0
7740,2021-06-29T15:37:00Z,CA,live,0
7741,2021-06-29T13:30:00Z,CA,cases,1
7742,2021-06-29T13:04:00Z,CA,cases,1
7743,2021-06-28T14:05:00Z,CA,cases,0
7744,2021-06-28T13:01:00Z,CA,cases,1
7745,2021-06-25T16:36:00Z,CA,live,0
7746,2021-06-25T13:22:00Z,CA,cases,1
7747,2021-06-25T13:02:00Z,CA,cases,1
7748,2021-06-24T13:17:00Z,CA,cases,1
7749,2021-06-24T13:03:00Z,CA,cases,1
7750,2021-06-23T15:38:00Z,CA,live,0
7751,2021-06-23T13:15:00Z,CA,cases,1
7752,2021-06-23T13:07:00Z,CA,cases,1
7753,2021-06-22T16:26:00Z,CA,live,0
7754,2021-06-22T15:30:00Z,CA,president speech,1
7755,2021-06-22T15:26:00Z,CA,president speech,1
7756,2021-06-22T13:20:00Z,CA,cases,1
7757,2021-06-22T13:07:00Z,CA,cases,1
7758,2021-06-17T19:41:00Z,CA,live,0
7759,2021-06-17T13:16:00Z,CA,cases,1
7760,2021-06-17T13:03:00Z,CA,cases,1
7761,2021-06-16T16:03:00Z,CA,live,0
7762,2021-06-16T13:28:00Z,CA,cases,1
7763,2021-06-16T13:01:00Z,CA,cases,1
7764,2021-06-15T16:08:00Z,CA,live,0
7765,2021-06-15T13:17:00Z,CA,cases,1
7766,2021-06-15T13:04:00Z,CA,cases,1
7767,2021-06-14T13:34:00Z,CA,cases,0
7768,2021-06-14T13:04:00Z,CA,cases,1
7769,2021-06-11T16:02:00Z,CA,live,0
7770,2021-06-10T13:49:00Z,CA,cases,0
7771,2021-06-10T13:01:00Z,CA,cases,1
7772,2021-06-08T13:24:00Z,CA,cases,1
7773,2021-06-08T13:02:00Z,CA,cases,1
7774,2021-06-07T15:26:00Z,CA,cases,1
7775,2021-06-07T12:59:00Z,CA,cases,0
7776,2021-06-04T22:51:00Z,CA,president speech,0
7777,2021-06-04T15:54:00Z,CA,president speech,0
7778,2021-06-04T13:17:00Z,CA,cases,1
7779,2021-06-04T13:01:00Z,CA,cases,1
7780,2021-06-03T13:17:00Z,CA,cases,1
7781,2021-06-03T13:01:00Z,CA,cases,1
7782,2021-06-02T23:00:00Z,CA,live,0
7783,2021-06-02T13:22:00Z,CA,cases,1
7784,2021-06-02T13:22:00Z,CA,live,1
7785,2021-06-02T13:05:00Z,CA,cases,1
7786,2021-06-01T16:03:00Z,CA,live,0
7787,2021-06-01T13:23:00Z,CA,cases,1
7788,2021-06-01T13:03:00Z,CA,cases,1
7789,2021-05-28T16:18:00Z,CA,live,0
7790,2021-05-28T13:33:00Z,CA,cases,0
7791,2021-05-28T13:00:00Z,CA,cases,0
7792,2021-05-27T19:34:00Z,CA,live,0
7793,2021-05-27T13:31:00Z,CA,cases,0
7794,2021-05-27T13:06:00Z,CA,cases,1
7795,2021-05-26T13:31:00Z,CA,cases,0
7796,2021-05-26T13:30:00Z,CA,live,1
7797,2021-05-26T13:09:00Z,CA,cases,1
7798,2021-05-26T00:19:00Z,CA,president speech,0
7799,2021-05-25T15:39:00Z,CA,president speech,0
7800,2021-05-25T15:39:00Z,CA,president speech,0
7801,2021-05-25T13:41:00Z,CA,cases,0
7802,2021-05-25T13:18:00Z,CA,cases,1
7803,2021-05-14T16:37:00Z,CA,live,0
7804,2021-05-14T13:16:00Z,CA,cases,1
7805,2021-05-14T13:00:00Z,CA,cases,0
7806,2021-05-13T19:35:00Z,CA,live,0
7807,2021-05-13T13:07:00Z,CA,cases,1
7808,2021-05-13T13:04:00Z,CA,cases,1
7809,2021-05-12T16:02:00Z,CA,live,0
7810,2021-05-12T13:38:00Z,CA,cases,0
7811,2021-05-12T13:02:00Z,CA,cases,1
7812,2021-05-11T15:45:00Z,CA,president speech,0
7813,2021-05-11T15:41:00Z,CA,president speech,0
7814,2021-05-11T13:16:00Z,CA,cases,1
7815,2021-05-11T13:03:00Z,CA,cases,1
7816,2021-05-10T13:21:00Z,CA,cases,1
7817,2021-05-10T13:08:00Z,CA,cases,1
7818,2021-05-07T15:40:00Z,CA,president speech,0
7819,2021-05-07T15:39:00Z,CA,president speech,0
7820,2021-05-07T13:21:00Z,CA,cases,1
7821,2021-05-07T13:01:00Z,CA,cases,1
7822,2021-05-06T19:33:00Z,CA,live,0
7823,2021-05-06T13:17:00Z,CA,cases,1
7824,2021-05-06T13:05:00Z,CA,cases,1
7825,2021-05-05T14:11:00Z,CA,live,0
7826,2021-05-05T13:15:00Z,CA,cases,1
7827,2021-05-05T13:11:00Z,CA,cases,1
7828,2021-05-04T15:36:00Z,CA,president speech,0
7829,2021-05-04T15:35:00Z,CA,president speech,0
7830,2021-05-04T13:17:00Z,CA,cases,1
7831,2021-05-04T13:05:00Z,CA,cases,1
7832,2021-05-03T18:05:00Z,CA,live,0
7833,2021-05-03T13:16:00Z,CA,cases,1
7834,2021-05-03T13:01:00Z,CA,cases,1
7835,2021-04-30T23:34:00Z,CA,president speech,0
7836,2021-04-30T15:42:00Z,CA,president speech,0
7837,2021-04-30T13:23:00Z,CA,cases,1
7838,2021-04-30T13:02:00Z,CA,cases,1
7839,2021-04-29T19:37:00Z,CA,live,0
7840,2021-04-29T13:25:00Z,CA,cases,1
7841,2021-04-29T13:00:00Z,CA,cases,0
7842,2021-04-28T13:33:00Z,CA,cases,0
7843,2021-04-28T13:03:00Z,CA,cases,1
7844,2021-04-27T17:40:00Z,CA,other,0
7845,2021-04-27T15:45:00Z,CA,president speech,0
7846,2021-04-27T15:45:00Z,CA,president speech,0
7847,2021-04-27T13:26:00Z,CA,cases,1
7848,2021-04-27T13:00:00Z,CA,cases,0
7849,2021-04-26T13:57:00Z,CA,cases,0
7850,2021-04-26T13:02:00Z,CA,cases,1
7851,2021-04-20T14:47:00Z,CA,president speech,0
7852,2021-04-20T13:39:00Z,CA,cases,0
7853,2021-04-20T13:14:00Z,CA,cases,1
7854,2021-04-19T14:28:00Z,CA,cases,0
7855,2021-04-19T13:09:00Z,CA,cases,1
7856,2021-04-16T17:33:00Z,CA,live,0
7857,2021-04-16T15:52:00Z,CA,president speech,0
7858,2021-04-16T13:31:00Z,CA,cases,0
7859,2021-04-16T13:02:00Z,CA,cases,1
7860,2021-04-15T14:33:00Z,CA,live,0
7861,2021-04-15T13:38:00Z,CA,cases,0
7862,2021-04-14T15:11:00Z,CA,live,1
7863,2021-04-14T14:00:00Z,CA,cases,0
7864,2021-04-09T15:33:00Z,CA,president speech,0
7865,2021-04-09T13:04:00Z,CA,cases,1
7866,2021-04-08T16:01:00Z,CA,live,0
7867,2021-04-08T13:06:00Z,CA,cases,1
7868,2021-04-07T15:02:00Z,CA,live,1
7869,2021-04-07T13:47:00Z,CA,cases,0
7870,2021-04-06T15:36:00Z,CA,president speech,0
7871,2021-04-06T15:36:00Z,CA,president speech,0
7872,2021-04-06T13:31:00Z,CA,cases,0
7873,2021-04-01T16:04:00Z,CA,live,0
7874,2021-04-01T13:43:00Z,CA,cases,0
7875,2021-03-31T18:03:00Z,CA,live,0
7876,2021-03-31T13:08:00Z,CA,cases,1
7877,2021-03-30T15:38:00Z,CA,president speech,0
7878,2021-03-29T19:19:00Z,CA,live,0
7879,2021-03-29T15:36:00Z,CA,president speech,0
7880,2021-03-25T13:47:00Z,CA,cases,0
7881,2021-03-25T13:34:00Z,CA,live,0
7882,2021-03-24T16:05:00Z,CA,live,0
7883,2021-03-24T13:12:00Z,CA,cases,1
7884,2021-03-23T16:15:00Z,CA,live,0
7885,2021-03-23T13:11:00Z,CA,cases,1
7886,2021-03-19T18:34:00Z,CA,live,0
7887,2021-03-19T15:35:00Z,CA,president speech,0
7888,2021-03-19T14:03:00Z,CA,live,0
7889,2021-03-19T13:00:00Z,CA,cases,0
7890,2021-03-17T13:18:00Z,CA,cases,1
7891,2021-03-16T16:08:00Z,CA,live,0
7892,2021-03-16T13:49:00Z,CA,cases,0
7893,2021-03-16T13:40:00Z,CA,live,0
7894,2021-03-16T13:15:00Z,CA,cases,1
7895,2021-03-15T13:20:00Z,CA,cases,1
7896,2021-03-12T16:34:00Z,CA,president speech,0
7897,2021-03-12T14:30:00Z,CA,cases,1
7898,2021-03-11T15:07:00Z,CA,president speech,0
7899,2021-03-11T14:16:00Z,CA,cases,1
7900,2021-03-09T16:36:00Z,CA,president speech,0
7901,2021-03-09T14:08:00Z,CA,cases,1
7902,2021-03-08T14:06:00Z,CA,cases,1
7903,2021-03-05T16:57:00Z,CA,president speech,0
7904,2021-03-05T15:14:00Z,CA,live,0
7905,2021-03-05T14:17:00Z,CA,cases,1
7906,2021-03-04T17:06:00Z,CA,live,0
7907,2021-03-04T14:19:00Z,CA,cases,1
7908,2021-03-03T16:32:00Z,CA,president speech,0
7909,2021-03-03T14:19:00Z,CA,cases,1
7910,2021-03-02T17:08:00Z,CA,live,0
7911,2021-03-02T14:58:00Z,CA,cases,0
7912,2021-03-02T14:16:00Z,CA,cases,1
7913,2021-03-01T16:45:00Z,CA,live,0
7914,2021-03-01T14:58:00Z,CA,cases,0
7915,2021-03-01T14:15:00Z,CA,cases,1
7916,2021-03-01T14:03:00Z,CA,live,1
7917,2021-02-26T22:26:00Z,CA,president speech,0
7918,2021-02-26T16:43:00Z,CA,president speech,0
7919,2021-02-26T16:42:00Z,CA,president speech,0
7920,2021-02-26T15:06:00Z,CA,live,0
7921,2021-02-26T14:47:00Z,CA,cases,0
7922,2021-02-26T14:21:00Z,CA,cases,1
7923,2021-02-25T17:32:00Z,CA,live,0
7924,2021-02-25T14:51:00Z,CA,cases,0
7925,2021-02-25T14:16:00Z,CA,cases,1
7926,2021-02-24T15:03:00Z,CA,live,0
7927,2021-02-24T14:48:00Z,CA,cases,0
7928,2021-02-24T14:20:00Z,CA,cases,1
7929,2021-02-22T14:46:00Z,CA,cases,0
7930,2021-02-22T14:15:00Z,CA,cases,1
7931,2021-02-20T03:21:00Z,CA,president speech,0
7932,2021-02-19T18:01:00Z,CA,live,0
7933,2021-02-19T17:06:00Z,CA,president speech,0
7934,2021-02-19T17:06:00Z,CA,president speech,0
7935,2021-02-19T14:54:00Z,CA,live,0
7936,2021-02-19T14:48:00Z,CA,cases,0
7937,2021-02-19T14:31:00Z,CA,cases,0
7938,2021-02-18T14:53:00Z,CA,cases,0
7939,2021-02-18T14:29:00Z,CA,cases,1
7940,2021-02-18T14:15:00Z,CA,live,1
7941,2021-02-17T17:04:00Z,CA,live,0
7942,2021-02-17T14:32:00Z,CA,cases,0
7943,2021-02-17T14:04:00Z,CA,cases,1
7944,2021-02-16T17:56:00Z,CA,other,0
7945,2021-02-16T17:41:00Z,CA,live,0
7946,2021-02-16T14:40:00Z,CA,live,0
7947,2021-02-16T14:39:00Z,CA,cases,0
7948,2021-02-16T14:02:00Z,CA,cases,1
7949,2021-02-15T14:36:00Z,CA,cases,0
7950,2021-02-15T14:06:00Z,CA,cases,1
7951,2021-02-12T16:40:00Z,CA,president speech,0
7952,2021-02-12T16:39:00Z,CA,president speech,0
7953,2021-02-12T15:37:00Z,CA,live,0
7954,2021-02-12T14:35:00Z,CA,cases,0
7955,2021-02-12T14:27:00Z,CA,cases,1
7956,2021-02-11T17:07:00Z,CA,other,0
7957,2021-02-11T14:47:00Z,CA,cases,0
7958,2021-02-11T14:18:00Z,CA,cases,1
7959,2021-02-11T14:04:00Z,CA,other,1
7960,2021-02-10T17:06:00Z,CA,live,0
7961,2021-02-10T14:34:00Z,CA,cases,0
7962,2021-02-10T01:51:00Z,CA,president speech,0
7963,2021-02-09T17:16:00Z,CA,live,0
7964,2021-02-09T16:27:00Z,CA,president speech,1
7965,2021-02-09T16:27:00Z,CA,president speech,1
7966,2021-02-09T15:13:00Z,CA,live,0
7967,2021-02-09T15:02:00Z,CA,cases,0
7968,2021-02-09T14:31:00Z,CA,cases,0
7969,2021-02-06T01:13:00Z,CA,president speech,0
7970,2021-02-05T17:41:00Z,CA,live,0
7971,2021-02-05T16:37:00Z,CA,president speech,0
7972,2021-02-05T16:36:00Z,CA,president speech,0
7973,2021-02-05T14:39:00Z,CA,cases,0
7974,2021-02-05T14:05:00Z,CA,cases,1
7975,2021-02-04T17:03:00Z,CA,live,0
7976,2021-02-04T15:41:00Z,CA,live,0
7977,2021-02-04T14:38:00Z,CA,cases,0
7978,2021-02-04T14:25:00Z,CA,other,1
7979,2021-02-04T14:01:00Z,CA,cases,1
7980,2021-02-03T18:01:00Z,CA,other,0
7981,2021-02-03T14:32:00Z,CA,cases,0
7982,2021-02-03T14:14:00Z,CA,cases,1
7983,2021-02-02T17:13:00Z,CA,live,0
7984,2021-02-02T16:19:00Z,CA,president speech,1
7985,2021-02-02T16:18:00Z,CA,president speech,1
7986,2021-02-02T15:54:00Z,CA,other,0
7987,2021-02-02T14:38:00Z,CA,cases,0
7988,2021-02-02T14:03:00Z,CA,cases,1
7989,2021-02-01T18:01:00Z,CA,other,0
7990,2021-02-01T14:32:00Z,CA,cases,0
7991,2021-02-01T14:16:00Z,CA,cases,1
7992,2021-01-29T17:42:00Z,CA,live,0
7993,2021-01-29T16:39:00Z,CA,president speech,0
7994,2021-01-29T14:06:00Z,CA,cases,1
7995,2021-01-28T17:02:00Z,CA,live,0
7996,2021-01-28T14:01:00Z,CA,cases,1
7997,2021-01-27T14:39:00Z,CA,cases,0
7998,2021-01-26T17:56:00Z,CA,live,0
7999,2021-01-26T16:18:00Z,CA,president speech,1
8000,2021-01-26T14:16:00Z,CA,cases,1
8001,2021-01-25T14:10:00Z,CA,cases,1
8002,2021-01-22T16:38:00Z,CA,president speech,0
8003,2021-01-22T14:01:00Z,CA,cases,1
8004,2021-01-21T19:33:00Z,CA,live,0
8005,2021-01-21T14:06:00Z,CA,cases,1
8006,2021-01-20T14:01:00Z,CA,cases,1
8007,2021-01-19T16:16:00Z,CA,president speech,1
8008,2021-01-19T14:02:00Z,CA,cases,1
8009,2021-01-18T14:18:00Z,CA,cases,1
8010,2021-01-15T16:38:00Z,CA,president speech,0
8011,2021-01-15T13:46:00Z,CA,cases,0
8012,2021-01-14T14:10:00Z,CA,cases,1
8013,2021-01-13T14:03:00Z,CA,cases,1
8014,2021-01-12T16:23:00Z,CA,president speech,1
8015,2021-01-12T14:02:00Z,CA,cases,1
8016,2021-01-11T14:02:00Z,CA,cases,1
8017,2021-01-08T16:45:00Z,CA,president speech,0
8018,2021-01-08T14:24:00Z,CA,cases,1
8019,2021-01-07T14:20:00Z,CA,cases,1
8020,2021-01-06T18:14:00Z,CA,live,0
8021,2021-01-06T14:03:00Z,CA,cases,1
8022,2021-01-05T16:29:00Z,CA,president speech,1
8023,2021-01-05T14:14:00Z,CA,cases,1
8024,2021-01-04T19:00:00Z,CA,other,0
8025,2021-01-04T14:17:00Z,CA,cases,1
8026,2020-12-30T17:20:00Z,CA,live,0
8027,2020-12-24T14:05:00Z,CA,cases,1
8028,2020-12-23T19:57:00Z,CA,other,0
8029,2020-12-23T18:20:00Z,CA,president speech,0
8030,2020-12-23T17:11:00Z,CA,live,0
8031,2020-12-23T14:06:00Z,CA,cases,1
8032,2020-12-22T17:10:00Z,CA,live,0
8033,2020-12-22T14:06:00Z,CA,cases,1
8034,2020-12-21T14:15:00Z,CA,cases,1
8035,2020-12-18T23:05:00Z,CA,president speech,0
8036,2020-12-18T17:35:00Z,CA,live,0
8037,2020-12-18T16:35:00Z,CA,president speech,0
8038,2020-12-18T14:15:00Z,CA,cases,1
8039,2020-12-17T14:12:00Z,CA,cases,1
8040,2020-12-16T17:09:00Z,CA,live,0
8041,2020-12-16T14:09:00Z,CA,cases,1
8042,2020-12-15T22:03:00Z,CA,president speech,0
8043,2020-12-15T14:03:00Z,CA,cases,1
8044,2020-12-14T14:12:00Z,CA,cases,1
8045,2020-12-12T21:24:00Z,CA,other,0
8046,2020-12-11T15:06:00Z,CA,live,0
8047,2020-12-11T14:15:00Z,CA,cases,1
8048,2020-12-10T14:00:00Z,CA,cases,0
8049,2020-12-09T18:00:00Z,CA,live,0
8050,2020-12-09T17:01:00Z,CA,live,0
8051,2020-12-09T14:01:00Z,CA,cases,1
8052,2020-12-08T17:04:00Z,CA,live,0
8053,2020-12-08T14:36:00Z,CA,cases,0
8054,2020-12-07T23:18:00Z,CA,president speech,0
8055,2020-12-07T14:17:00Z,CA,cases,1
8056,2020-12-04T17:19:00Z,CA,live,0
8057,2020-12-04T16:42:00Z,CA,president speech,0
8058,2020-12-04T14:15:00Z,CA,cases,1
8059,2020-12-03T17:13:00Z,CA,live,0
8060,2020-12-03T14:45:00Z,CA,cases,0
8061,2020-12-02T14:02:00Z,CA,cases,1
8062,2020-12-01T17:19:00Z,CA,live,0
8063,2020-12-01T16:33:00Z,CA,president speech,0
8064,2020-12-01T14:17:00Z,CA,cases,1
8065,2020-11-30T15:05:00Z,CA,cases,0
8066,2020-11-27T17:28:00Z,CA,live,0
8067,2020-11-27T16:40:00Z,CA,president speech,0
8068,2020-11-27T14:27:00Z,CA,cases,1
8069,2020-11-26T14:40:00Z,CA,cases,0
8070,2020-11-25T14:17:00Z,CA,cases,1
8071,2020-11-24T17:30:00Z,CA,live,0
8072,2020-11-24T16:39:00Z,CA,president speech,0
8073,2020-11-24T14:22:00Z,CA,cases,1
8074,2020-11-23T14:41:00Z,CA,cases,0
8075,2020-11-21T22:43:00Z,CA,other,0
8076,2020-11-21T22:43:00Z,CA,other,0
8077,2020-11-20T16:49:00Z,CA,president speech,0
8078,2020-11-20T14:26:00Z,CA,live,1
8079,2020-11-19T14:21:00Z,CA,cases,1
8080,2020-11-18T14:26:00Z,CA,cases,1
8081,2020-11-17T14:33:00Z,CA,cases,0
8082,2020-11-16T14:03:00Z,CA,cases,1
8083,2020-11-14T18:01:00Z,CA,other,0
8084,2020-11-13T14:32:00Z,CA,cases,0
8085,2020-11-12T14:30:00Z,CA,cases,1
8086,2020-11-11T00:21:00Z,CA,president speech,0
8087,2020-11-10T15:52:00Z,CA,cases,0
8088,2020-11-09T16:18:00Z,CA,cases,1
8089,2020-11-07T18:43:00Z,CA,cases,0
8090,2020-11-06T15:51:00Z,CA,cases,0
8091,2020-11-05T16:04:00Z,CA,cases,1
8092,2020-11-04T20:02:00Z,CA,cases,0
8093,2020-11-03T16:04:00Z,CA,cases,1
8094,2020-11-02T16:16:00Z,CA,cases,1
8095,2020-10-30T15:40:00Z,CA,president speech,0
8096,2020-10-29T15:26:00Z,CA,cases,1
8097,2020-10-28T14:18:00Z,CA,cases,0
8098,2020-10-27T15:01:00Z,CA,cases,1
8099,2020-10-26T15:13:00Z,CA,cases,1
8100,2020-10-23T15:35:00Z,CA,cases,0
8101,2020-10-22T15:00:00Z,CA,cases,0
8102,2020-10-21T14:45:00Z,CA,cases,0
8103,2020-10-20T14:53:00Z,CA,cases,0
8104,2020-10-19T13:27:00Z,CA,cases,1
8105,2020-10-16T14:26:00Z,CA,cases,0
8106,2020-10-15T14:49:00Z,CA,cases,0
8107,2020-10-14T14:01:00Z,CA,cases,0
8108,2020-10-14T14:01:00Z,CA,cases,0
8109,2020-10-13T18:16:00Z,CA,cases,0
8110,2020-10-09T14:30:00Z,CA,cases,0
8111,2020-10-08T17:08:00Z,CA,cases,0
8112,2020-10-06T16:58:00Z,CA,live,0
8113,2020-10-06T14:49:00Z,CA,cases,0
8114,2020-10-05T17:19:00Z,CA,cases,0
8115,2020-10-05T17:19:00Z,CA,cases,0
8116,2020-10-02T16:51:00Z,CA,cases,0
8117,2020-09-30T14:51:00Z,CA,cases,0
8118,2020-09-29T16:52:00Z,CA,live,0
8119,2020-09-29T15:17:00Z,CA,cases,1
8120,2020-09-28T15:13:00Z,CA,cases,1
8121,2020-09-25T14:36:00Z,CA,cases,0
8122,2020-09-24T15:23:00Z,CA,cases,1
8123,2020-09-23T15:22:00Z,CA,cases,1
8124,2020-09-22T16:05:00Z,CA,live,0
8125,2020-09-22T14:41:00Z,CA,cases,0
8126,2020-09-21T14:19:00Z,CA,cases,0
8127,2020-09-15T16:06:00Z,CA,live,0
8128,2020-09-11T17:00:00Z,CA,live,0
8129,2020-09-10T16:09:00Z,CA,cases,0
8130,2020-09-08T18:00:00Z,CA,cases,0
8131,2020-09-04T16:07:00Z,CA,live,0
8132,2020-09-01T16:00:00Z,CA,live,0
8133,2020-08-28T16:13:00Z,CA,live,0
8134,2020-08-26T15:39:00Z,CA,president speech,0
8135,2020-08-25T16:04:00Z,CA,live,0
8136,2020-08-21T16:03:00Z,CA,other,0
8137,2020-08-18T16:00:00Z,CA,live,0
8138,2020-08-14T16:04:00Z,CA,live,0
8139,2020-08-11T16:10:00Z,CA,live,0
8140,2020-08-07T16:03:00Z,CA,live,0
8141,2020-08-04T16:06:00Z,CA,live,0
8142,2020-07-31T17:35:00Z,CA,live,0
8143,2020-07-28T16:03:00Z,CA,live,0
8144,2020-07-24T16:08:00Z,CA,live,0
8145,2020-07-21T16:06:00Z,CA,live,0
8146,2020-07-17T17:08:00Z,CA,live,0
8147,2020-07-08T15:09:00Z,CA,president speech,1
8148,2020-07-03T16:03:00Z,CA,live,0
8149,2020-06-29T16:15:00Z,CA,live,0
8150,2020-06-29T15:40:00Z,CA,president speech,0
8151,2020-06-26T13:04:00Z,CA,live,1
8152,2020-06-25T15:42:00Z,CA,live,0
8153,2020-06-25T14:25:00Z,CA,president speech,0
8154,2020-06-23T16:10:00Z,CA,live,0
8155,2020-06-22T16:08:00Z,CA,live,0
8156,2020-06-22T15:03:00Z,CA,president speech,1
8157,2020-06-19T16:13:00Z,CA,live,0
8158,2020-06-18T16:09:00Z,CA,live,0
8159,2020-06-18T16:09:00Z,CA,live,0
8160,2020-06-18T15:02:00Z,CA,president speech,1
8161,2020-06-18T15:02:00Z,CA,president speech,1
8162,2020-06-17T16:09:00Z,CA,live,0
8163,2020-06-17T15:06:00Z,CA,president speech,1
8164,2020-06-16T16:14:00Z,CA,live,0
8165,2020-06-16T15:08:00Z,CA,president speech,1
8166,2020-06-15T16:08:00Z,CA,live,0
8167,2020-06-15T15:18:00Z,CA,president speech,1
8168,2020-06-12T16:05:50Z,CA,live,0
8169,2020-06-12T16:05:00Z,CA,live,0
8170,2020-06-12T15:20:35Z,CA,president speech,1
8171,2020-06-12T15:20:00Z,CA,president speech,1
8172,2020-06-11T16:02:54Z,CA,live,0
8173,2020-06-11T16:02:00Z,CA,live,0
8174,2020-06-09T16:13:54Z,CA,live,0
8175,2020-06-09T16:13:00Z,CA,live,0
8176,2020-06-09T15:07:49Z,CA,president speech,1
8177,2020-06-09T15:07:00Z,CA,president speech,1
8178,2020-06-08T16:05:49Z,CA,live,0
8179,2020-06-08T16:05:00Z,CA,live,0
8180,2020-06-08T15:22:02Z,CA,president speech,1
8181,2020-06-08T15:22:00Z,CA,president speech,1
8182,2020-06-05T16:13:51Z,CA,live,0
8183,2020-06-05T16:13:00Z,CA,live,0
8184,2020-06-05T15:30:20Z,CA,president speech,1
8185,2020-06-05T15:30:00Z,CA,president speech,1
8186,2020-06-04T16:08:54Z,CA,live,0
8187,2020-06-04T16:08:00Z,CA,live,0
8188,2020-06-04T15:18:24Z,CA,president speech,1
8189,2020-06-04T15:18:00Z,CA,president speech,1
8190,2020-06-03T16:08:17Z,CA,live,0
8191,2020-06-02T16:12:00Z,CA,live,0
8192,2020-06-02T15:02:19Z,CA,president speech,1
8193,2020-06-01T16:09:12Z,CA,live,0
8194,2020-06-01T15:25:49Z,CA,president speech,1
8195,2020-04-29T15:02:00Z,CA,president speech,1
8196,2020-04-28T15:07:00Z,CA,president speech,1
8197,2020-04-27T15:17:00Z,CA,president speech,1
8198,2020-04-25T15:16:00Z,CA,president speech,1
8199,2020-04-24T15:18:00Z,CA,president speech,1
8200,2020-04-23T15:24:00Z,CA,president speech,1
8201,2020-04-22T15:17:00Z,CA,president speech,1
8202,2020-04-21T16:06:00Z,CA,president speech,0
8203,2020-04-21T15:17:00Z,CA,president speech,1
8204,2020-04-20T00:13:00Z,CA,president speech,0
8205,2020-04-19T15:21:00Z,CA,president speech,1
8206,2020-04-18T15:17:00Z,CA,president speech,1
8207,2020-04-17T15:23:00Z,CA,president speech,1
8208,2020-04-16T15:16:00Z,CA,president speech,1
8209,2020-04-15T15:18:00Z,CA,president speech,1
8210,2020-04-14T15:16:00Z,CA,president speech,1
8211,2020-04-10T15:17:00Z,CA,president speech,1
8212,2020-04-09T15:17:00Z,CA,president speech,1
8213,2020-04-08T15:18:00Z,CA,president speech,1
8214,2020-04-07T15:17:00Z,CA,president speech,1
8215,2020-04-06T15:16:00Z,CA,president speech,1
8216,2020-04-05T15:17:00Z,CA,president speech,1
8217,2020-04-05T00:22:00Z,CA,president speech,0
8218,2020-04-04T15:17:00Z,CA,president speech,1
8219,2020-04-03T15:16:00Z,CA,president speech,1
8220,2020-04-02T15:16:00Z,CA,president speech,1
8221,2020-04-01T15:24:00Z,CA,president speech,1
8222,2020-03-31T15:17:00Z,CA,president speech,1
8223,2020-03-30T15:23:00Z,CA,president speech,1
8224,2020-03-29T15:16:00Z,CA,president speech,1
8225,2020-03-28T15:16:00Z,CA,president speech,1
8226,2020-03-27T15:17:00Z,CA,president speech,1
8227,2020-03-26T15:17:00Z,CA,president speech,1
8228,2020-03-25T15:18:00Z,CA,president speech,1
8229,2020-03-24T23:19:00Z,CA,other,0
8230,2020-03-24T15:39:00Z,CA,president speech,0
8231,2020-03-23T15:16:00Z,CA,president speech,1
8232,2020-03-22T15:16:00Z,CA,president speech,1
8233,2020-03-21T15:16:00Z,CA,president speech,1
8234,2020-03-20T15:16:00Z,CA,president speech,1
8235,2020-03-19T23:33:00Z,CA,president speech,0
8236,2020-03-19T15:02:00Z,CA,president speech,1
8237,2020-03-18T14:41:00Z,CA,president speech,0
8238,2020-03-18T00:55:00Z,CA,president speech,0
8239,2020-03-17T15:40:00Z,CA,president speech,0
8240,2020-03-16T17:39:00Z,CA,president speech,0
8241,2020-03-15T18:45:00Z,CA,live,0
8242,2020-03-14T01:30:00Z,CA,president speech,0
8243,2020-03-11T13:17:00Z,CA,president speech,1
8244,2020-03-09T22:55:00Z,CA,other,0
8245,2020-02-22T03:49:00Z,CA,president speech,0
8246,2020-02-11T20:23:00Z,CA,president speech,0
8247,2020-02-02T23:33:00Z,CA,president speech,0
8248,2022-02-28T21:00:00Z,BR,cases,1
8249,2022-02-27T21:00:00Z,BR,cases,1
8250,2022-02-26T21:00:00Z,BR,cases,1
8251,2022-02-24T21:00:00Z,BR,cases,1
8252,2022-02-23T21:00:00Z,BR,cases,1
8253,2022-02-22T21:00:00Z,BR,cases,1
8254,2022-02-21T21:00:00Z,BR,cases,1
8255,2022-02-20T21:00:00Z,BR,cases,1
8256,2022-02-19T21:00:00Z,BR,cases,1
8257,2022-02-18T21:00:00Z,BR,cases,1
8258,2022-02-17T21:00:00Z,BR,cases,1
8259,2022-02-16T21:00:00Z,BR,cases,1
8260,2022-02-15T21:00:00Z,BR,cases,1
8261,2022-02-14T21:00:00Z,BR,cases,1
8262,2022-02-13T21:00:00Z,BR,cases,1
8263,2022-02-12T21:00:00Z,BR,cases,1
8264,2022-02-11T21:00:00Z,BR,cases,1
8265,2022-02-10T21:00:00Z,BR,cases,1
8266,2022-02-09T21:00:00Z,BR,cases,1
8267,2022-02-08T21:00:00Z,BR,cases,1
8268,2022-02-07T21:00:00Z,BR,cases,1
8269,2022-02-06T21:00:00Z,BR,cases,1
8270,2022-02-05T21:00:00Z,BR,cases,1
8271,2022-02-04T21:00:00Z,BR,cases,1
8272,2022-02-03T21:00:00Z,BR,cases,1
8273,2022-02-02T21:00:00Z,BR,cases,1
8274,2022-02-01T21:00:00Z,BR,cases,1
8275,2022-01-31T21:00:00Z,BR,cases,1
8276,2022-01-30T21:00:00Z,BR,cases,1
8277,2022-01-29T21:00:00Z,BR,cases,1
8278,2022-01-28T21:00:00Z,BR,cases,1
8279,2022-01-27T21:00:00Z,BR,cases,1
8280,2022-01-26T21:00:00Z,BR,cases,1
8281,2022-01-25T21:00:00Z,BR,cases,1
8282,2022-01-24T21:00:00Z,BR,cases,1
8283,2022-01-23T21:00:00Z,BR,cases,1
8284,2022-01-22T21:00:00Z,BR,cases,1
8285,2022-01-21T21:00:00Z,BR,cases,1
8286,2022-01-20T21:00:00Z,BR,cases,1
8287,2022-01-19T21:00:00Z,BR,cases,1
8288,2022-01-18T21:00:00Z,BR,cases,1
8289,2022-01-17T21:00:00Z,BR,cases,1
8290,2022-01-16T21:00:00Z,BR,cases,1
8291,2022-01-15T21:00:00Z,BR,cases,1
8292,2022-01-14T21:00:00Z,BR,cases,1
8293,2022-01-13T21:00:00Z,BR,cases,1
8294,2022-01-12T21:00:00Z,BR,cases,1
8295,2022-01-11T21:00:00Z,BR,cases,1
8296,2022-01-10T21:00:00Z,BR,cases,1
8297,2022-01-09T21:00:00Z,BR,cases,1
8298,2022-01-08T21:00:00Z,BR,cases,1
8299,2022-01-07T21:00:00Z,BR,cases,1
8300,2022-01-06T21:00:00Z,BR,cases,1
8301,2022-01-05T21:00:00Z,BR,cases,1
8302,2022-01-04T21:00:00Z,BR,cases,1
8303,2022-01-03T21:00:00Z,BR,cases,1
8304,2022-01-02T21:00:00Z,BR,cases,1
8305,2022-01-01T21:00:00Z,BR,cases,1
8306,2021-12-31T21:00:00Z,BR,cases,1
8307,2021-12-30T21:00:00Z,BR,cases,1
8308,2021-12-29T21:00:00Z,BR,cases,1
8309,2021-12-28T21:00:00Z,BR,cases,1
8310,2021-12-27T21:00:00Z,BR,cases,1
8311,2021-12-26T21:00:00Z,BR,cases,1
8312,2021-12-25T21:00:00Z,BR,cases,1
8313,2021-12-24T21:00:00Z,BR,cases,1
8314,2021-12-23T21:00:00Z,BR,cases,1
8315,2021-12-22T21:00:00Z,BR,cases,1
8316,2021-12-21T21:00:00Z,BR,cases,1
8317,2021-12-20T21:00:00Z,BR,cases,1
8318,2021-12-19T21:00:00Z,BR,cases,1
8319,2021-12-18T21:00:00Z,BR,cases,1
8320,2021-12-17T21:00:00Z,BR,cases,1
8321,2021-12-16T21:00:00Z,BR,cases,1
8322,2021-12-15T21:00:00Z,BR,cases,1
8323,2021-12-14T21:00:00Z,BR,cases,1
8324,2021-12-13T21:00:00Z,BR,cases,1
8325,2021-12-12T21:00:00Z,BR,cases,1
8326,2021-12-11T21:00:00Z,BR,cases,1
8327,2021-12-10T21:00:00Z,BR,cases,1
8328,2021-12-09T21:00:00Z,BR,cases,1
8329,2021-12-08T21:00:00Z,BR,cases,1
8330,2021-12-07T21:00:00Z,BR,cases,1
8331,2021-12-06T21:00:00Z,BR,cases,1
8332,2021-12-05T21:00:00Z,BR,cases,1
8333,2021-12-04T21:00:00Z,BR,cases,1
8334,2021-12-03T21:00:00Z,BR,cases,1
8335,2021-12-02T21:00:00Z,BR,cases,1
8336,2021-12-01T21:00:00Z,BR,cases,1
8337,2021-11-30T21:00:00Z,BR,cases,1
8338,2021-11-29T21:00:00Z,BR,cases,1
8339,2021-11-28T21:00:00Z,BR,cases,1
8340,2021-11-27T21:00:00Z,BR,cases,1
8341,2021-11-26T21:00:00Z,BR,cases,1
8342,2021-11-25T21:00:00Z,BR,cases,1
8343,2021-11-24T21:00:00Z,BR,cases,1
8344,2021-11-23T21:00:00Z,BR,cases,1
8345,2021-11-22T21:00:00Z,BR,cases,1
8346,2021-11-21T21:00:00Z,BR,cases,1
8347,2021-11-20T21:00:00Z,BR,cases,1
8348,2021-11-19T21:00:00Z,BR,cases,1
8349,2021-11-18T21:00:00Z,BR,cases,1
8350,2021-11-17T21:00:00Z,BR,cases,1
8351,2021-11-16T21:00:00Z,BR,cases,1
8352,2021-11-15T21:00:00Z,BR,cases,1
8353,2021-11-14T21:00:00Z,BR,cases,1
8354,2021-11-12T21:00:00Z,BR,cases,1
8355,2021-11-11T21:00:00Z,BR,cases,1
8356,2021-11-10T21:00:00Z,BR,cases,1
8357,2021-11-09T21:00:00Z,BR,cases,1
8358,2021-11-08T21:00:00Z,BR,cases,1
8359,2021-11-07T21:00:00Z,BR,cases,1
8360,2021-11-06T21:00:00Z,BR,cases,1
8361,2021-11-05T21:00:00Z,BR,cases,1
8362,2021-11-03T21:00:00Z,BR,cases,1
8363,2021-11-02T21:00:00Z,BR,cases,1
8364,2021-11-01T21:00:00Z,BR,cases,1
8365,2021-10-31T21:00:00Z,BR,cases,1
8366,2021-10-30T21:00:00Z,BR,cases,1
8367,2021-10-29T21:00:00Z,BR,cases,1
8368,2021-10-28T21:00:00Z,BR,cases,1
8369,2021-10-27T21:00:00Z,BR,cases,1
8370,2021-10-26T21:00:00Z,BR,cases,1
8371,2021-10-25T21:00:00Z,BR,cases,1
8372,2021-10-24T21:00:00Z,BR,cases,1
8373,2021-10-23T21:00:00Z,BR,cases,1
8374,2021-10-22T21:00:00Z,BR,cases,1
8375,2021-10-21T21:00:00Z,BR,cases,1
8376,2021-10-20T21:00:00Z,BR,cases,1
8377,2021-10-19T21:00:00Z,BR,cases,1
8378,2021-10-18T21:00:00Z,BR,cases,1
8379,2021-10-17T21:00:00Z,BR,cases,1
8380,2021-10-16T21:00:00Z,BR,cases,1
8381,2021-10-15T21:00:00Z,BR,cases,1
8382,2021-10-14T21:00:00Z,BR,cases,1
8383,2021-10-13T21:00:00Z,BR,cases,1
8384,2021-10-12T21:00:00Z,BR,cases,1
8385,2021-10-11T21:00:00Z,BR,cases,1
8386,2021-10-10T21:00:00Z,BR,cases,1
8387,2021-10-09T21:00:00Z,BR,cases,1
8388,2021-10-08T21:00:00Z,BR,cases,1
8389,2021-10-07T21:00:00Z,BR,cases,1
8390,2021-10-06T21:00:00Z,BR,cases,1
8391,2021-10-05T21:00:00Z,BR,cases,1
8392,2021-10-04T21:00:00Z,BR,cases,1
8393,2021-10-02T21:00:00Z,BR,cases,1
8394,2021-10-01T21:00:00Z,BR,cases,1
8395,2021-09-30T21:00:00Z,BR,cases,1
8396,2021-09-29T21:00:00Z,BR,cases,1
8397,2021-09-28T21:00:00Z,BR,cases,1
8398,2021-09-27T21:00:00Z,BR,cases,1
8399,2021-09-26T21:00:00Z,BR,cases,1
8400,2021-09-25T21:00:00Z,BR,cases,1
8401,2021-09-24T21:00:00Z,BR,cases,1
8402,2021-09-23T21:00:00Z,BR,cases,1
8403,2021-09-22T21:00:00Z,BR,cases,1
8404,2021-09-20T21:00:00Z,BR,cases,1
8405,2021-09-19T21:00:00Z,BR,cases,1
8406,2021-09-18T21:00:00Z,BR,cases,1
8407,2021-09-17T21:00:00Z,BR,cases,1
8408,2021-09-16T21:00:00Z,BR,cases,1
8409,2021-09-15T21:00:00Z,BR,cases,1
8410,2021-09-14T21:00:00Z,BR,cases,1
8411,2021-09-13T21:00:00Z,BR,cases,1
8412,2021-09-12T21:00:00Z,BR,cases,1
8413,2021-09-11T21:00:00Z,BR,cases,1
8414,2021-09-10T21:00:00Z,BR,cases,1
8415,2021-09-09T21:00:00Z,BR,cases,1
8416,2021-09-08T21:00:00Z,BR,cases,1
8417,2021-09-06T21:00:00Z,BR,cases,1
8418,2021-09-05T21:00:00Z,BR,cases,1
8419,2021-09-04T21:00:00Z,BR,cases,1
8420,2021-09-03T21:00:00Z,BR,cases,1
8421,2021-09-02T21:00:00Z,BR,cases,1
8422,2021-09-01T21:00:00Z,BR,cases,1
8423,2021-04-03T22:29:12Z,BR,cases,1
8424,2021-04-02T22:30:45Z,BR,cases,1
8425,2021-04-01T22:47:08Z,BR,cases,1
8426,2021-03-31T22:23:49Z,BR,cases,1
8427,2021-03-30T22:30:10Z,BR,cases,1
8428,2021-03-29T22:30:35Z,BR,cases,1
8429,2021-03-28T22:30:05Z,BR,cases,1
8430,2021-03-27T22:30:16Z,BR,cases,1
8431,2021-03-25T22:06:14Z,BR,cases,1
8432,2021-03-24T22:30:15Z,BR,cases,1
8433,2021-03-23T22:30:58Z,BR,cases,1
8434,2021-03-22T23:06:13Z,BR,cases,0
8435,2021-03-21T22:30:12Z,BR,cases,1
8436,2021-03-20T22:30:59Z,BR,cases,1
8437,2021-03-19T22:16:39Z,BR,cases,1
8438,2021-03-17T22:54:38Z,BR,cases,1
8439,2021-03-16T22:30:06Z,BR,cases,1
8440,2021-03-15T22:44:02Z,BR,cases,1
8441,2021-03-14T22:30:59Z,BR,cases,1
8442,2021-03-13T22:32:49Z,BR,cases,1
8443,2021-03-12T22:30:19Z,BR,cases,1
8444,2021-03-11T22:58:34Z,BR,cases,1
8445,2021-03-09T22:30:38Z,BR,cases,1
8446,2021-03-08T22:31:01Z,BR,cases,1
8447,2021-03-07T22:30:30Z,BR,cases,1
8448,2021-03-06T22:30:45Z,BR,cases,1
8449,2021-03-05T22:30:50Z,BR,cases,1
8450,2021-03-04T22:30:03Z,BR,cases,1
8451,2021-03-03T22:23:53Z,BR,cases,1
8452,2021-03-02T22:40:58Z,BR,cases,1
8453,2021-03-01T22:30:12Z,BR,cases,1
8454,2021-02-28T22:30:13Z,BR,cases,1
8455,2021-02-27T22:30:35Z,BR,cases,1
8456,2021-02-26T22:30:57Z,BR,cases,1
8457,2021-02-25T22:30:21Z,BR,cases,1
8458,2021-02-24T22:30:51Z,BR,cases,1
8459,2021-02-23T22:30:17Z,BR,cases,1
8460,2021-02-22T22:30:31Z,BR,cases,1
8461,2021-02-21T22:30:35Z,BR,cases,1
8462,2021-02-20T22:30:04Z,BR,cases,1
8463,2021-02-19T22:30:28Z,BR,cases,1
8464,2021-02-18T22:42:58Z,BR,cases,1
8465,2021-02-17T22:30:05Z,BR,cases,1
8466,2021-02-16T22:30:06Z,BR,cases,1
8467,2021-02-15T22:30:51Z,BR,cases,1
8468,2021-02-14T22:30:27Z,BR,cases,1
8469,2021-02-13T22:31:41Z,BR,cases,1
8470,2021-02-12T22:30:12Z,BR,cases,1
8471,2021-02-10T22:26:58Z,BR,cases,1
8472,2021-02-09T22:30:52Z,BR,cases,1
8473,2021-02-07T22:30:39Z,BR,cases,1
8474,2021-02-06T22:30:06Z,BR,cases,1
8475,2021-02-05T22:30:21Z,BR,cases,1
8476,2021-02-04T22:30:14Z,BR,cases,1
8477,2021-02-03T22:30:20Z,BR,cases,1
8478,2021-02-02T22:30:51Z,BR,cases,1
8479,2021-02-01T22:30:40Z,BR,cases,1
8480,2021-01-30T22:30:30Z,BR,cases,1
8481,2021-01-29T22:30:24Z,BR,cases,1
8482,2021-01-28T22:30:05Z,BR,cases,1
8483,2021-01-27T22:57:28Z,BR,cases,1
8484,2021-01-25T22:30:54Z,BR,cases,1
8485,2021-01-22T23:20:39Z,BR,live,0
8486,2021-01-21T22:38:14Z,BR,cases,1
8487,2021-01-20T22:30:59Z,BR,cases,1
8488,2021-01-19T23:16:00Z,BR,cases,0
8489,2021-01-18T22:32:38Z,BR,cases,1
8490,2021-01-18T19:06:24Z,BR,live,0
8491,2021-01-17T22:30:17Z,BR,cases,1
8492,2021-01-17T18:53:11Z,BR,live,0
8493,2021-01-16T22:30:31Z,BR,cases,1
8494,2021-01-15T22:30:02Z,BR,cases,1
8495,2021-01-14T23:00:14Z,BR,cases,1
8496,2021-01-13T23:00:11Z,BR,cases,1
8497,2021-01-13T21:48:26Z,BR,live,0
8498,2021-01-12T22:35:23Z,BR,cases,1
8499,2021-01-11T22:30:17Z,BR,cases,1
8500,2021-01-11T13:45:51Z,BR,live,0
8501,2021-01-08T22:25:54Z,BR,cases,1
8502,2021-01-08T00:05:48Z,BR,cases,0
8503,2021-01-07T19:27:01Z,BR,live,0
8504,2021-01-07T00:03:40Z,BR,live,0
8505,2021-01-06T22:30:42Z,BR,cases,1
8506,2021-01-05T21:50:23Z,BR,cases,0
8507,2021-01-04T22:17:43Z,BR,cases,1
8508,2021-01-03T22:30:25Z,BR,cases,1
8509,2021-01-02T22:30:53Z,BR,cases,1
8510,2021-01-01T22:30:12Z,BR,cases,1
8511,2020-12-31T22:30:33Z,BR,cases,1
8512,2020-12-30T22:30:59Z,BR,cases,1
8513,2020-12-29T22:30:38Z,BR,cases,1
8514,2020-12-28T22:30:01Z,BR,cases,1
8515,2020-12-27T23:05:23Z,BR,cases,0
8516,2020-12-26T22:30:33Z,BR,cases,1
8517,2020-12-25T22:30:02Z,BR,cases,1
8518,2020-12-24T23:29:08Z,BR,president speech,0
8519,2020-12-24T22:30:02Z,BR,cases,1
8520,2020-12-23T23:47:49Z,BR,cases,0
8521,2020-12-22T22:30:42Z,BR,cases,1
8522,2020-12-21T22:30:59Z,BR,cases,1
8523,2020-12-20T22:30:23Z,BR,cases,1
8524,2020-12-19T22:31:00Z,BR,cases,1
8525,2020-12-19T22:31:00Z,BR,cases,1
8526,2020-12-18T22:37:00Z,BR,cases,1
8527,2020-12-17T22:49:00Z,BR,cases,1
8528,2020-12-16T22:30:00Z,BR,cases,1
8529,2020-12-16T13:23:00Z,BR,president speech,0
8530,2020-12-15T22:00:00Z,BR,cases,0
8531,2020-12-14T22:08:00Z,BR,cases,1
8532,2020-12-13T22:00:00Z,BR,cases,0
8533,2020-12-12T22:30:00Z,BR,cases,1
8534,2020-12-11T23:51:00Z,BR,cases,0
8535,2020-12-10T21:44:00Z,BR,live,0
8536,2020-12-09T22:07:00Z,BR,cases,1
8537,2020-12-07T22:49:00Z,BR,cases,1
8538,2020-12-04T23:27:00Z,BR,cases,0
8539,2020-12-03T22:30:00Z,BR,cases,1
8540,2020-12-03T20:21:00Z,BR,live,0
8541,2020-11-30T22:13:00Z,BR,cases,1
8542,2020-11-27T22:14:00Z,BR,live,1
8543,2020-11-24T22:34:00Z,BR,cases,1
8544,2020-11-23T23:08:00Z,BR,cases,0
8545,2020-11-22T22:13:00Z,BR,cases,1
8546,2020-11-21T22:12:00Z,BR,cases,1
8547,2020-11-21T22:12:00Z,BR,cases,1
8548,2020-11-20T22:09:00Z,BR,cases,1
8549,2020-11-19T21:11:00Z,BR,live,0
8550,2020-11-18T23:00:00Z,BR,cases,1
8551,2020-11-17T23:00:00Z,BR,cases,1
8552,2020-11-04T22:23:00Z,BR,cases,1
8553,2020-11-03T22:28:00Z,BR,cases,1
8554,2020-11-02T22:15:00Z,BR,cases,1
8555,2020-11-01T22:08:00Z,BR,cases,1
8556,2020-10-31T22:15:00Z,BR,cases,1
8557,2020-10-30T22:15:00Z,BR,cases,1
8558,2020-10-29T22:00:00Z,BR,cases,0
8559,2020-10-27T22:18:00Z,BR,cases,1
8560,2020-10-23T23:48:00Z,BR,cases,0
8561,2020-10-23T21:53:00Z,BR,live,0
8562,2020-10-22T22:31:00Z,BR,cases,1
8563,2020-10-21T23:00:00Z,BR,cases,1
8564,2020-10-20T22:51:00Z,BR,cases,1
8565,2020-10-19T22:30:00Z,BR,cases,1
8566,2020-10-19T19:55:00Z,BR,president speech,0
8567,2020-10-16T22:15:00Z,BR,cases,1
8568,2020-10-15T19:50:00Z,BR,live,0
8569,2020-10-14T22:15:00Z,BR,cases,1
8570,2020-10-09T23:00:00Z,BR,cases,1
8571,2020-10-09T20:37:00Z,BR,live,1
8572,2020-10-08T22:46:00Z,BR,cases,1
8573,2020-10-08T20:48:00Z,BR,live,1
8574,2020-10-07T22:45:00Z,BR,cases,1
8575,2020-10-06T22:30:00Z,BR,cases,1
8576,2020-10-05T22:30:00Z,BR,cases,1
8577,2020-10-02T22:09:00Z,BR,cases,1
8578,2020-10-01T21:21:00Z,BR,live,0
8579,2020-09-30T23:00:00Z,BR,cases,1
8580,2020-09-29T23:00:00Z,BR,cases,1
8581,2020-09-28T23:15:00Z,BR,cases,0
8582,2020-09-25T22:45:00Z,BR,cases,1
8583,2020-09-24T23:00:00Z,BR,cases,1
8584,2020-09-23T22:11:00Z,BR,cases,1
8585,2020-09-23T21:00:00Z,BR,live,1
8586,2020-09-22T23:00:00Z,BR,cases,1
8587,2020-09-21T22:45:00Z,BR,cases,1
8588,2020-09-16T23:30:00Z,BR,cases,0
8589,2020-09-16T20:23:00Z,BR,live,0
8590,2020-09-16T20:14:00Z,BR,live,0
8591,2020-09-15T23:30:00Z,BR,cases,0
8592,2020-09-15T22:15:00Z,BR,other,1
8593,2020-09-15T21:56:00Z,BR,cases,0
8594,2020-09-14T22:21:00Z,BR,cases,1
8595,2020-09-13T22:30:00Z,BR,cases,1
8596,2020-09-12T22:30:00Z,BR,cases,1
8597,2020-09-11T22:12:00Z,BR,cases,1
8598,2020-09-11T13:25:00Z,BR,live,0
8599,2020-09-10T23:10:00Z,BR,cases,0
8600,2020-09-10T21:24:00Z,BR,live,0
8601,2020-09-09T23:27:00Z,BR,cases,0
8602,2020-09-09T21:15:00Z,BR,live,0
8603,2020-09-08T22:53:00Z,BR,cases,1
8604,2020-09-06T22:30:00Z,BR,cases,1
8605,2020-09-05T22:30:00Z,BR,cases,1
8606,2020-09-04T22:20:00Z,BR,cases,1
8607,2020-09-03T22:33:00Z,BR,cases,1
8608,2020-09-02T22:21:00Z,BR,cases,1
8609,2020-09-02T21:08:00Z,BR,live,0
8610,2020-09-01T22:11:00Z,BR,cases,1
8611,2020-08-31T22:00:00Z,BR,cases,0
8612,2020-08-30T22:30:00Z,BR,cases,1
8613,2020-08-29T22:30:00Z,BR,cases,1
8614,2020-08-28T22:13:00Z,BR,cases,1
8615,2020-08-27T23:09:00Z,BR,cases,0
8616,2020-08-27T21:45:00Z,BR,live,0
8617,2020-08-26T21:55:00Z,BR,cases,0
8618,2020-08-26T20:53:00Z,BR,live,1
8619,2020-08-25T22:29:00Z,BR,cases,1
8620,2020-08-24T22:54:00Z,BR,cases,1
8621,2020-08-24T14:09:00Z,BR,president speech,0
8622,2020-08-23T22:28:00Z,BR,cases,1
8623,2020-08-22T22:30:00Z,BR,cases,1
8624,2020-08-21T22:21:00Z,BR,cases,1
8625,2020-08-20T23:57:00Z,BR,cases,0
8626,2020-08-20T21:43:00Z,BR,live,0
8627,2020-08-19T21:57:00Z,BR,cases,0
8628,2020-08-19T19:17:00Z,BR,live,0
8629,2020-08-18T22:01:00Z,BR,cases,1
8630,2020-08-17T21:42:00Z,BR,cases,0
8631,2020-08-16T22:22:00Z,BR,cases,1
8632,2020-08-15T22:17:00Z,BR,cases,1
8633,2020-08-14T22:34:00Z,BR,cases,1
8634,2020-08-14T22:21:00Z,BR,live,1
8635,2020-08-13T22:34:00Z,BR,cases,1
8636,2020-08-13T13:07:00Z,BR,other,0
8637,2020-08-12T22:36:00Z,BR,cases,1
8638,2020-08-12T22:04:00Z,BR,president speech,1
8639,2020-08-12T20:55:00Z,BR,live,1
8640,2020-08-11T22:19:00Z,BR,cases,1
8641,2020-08-10T22:14:00Z,BR,cases,1
8642,2020-08-09T21:41:00Z,BR,cases,0
8643,2020-08-08T22:05:00Z,BR,cases,1
8644,2020-08-07T22:34:00Z,BR,cases,1
8645,2020-08-06T22:16:00Z,BR,cases,1
8646,2020-08-05T23:11:00Z,BR,cases,0
8647,2020-08-05T21:21:00Z,BR,live,0
8648,2020-08-04T22:14:00Z,BR,cases,1
8649,2020-08-03T22:13:00Z,BR,cases,1
8650,2020-08-03T21:09:00Z,BR,live,0
8651,2020-08-02T23:22:00Z,BR,cases,0
8652,2020-08-01T22:16:00Z,BR,cases,1
8653,2020-07-31T21:39:00Z,BR,cases,0
8654,2020-07-30T22:09:00Z,BR,cases,1
8655,2020-07-29T22:53:00Z,BR,cases,1
8656,2020-07-29T20:47:00Z,BR,live,1
8657,2020-07-28T22:31:00Z,BR,cases,1
8658,2020-07-27T22:47:00Z,BR,cases,1
8659,2020-07-27T02:02:00Z,BR,cases,0
8660,2020-07-25T22:37:00Z,BR,cases,1
8661,2020-07-24T22:21:00Z,BR,cases,1
8662,2020-07-23T21:59:00Z,BR,cases,0
8663,2020-07-23T16:52:00Z,BR,live,0
8664,2020-07-22T22:08:00Z,BR,cases,1
8665,2020-07-21T22:06:00Z,BR,cases,1
8666,2020-07-21T18:40:00Z,BR,live,0
8667,2020-07-20T21:51:00Z,BR,cases,0
8668,2020-07-19T21:11:00Z,BR,cases,0
8669,2020-07-18T22:28:00Z,BR,cases,1
8670,2020-07-17T21:56:00Z,BR,cases,0
8671,2020-07-17T20:40:00Z,BR,live,1
8672,2020-07-16T21:40:00Z,BR,cases,0
8673,2020-07-15T21:24:00Z,BR,cases,0
8674,2020-07-15T20:53:00Z,BR,live,1
8675,2020-07-15T16:10:00Z,BR,live,0
8676,2020-07-14T22:11:00Z,BR,cases,1
8677,2020-07-13T22:43:00Z,BR,cases,1
8678,2020-07-12T21:16:00Z,BR,cases,0
8679,2020-07-11T22:18:00Z,BR,cases,1
8680,2020-07-10T22:02:00Z,BR,cases,1
8681,2020-07-09T22:04:00Z,BR,cases,1
8682,2020-07-09T20:51:00Z,BR,live,1
8683,2020-07-08T21:30:00Z,BR,cases,0
8684,2020-07-07T22:20:00Z,BR,cases,1
8685,2020-07-07T15:13:00Z,BR,other,0
8686,2020-07-06T21:49:00Z,BR,cases,0
8687,2020-07-05T22:39:00Z,BR,cases,1
8688,2020-07-03T22:24:00Z,BR,cases,1
8689,2020-07-02T21:45:00Z,BR,cases,0
8690,2020-07-02T20:39:00Z,BR,live,1
8691,2020-07-01T22:29:00Z,BR,cases,1
8692,2020-07-01T21:04:00Z,BR,live,0
8693,2020-07-01T20:55:00Z,BR,live,1
8694,2020-06-30T22:11:00Z,BR,cases,1
8695,2020-06-30T19:14:00Z,BR,president speech,0
8696,2020-06-29T22:59:00Z,BR,cases,1
8697,2020-06-29T21:20:00Z,BR,live,0
8698,2020-06-28T21:48:00Z,BR,cases,0
8699,2020-06-27T22:06:00Z,BR,cases,1
8700,2020-06-27T14:12:00Z,BR,live,0
8701,2020-06-26T22:34:00Z,BR,cases,1
8702,2020-06-25T22:28:00Z,BR,cases,1
8703,2020-06-24T22:47:00Z,BR,cases,1
8704,2020-06-24T21:20:00Z,BR,live,0
8705,2020-06-23T22:52:00Z,BR,cases,1
8706,2020-06-22T22:22:00Z,BR,cases,1
8707,2020-06-21T22:20:00Z,BR,cases,1
8708,2020-06-20T22:01:00Z,BR,cases,1
8709,2020-06-19T22:09:00Z,BR,cases,1
8710,2020-06-19T00:36:00Z,BR,cases,0
8711,2020-06-18T21:01:00Z,BR,live,0
8712,2020-06-18T17:29:00Z,BR,live,0
8713,2020-06-17T22:03:00Z,BR,cases,1
8714,2020-06-16T21:38:00Z,BR,cases,0
8715,2020-06-15T22:22:00Z,BR,cases,1
8716,2020-06-15T21:10:00Z,BR,live,0
8717,2020-06-15T20:56:00Z,BR,live,1
8718,2020-06-14T22:02:00Z,BR,cases,1
8719,2020-06-13T22:01:00Z,BR,cases,1
8720,2020-06-12T22:28:00Z,BR,cases,1
8721,2020-06-12T20:45:00Z,BR,live,1
8722,2020-06-12T20:40:00Z,BR,live,1
8723,2020-06-11T22:00:00Z,BR,cases,0
8724,2020-06-10T22:31:00Z,BR,cases,1
8725,2020-06-10T20:19:00Z,BR,live,0
8726,2020-06-10T14:07:00Z,BR,live,0
8727,2020-06-10T01:01:00Z,BR,cases,0
8728,2020-06-10T01:01:00Z,BR,cases,0
8729,2020-06-10T01:01:00Z,BR,cases,0
8730,2020-06-10T01:01:00Z,BR,cases,0
8731,2020-06-10T01:01:00Z,BR,cases,0
8732,2020-06-09T20:10:00Z,BR,live,0
8733,2020-06-09T20:10:00Z,BR,live,0
8734,2020-06-09T20:10:00Z,BR,live,0
8735,2020-06-09T20:10:00Z,BR,live,0
8736,2020-06-09T20:10:00Z,BR,live,0
8737,2020-06-09T20:08:00Z,BR,live,0
8738,2020-06-09T20:08:00Z,BR,live,0
8739,2020-06-09T20:08:00Z,BR,live,0
8740,2020-06-09T20:08:00Z,BR,live,0
8741,2020-06-09T20:08:00Z,BR,live,0
8742,2020-06-08T21:25:00Z,BR,live,0
8743,2020-06-08T21:25:00Z,BR,live,0
8744,2020-06-08T21:25:00Z,BR,live,0
8745,2020-06-08T21:25:00Z,BR,live,0
8746,2020-06-08T21:25:00Z,BR,live,0
8747,2020-06-08T21:23:00Z,BR,live,0
8748,2020-06-08T21:23:00Z,BR,live,0
8749,2020-06-08T21:23:00Z,BR,live,0
8750,2020-06-08T21:23:00Z,BR,live,0
8751,2020-06-08T21:23:00Z,BR,live,0
8752,2020-06-07T12:08:00Z,BR,cases,0
8753,2020-06-05T17:46:00Z,BR,live,0
8754,2020-06-05T17:46:00Z,BR,live,0
8755,2020-06-05T17:46:00Z,BR,live,0
8756,2020-06-05T17:46:00Z,BR,live,0
8757,2020-06-05T17:46:00Z,BR,live,0
8758,2020-06-04T20:50:00Z,BR,live,1
8759,2020-06-04T20:50:00Z,BR,live,1
8760,2020-06-04T20:50:00Z,BR,live,1
8761,2020-06-04T20:50:00Z,BR,live,1
8762,2020-06-04T20:50:00Z,BR,live,1
8763,2020-06-04T20:49:00Z,BR,live,1
8764,2020-06-04T20:49:00Z,BR,live,1
8765,2020-06-04T20:49:00Z,BR,live,1
8766,2020-06-04T20:49:00Z,BR,live,1
8767,2020-06-04T20:49:00Z,BR,live,1
8768,2020-06-04T01:52:00Z,BR,other,0
8769,2020-06-04T01:52:00Z,BR,other,0
8770,2020-06-04T01:52:00Z,BR,other,0
8771,2020-06-04T01:52:00Z,BR,other,0
8772,2020-06-04T01:52:00Z,BR,other,0
8773,2020-06-04T01:32:00Z,BR,other,0
8774,2020-06-04T01:32:00Z,BR,other,0
8775,2020-06-04T01:32:00Z,BR,other,0
8776,2020-06-04T01:32:00Z,BR,other,0
8777,2020-06-04T00:45:00Z,BR,other,0
8778,2020-06-03T00:46:00Z,BR,other,0
8779,2020-06-03T00:46:00Z,BR,other,0
8780,2020-06-03T00:46:00Z,BR,other,0
8781,2020-06-03T00:46:00Z,BR,other,0
8782,2020-06-03T00:12:00Z,BR,other,0
8783,2020-06-03T00:12:00Z,BR,other,0
8784,2020-06-03T00:12:00Z,BR,other,0
8785,2020-06-03T00:12:00Z,BR,other,0
8786,2020-06-03T00:12:00Z,BR,other,0
8787,2020-06-02T20:54:00Z,BR,live,1
8788,2020-06-02T20:54:00Z,BR,live,1
8789,2020-06-02T20:54:00Z,BR,live,1
8790,2020-06-02T20:54:00Z,BR,live,1
8791,2020-06-02T20:54:00Z,BR,live,1
8792,2020-06-02T20:31:00Z,BR,live,1
8793,2020-06-02T20:31:00Z,BR,live,1
8794,2020-06-02T20:31:00Z,BR,live,1
8795,2020-06-02T20:31:00Z,BR,live,1
8796,2020-06-02T20:31:00Z,BR,live,1
8797,2020-06-02T02:10:00Z,BR,other,0
8798,2020-06-02T02:10:00Z,BR,other,0
8799,2020-06-02T02:10:00Z,BR,other,0
8800,2020-06-02T02:10:00Z,BR,other,0
8801,2020-06-02T02:10:00Z,BR,other,0
8802,2020-06-02T00:40:00Z,BR,other,0
8803,2020-06-02T00:40:00Z,BR,other,0
8804,2020-06-02T00:40:00Z,BR,other,0
8805,2020-06-02T00:40:00Z,BR,other,0
8806,2020-06-02T00:40:00Z,BR,other,0
8807,2020-06-01T00:17:00Z,BR,other,0
8808,2020-06-01T00:17:00Z,BR,other,0
8809,2020-06-01T00:17:00Z,BR,other,0
8810,2020-06-01T00:17:00Z,BR,other,0
8811,2020-06-01T00:17:00Z,BR,other,0
8812,2020-05-31T23:00:00Z,BR,other,1
8813,2020-05-31T00:30:00Z,BR,other,0
8814,2020-05-31T00:30:00Z,BR,other,0
8815,2020-05-31T00:30:00Z,BR,other,0
8816,2020-05-31T00:30:00Z,BR,other,0
8817,2020-05-31T00:30:00Z,BR,other,0
8818,2020-05-31T00:29:00Z,BR,cases,0
8819,2020-05-31T00:29:00Z,BR,cases,0
8820,2020-05-31T00:29:00Z,BR,cases,0
8821,2020-05-31T00:29:00Z,BR,cases,0
8822,2020-05-31T00:29:00Z,BR,cases,0
8823,2020-05-30T23:00:00Z,BR,other,1
8824,2020-05-30T02:09:00Z,BR,other,0
8825,2020-05-30T02:09:00Z,BR,other,0
8826,2020-05-30T02:09:00Z,BR,other,0
8827,2020-05-30T02:09:00Z,BR,other,0
8828,2020-05-30T02:09:00Z,BR,other,0
8829,2020-05-29T23:40:00Z,BR,cases,0
8830,2020-05-29T23:40:00Z,BR,cases,0
8831,2020-05-29T23:40:00Z,BR,cases,0
8832,2020-05-29T23:40:00Z,BR,cases,0
8833,2020-05-29T20:54:00Z,BR,live,1
8834,2020-05-29T20:54:00Z,BR,live,1
8835,2020-05-29T20:54:00Z,BR,live,1
8836,2020-05-29T20:54:00Z,BR,live,1
8837,2020-05-29T20:45:00Z,BR,live,1
8838,2020-05-29T20:45:00Z,BR,live,1
8839,2020-05-29T20:45:00Z,BR,live,1
8840,2020-05-29T20:45:00Z,BR,live,1
8841,2020-05-29T01:01:00Z,BR,cases,0
8842,2020-05-29T01:01:00Z,BR,cases,0
8843,2020-05-29T01:01:00Z,BR,cases,0
8844,2020-05-29T01:01:00Z,BR,cases,0
8845,2020-05-29T00:41:00Z,BR,cases,0
8846,2020-05-29T00:41:00Z,BR,cases,0
8847,2020-05-29T00:41:00Z,BR,cases,0
8848,2020-05-29T00:41:00Z,BR,cases,0
8849,2020-05-28T01:04:00Z,BR,cases,0
8850,2020-05-28T01:04:00Z,BR,cases,0
8851,2020-05-28T01:04:00Z,BR,cases,0
8852,2020-05-28T01:04:00Z,BR,cases,0
8853,2020-05-28T00:13:00Z,BR,cases,0
8854,2020-05-28T00:13:00Z,BR,cases,0
8855,2020-05-28T00:13:00Z,BR,cases,0
8856,2020-05-28T00:13:00Z,BR,cases,0
8857,2020-05-27T02:14:00Z,BR,cases,0
8858,2020-05-27T02:14:00Z,BR,cases,0
8859,2020-05-27T02:14:00Z,BR,cases,0
8860,2020-05-27T02:14:00Z,BR,cases,0
8861,2020-05-27T01:12:00Z,BR,cases,0
8862,2020-05-27T01:12:00Z,BR,cases,0
8863,2020-05-27T01:12:00Z,BR,cases,0
8864,2020-05-27T01:12:00Z,BR,cases,0
8865,2020-05-26T21:23:00Z,BR,live,0
8866,2020-05-26T21:23:00Z,BR,live,0
8867,2020-05-26T21:23:00Z,BR,live,0
8868,2020-05-26T21:23:00Z,BR,live,0
8869,2020-05-26T21:18:00Z,BR,live,0
8870,2020-05-26T21:18:00Z,BR,live,0
8871,2020-05-26T21:18:00Z,BR,live,0
8872,2020-05-26T21:18:00Z,BR,live,0
8873,2020-05-26T20:05:00Z,BR,live,0
8874,2020-05-26T20:05:00Z,BR,live,0
8875,2020-05-26T20:05:00Z,BR,live,0
8876,2020-05-26T20:05:00Z,BR,live,0
8877,2020-05-26T01:06:00Z,BR,other,0
8878,2020-05-26T01:06:00Z,BR,other,0
8879,2020-05-26T01:06:00Z,BR,other,0
8880,2020-05-26T01:06:00Z,BR,other,0
8881,2020-05-26T00:14:00Z,BR,other,0
8882,2020-05-26T00:14:00Z,BR,other,0
8883,2020-05-26T00:14:00Z,BR,other,0
8884,2020-05-26T00:14:00Z,BR,other,0
8885,2020-05-25T21:25:00Z,BR,live,0
8886,2020-05-25T21:25:00Z,BR,live,0
8887,2020-05-25T21:25:00Z,BR,live,0
8888,2020-05-25T21:25:00Z,BR,live,0
8889,2020-05-25T21:22:00Z,BR,live,0
8890,2020-05-25T21:22:00Z,BR,live,0
8891,2020-05-25T21:22:00Z,BR,live,0
8892,2020-05-25T21:22:00Z,BR,live,0
8893,2020-05-23T03:53:00Z,BR,other,0
8894,2020-05-23T03:53:00Z,BR,other,0
8895,2020-05-23T03:53:00Z,BR,other,0
8896,2020-05-23T03:53:00Z,BR,other,0
8897,2020-05-23T01:27:00Z,BR,other,0
8898,2020-05-23T01:27:00Z,BR,other,0
8899,2020-05-23T01:27:00Z,BR,other,0
8900,2020-05-23T01:27:00Z,BR,other,0
8901,2020-05-22T00:43:00Z,BR,cases,0
8902,2020-05-22T00:43:00Z,BR,cases,0
8903,2020-05-22T00:43:00Z,BR,cases,0
8904,2020-05-22T00:43:00Z,BR,cases,0
8905,2020-05-22T00:29:00Z,BR,cases,0
8906,2020-05-22T00:29:00Z,BR,cases,0
8907,2020-05-22T00:29:00Z,BR,cases,0
8908,2020-05-22T00:29:00Z,BR,cases,0
8909,2020-05-21T20:51:00Z,BR,live,1
8910,2020-05-21T20:51:00Z,BR,live,1
8911,2020-05-21T20:51:00Z,BR,live,1
8912,2020-05-21T20:51:00Z,BR,live,1
8913,2020-05-21T19:18:00Z,BR,live,0
8914,2020-05-21T19:18:00Z,BR,live,0
8915,2020-05-21T19:18:00Z,BR,live,0
8916,2020-05-21T19:18:00Z,BR,live,0
8917,2020-05-21T13:14:00Z,BR,president speech,0
8918,2020-05-21T13:14:00Z,BR,president speech,0
8919,2020-05-21T13:14:00Z,BR,president speech,0
8920,2020-05-21T13:14:00Z,BR,president speech,0
8921,2020-05-21T01:04:00Z,BR,cases,0
8922,2020-05-21T01:04:00Z,BR,cases,0
8923,2020-05-21T01:04:00Z,BR,cases,0
8924,2020-05-21T01:04:00Z,BR,cases,0
8925,2020-05-21T00:35:00Z,BR,cases,0
8926,2020-05-21T00:35:00Z,BR,cases,0
8927,2020-05-21T00:35:00Z,BR,cases,0
8928,2020-05-21T00:35:00Z,BR,cases,0
8929,2020-05-20T20:39:00Z,BR,live,1
8930,2020-05-20T20:39:00Z,BR,live,1
8931,2020-05-20T20:39:00Z,BR,live,1
8932,2020-05-20T20:39:00Z,BR,live,1
8933,2020-05-20T20:30:00Z,BR,live,0
8934,2020-05-20T20:30:00Z,BR,live,0
8935,2020-05-20T20:30:00Z,BR,live,0
8936,2020-05-20T20:30:00Z,BR,live,0
8937,2020-05-20T00:59:00Z,BR,cases,0
8938,2020-05-20T00:59:00Z,BR,cases,0
8939,2020-05-20T00:59:00Z,BR,cases,0
8940,2020-05-20T00:59:00Z,BR,cases,0
8941,2020-05-19T20:49:00Z,BR,live,1
8942,2020-05-19T20:49:00Z,BR,live,1
8943,2020-05-19T20:49:00Z,BR,live,1
8944,2020-05-19T20:49:00Z,BR,live,1
8945,2020-05-19T20:49:00Z,BR,live,1
8946,2020-05-19T20:43:00Z,BR,live,1
8947,2020-05-19T20:43:00Z,BR,live,1
8948,2020-05-19T20:43:00Z,BR,live,1
8949,2020-05-19T20:43:00Z,BR,live,1
8950,2020-05-19T20:43:00Z,BR,live,1
8951,2020-05-19T14:40:00Z,BR,live,0
8952,2020-05-19T14:40:00Z,BR,live,0
8953,2020-05-19T14:40:00Z,BR,live,0
8954,2020-05-19T14:40:00Z,BR,live,0
8955,2020-05-19T14:40:00Z,BR,live,0
8956,2020-05-19T00:25:00Z,BR,cases,0
8957,2020-05-19T00:25:00Z,BR,cases,0
8958,2020-05-19T00:25:00Z,BR,cases,0
8959,2020-05-19T00:25:00Z,BR,cases,0
8960,2020-05-18T22:32:00Z,BR,cases,1
8961,2020-05-18T22:32:00Z,BR,cases,1
8962,2020-05-18T22:32:00Z,BR,cases,1
8963,2020-05-18T22:32:00Z,BR,cases,1
8964,2020-05-18T22:32:00Z,BR,cases,1
8965,2020-05-18T21:17:00Z,BR,live,0
8966,2020-05-18T21:17:00Z,BR,live,0
8967,2020-05-18T21:17:00Z,BR,live,0
8968,2020-05-18T21:17:00Z,BR,live,0
8969,2020-05-18T21:17:00Z,BR,live,0
8970,2020-05-18T21:09:00Z,BR,live,0
8971,2020-05-18T21:09:00Z,BR,live,0
8972,2020-05-18T21:09:00Z,BR,live,0
8973,2020-05-18T21:09:00Z,BR,live,0
8974,2020-05-18T21:09:00Z,BR,live,0
8975,2020-05-17T23:48:00Z,BR,cases,0
8976,2020-05-17T23:48:00Z,BR,cases,0
8977,2020-05-17T23:48:00Z,BR,cases,0
8978,2020-05-17T23:48:00Z,BR,cases,0
8979,2020-05-17T22:32:00Z,BR,cases,1
8980,2020-05-17T22:32:00Z,BR,cases,1
8981,2020-05-17T22:32:00Z,BR,cases,1
8982,2020-05-17T22:32:00Z,BR,cases,1
8983,2020-05-17T22:32:00Z,BR,cases,1
8984,2020-05-17T00:05:00Z,BR,cases,0
8985,2020-05-17T00:05:00Z,BR,cases,0
8986,2020-05-17T00:05:00Z,BR,cases,0
8987,2020-05-17T00:05:00Z,BR,cases,0
8988,2020-05-16T22:35:00Z,BR,cases,1
8989,2020-05-16T22:35:00Z,BR,cases,1
8990,2020-05-16T22:35:00Z,BR,cases,1
8991,2020-05-16T22:35:00Z,BR,cases,1
8992,2020-05-16T22:35:00Z,BR,cases,1
8993,2020-05-15T22:07:00Z,BR,cases,1
8994,2020-05-15T22:07:00Z,BR,cases,1
8995,2020-05-15T22:07:00Z,BR,cases,1
8996,2020-05-15T22:07:00Z,BR,cases,1
8997,2020-05-15T22:07:00Z,BR,cases,1
8998,2020-05-15T19:05:00Z,BR,live,0
8999,2020-05-15T19:05:00Z,BR,live,0
9000,2020-05-15T19:05:00Z,BR,live,0
9001,2020-05-15T19:05:00Z,BR,live,0
9002,2020-05-15T19:05:00Z,BR,live,0
9003,2020-05-15T19:01:00Z,BR,live,0
9004,2020-05-15T19:01:00Z,BR,live,0
9005,2020-05-15T19:01:00Z,BR,live,0
9006,2020-05-15T19:01:00Z,BR,live,0
9007,2020-05-15T19:01:00Z,BR,live,0
9008,2020-05-15T01:35:00Z,BR,other,0
9009,2020-05-15T01:35:00Z,BR,other,0
9010,2020-05-15T01:35:00Z,BR,other,0
9011,2020-05-15T01:35:00Z,BR,other,0
9012,2020-05-14T22:36:00Z,BR,cases,1
9013,2020-05-14T22:36:00Z,BR,cases,1
9014,2020-05-14T22:36:00Z,BR,cases,1
9015,2020-05-14T22:36:00Z,BR,cases,1
9016,2020-05-14T22:36:00Z,BR,cases,1
9017,2020-05-14T20:35:00Z,BR,live,1
9018,2020-05-14T20:35:00Z,BR,live,1
9019,2020-05-14T20:35:00Z,BR,live,1
9020,2020-05-14T20:35:00Z,BR,live,1
9021,2020-05-14T20:35:00Z,BR,live,1
9022,2020-05-14T20:30:00Z,BR,live,0
9023,2020-05-14T20:30:00Z,BR,live,0
9024,2020-05-14T20:30:00Z,BR,live,0
9025,2020-05-14T20:30:00Z,BR,live,0
9026,2020-05-14T20:30:00Z,BR,live,0
9027,2020-05-14T13:34:00Z,BR,cases,0
9028,2020-05-14T13:34:00Z,BR,cases,0
9029,2020-05-14T13:34:00Z,BR,cases,0
9030,2020-05-14T13:34:00Z,BR,cases,0
9031,2020-05-13T22:45:00Z,BR,cases,1
9032,2020-05-13T22:45:00Z,BR,cases,1
9033,2020-05-13T22:45:00Z,BR,cases,1
9034,2020-05-13T22:45:00Z,BR,cases,1
9035,2020-05-13T22:45:00Z,BR,cases,1
9036,2020-05-13T01:00:00Z,BR,other,0
9037,2020-05-13T01:00:00Z,BR,other,0
9038,2020-05-13T01:00:00Z,BR,other,0
9039,2020-05-13T01:00:00Z,BR,other,0
9040,2020-05-12T22:07:00Z,BR,cases,1
9041,2020-05-12T22:07:00Z,BR,cases,1
9042,2020-05-12T22:07:00Z,BR,cases,1
9043,2020-05-12T22:07:00Z,BR,cases,1
9044,2020-05-12T22:07:00Z,BR,cases,1
9045,2020-05-12T20:44:00Z,BR,live,1
9046,2020-05-12T20:44:00Z,BR,live,1
9047,2020-05-12T20:44:00Z,BR,live,1
9048,2020-05-12T20:44:00Z,BR,live,1
9049,2020-05-12T20:44:00Z,BR,live,1
9050,2020-05-12T20:41:00Z,BR,live,1
9051,2020-05-12T20:41:00Z,BR,live,1
9052,2020-05-12T20:41:00Z,BR,live,1
9053,2020-05-12T20:41:00Z,BR,live,1
9054,2020-05-12T20:41:00Z,BR,live,1
9055,2020-05-12T01:12:00Z,BR,other,0
9056,2020-05-12T01:12:00Z,BR,other,0
9057,2020-05-12T01:12:00Z,BR,other,0
9058,2020-05-12T01:12:00Z,BR,other,0
9059,2020-05-11T23:02:00Z,BR,cases,0
9060,2020-05-11T23:02:00Z,BR,cases,0
9061,2020-05-11T23:02:00Z,BR,cases,0
9062,2020-05-11T23:02:00Z,BR,cases,0
9063,2020-05-11T23:02:00Z,BR,cases,0
9064,2020-05-11T20:53:00Z,BR,live,1
9065,2020-05-11T20:53:00Z,BR,live,1
9066,2020-05-11T20:53:00Z,BR,live,1
9067,2020-05-11T20:53:00Z,BR,live,1
9068,2020-05-11T20:53:00Z,BR,live,1
9069,2020-05-11T20:50:00Z,BR,live,1
9070,2020-05-11T20:50:00Z,BR,live,1
9071,2020-05-11T20:50:00Z,BR,live,1
9072,2020-05-11T20:50:00Z,BR,live,1
9073,2020-05-11T20:50:00Z,BR,live,1
9074,2020-05-10T22:41:00Z,BR,cases,1
9075,2020-05-09T23:49:00Z,BR,other,0
9076,2020-05-08T22:58:00Z,BR,cases,1
9077,2020-05-08T21:22:00Z,BR,live,0
9078,2020-05-08T21:10:00Z,BR,live,0
9079,2020-05-08T20:53:00Z,BR,live,1
9080,2020-05-08T20:44:00Z,BR,live,1
9081,2020-05-07T22:37:00Z,BR,cases,1
9082,2020-05-07T20:08:00Z,BR,live,0
9083,2020-05-06T22:45:00Z,BR,cases,1
9084,2020-05-06T20:32:00Z,BR,live,1
9085,2020-05-06T20:23:00Z,BR,live,0
9086,2020-05-05T22:11:00Z,BR,cases,1
9087,2020-05-05T21:16:00Z,BR,live,0
9088,2020-05-05T21:10:00Z,BR,live,0
9089,2020-05-05T00:18:00Z,BR,cases,0
9090,2020-05-04T21:17:00Z,BR,cases,0
9091,2020-05-04T19:59:00Z,BR,live,0
9092,2020-05-04T00:44:00Z,BR,live,0
9093,2020-05-03T21:09:00Z,BR,cases,0
9094,2020-05-02T21:57:00Z,BR,cases,0
9095,2020-05-01T19:48:00Z,BR,cases,0
9096,2020-04-30T20:37:00Z,BR,cases,1
9097,2020-04-30T20:26:00Z,BR,other,0
9098,2020-04-30T20:20:00Z,BR,live,0
9099,2020-04-29T23:09:00Z,BR,other,0
9100,2020-04-29T20:19:00Z,BR,cases,0
9101,2020-04-29T20:09:00Z,BR,live,0
9102,2020-04-29T00:59:00Z,BR,cases,0
9103,2020-04-29T00:00:00Z,BR,cases,0
9104,2020-04-27T20:34:00Z,BR,cases,1
9105,2020-04-27T20:28:00Z,BR,live,0
9106,2020-04-26T19:31:00Z,BR,cases,0
9107,2020-04-25T20:25:00Z,BR,cases,0
9108,2020-04-24T21:15:00Z,BR,cases,0
9109,2020-04-23T20:34:00Z,BR,cases,1
9110,2020-04-23T20:08:00Z,BR,live,0
9111,2020-04-22T20:32:00Z,BR,cases,1
9112,2020-04-22T20:08:00Z,BR,live,0
9113,2020-04-21T23:48:00Z,BR,cases,0
9114,2020-04-21T20:58:00Z,BR,cases,1
9115,2020-04-20T20:59:00Z,BR,cases,1
9116,2020-04-20T20:07:00Z,BR,live,0
9117,2020-04-19T22:04:00Z,BR,cases,1
9118,2020-04-18T20:34:00Z,BR,cases,1
9119,2020-04-17T19:23:00Z,BR,cases,0
9120,2020-04-17T14:16:00Z,BR,president speech,0
9121,2020-04-17T14:15:00Z,BR,live,0
9122,2020-04-16T20:47:00Z,BR,president speech,1
9123,2020-04-16T20:44:00Z,BR,cases,1
9124,2020-04-15T20:19:00Z,BR,cases,0
9125,2020-04-15T20:00:00Z,BR,live,0
9126,2020-04-14T20:16:00Z,BR,cases,0
9127,2020-04-14T20:02:00Z,BR,live,0
9128,2020-04-13T22:12:00Z,BR,live,1
9129,2020-04-13T21:11:00Z,BR,cases,0
9130,2020-04-13T20:22:00Z,BR,live,0
9131,2020-04-13T14:22:00Z,BR,live,0
9132,2020-04-12T20:02:00Z,BR,cases,0
9133,2020-04-11T20:37:00Z,BR,cases,1
9134,2020-04-11T20:32:00Z,BR,live,1
9135,2020-04-10T19:42:00Z,BR,cases,0
9136,2020-04-10T01:30:00Z,BR,other,0
9137,2020-04-09T20:33:00Z,BR,cases,1
9138,2020-04-09T20:10:00Z,BR,live,0
9139,2020-04-08T20:37:00Z,BR,cases,1
9140,2020-04-08T20:09:00Z,BR,live,0
9141,2020-04-08T19:17:00Z,BR,live,0
9142,2020-04-07T20:26:00Z,BR,cases,0
9143,2020-04-07T20:08:00Z,BR,live,0
9144,2020-04-07T14:20:00Z,BR,live,0
9145,2020-04-06T23:10:00Z,BR,live,0
9146,2020-04-06T20:15:00Z,BR,cases,0
9147,2020-04-05T20:31:00Z,BR,cases,1
9148,2020-04-04T20:26:00Z,BR,cases,0
9149,2020-04-04T19:29:00Z,BR,live,0
9150,2020-04-03T19:53:00Z,BR,cases,0
9151,2020-04-02T20:17:00Z,BR,cases,0
9152,2020-04-01T20:13:00Z,BR,cases,0
9153,2020-03-31T20:29:00Z,BR,cases,0
9154,2020-03-30T20:08:00Z,BR,cases,0
9155,2020-03-29T18:43:00Z,BR,cases,0
9156,2020-03-28T19:52:00Z,BR,cases,0
9157,2020-03-28T18:34:00Z,BR,other,0
9158,2020-03-27T19:51:00Z,BR,cases,0
9159,2020-03-27T13:56:00Z,BR,president speech,0
9160,2020-03-26T19:25:00Z,BR,cases,0
9161,2020-03-25T19:00:00Z,BR,cases,0
9162,2020-03-24T19:06:00Z,BR,cases,0
9163,2020-03-23T19:13:00Z,BR,cases,0
9164,2020-03-22T19:24:00Z,BR,cases,0
9165,2020-03-21T19:34:00Z,BR,live,0
9166,2020-03-21T00:59:00Z,BR,cases,0
9167,2020-03-20T21:44:00Z,BR,president speech,0
9168,2020-03-19T19:17:00Z,BR,cases,0
9169,2020-03-18T22:23:00Z,BR,cases,1
9170,2020-03-17T18:35:00Z,BR,cases,0
9171,2020-03-17T13:15:00Z,BR,cases,0
9172,2020-03-16T19:55:00Z,BR,cases,0
9173,2020-03-15T20:03:00Z,BR,cases,0
9174,2020-03-14T21:56:00Z,BR,cases,0
9175,2020-03-13T18:53:00Z,BR,cases,0
9176,2020-03-12T21:06:00Z,BR,president speech,0
9177,2020-03-12T18:38:00Z,BR,cases,0
9178,2020-03-11T19:41:00Z,BR,cases,0
9179,2020-03-11T16:51:00Z,BR,cases,0
9180,2020-03-10T18:48:00Z,BR,cases,0
9181,2020-03-09T18:42:00Z,BR,cases,0
9182,2020-03-08T20:53:00Z,BR,cases,1
9183,2020-03-07T19:59:00Z,BR,cases,0
9184,2020-03-06T22:29:00Z,BR,president speech,1
9185,2020-03-06T19:33:00Z,BR,live,0
9186,2020-03-06T18:50:00Z,BR,cases,0
9187,2020-03-05T18:45:00Z,BR,cases,0
9188,2020-03-04T19:32:00Z,BR,cases,0
9189,2020-03-03T17:59:00Z,BR,live,0
9190,2020-03-02T18:10:00Z,BR,live,0
9191,2020-02-29T19:47:00Z,BR,cases,0
9192,2020-02-28T18:35:00Z,BR,cases,0
9193,2020-02-27T19:10:00Z,BR,live,0
9194,2020-02-26T18:28:00Z,BR,cases,0
9195,2020-02-26T13:27:00Z,BR,live,0
9196,2020-02-25T23:40:00Z,BR,cases,0
9197,2020-02-24T20:53:00Z,BR,cases,1
9198,2020-02-24T19:39:00Z,BR,live,0
9199,2020-02-21T16:19:00Z,BR,live,0
9200,2020-02-20T18:36:00Z,BR,cases,0
9201,2020-02-19T18:11:00Z,BR,live,0
9202,2020-02-18T21:34:00Z,BR,cases,0
9203,2020-02-18T18:44:00Z,BR,cases,0
9204,2020-02-17T18:14:00Z,BR,cases,0
9205,2020-02-14T18:18:00Z,BR,cases,0
9206,2020-02-13T18:06:00Z,BR,live,0
9207,2020-02-12T19:09:00Z,BR,cases,0
9208,2020-02-11T18:13:00Z,BR,cases,0
9209,2020-02-10T18:49:00Z,BR,cases,0
9210,2020-02-07T17:17:00Z,BR,president speech,0
9211,2020-02-07T15:19:00Z,BR,other,0
9212,2020-02-06T12:24:00Z,BR,cases,0
9213,2020-02-06T11:23:00Z,BR,live,0
9214,2020-02-05T17:04:00Z,BR,live,0
9215,2020-02-04T18:33:00Z,BR,cases,0
9216,2020-02-03T19:36:00Z,BR,cases,0
9217,2020-02-01T18:32:00Z,BR,cases,0
9218,2020-01-31T18:48:00Z,BR,cases,0
9219,2020-01-30T18:20:00Z,BR,other,0
9220,2020-01-29T18:52:00Z,BR,cases,0
9221,2020-01-28T12:38:00Z,BR,other,0
9222,2020-01-23T13:13:00Z,BR,live,0
9223,2020-01-21T05:56:00Z,AU,other,0
9224,2020-01-22T00:15:00Z,AU,other,0
9225,2020-01-25T06:02:00Z,AU,other,1
9226,2020-01-29T08:54:00Z,AU,other,0
9227,2020-01-30T00:37:00Z,AU,other,0
9228,2020-01-30T23:35:00Z,AU,other,0
9229,2020-01-31T03:03:00Z,AU,other,0
9230,2020-01-31T23:37:00Z,AU,other,0
9231,2020-02-01T00:09:00Z,AU,other,0
9232,2020-02-01T01:07:00Z,AU,other,0
9233,2020-02-01T08:02:00Z,AU,other,0
9234,2020-02-01T08:21:00Z,AU,other,0
9235,2020-02-01T22:00:00Z,AU,other,0
9236,2020-02-03T01:44:00Z,AU,other,0
9237,2020-02-04T00:05:00Z,AU,other,0
9238,2020-02-04T22:38:00Z,AU,other,0
9239,2020-02-05T22:21:00Z,AU,other,0
9240,2020-02-06T21:15:00Z,AU,other,0
9241,2020-02-10T00:05:00Z,AU,other,0
9242,2020-02-11T01:26:00Z,AU,other,0
9243,2020-02-12T02:39:00Z,AU,other,0
9244,2020-02-13T01:03:00Z,AU,other,0
9245,2020-02-13T23:49:00Z,AU,other,0
9246,2020-02-16T23:56:00Z,AU,cases,0
9247,2020-02-18T01:02:00Z,AU,cases,0
9248,2020-02-19T01:47:00Z,AU,cases,0
9249,2020-02-20T03:32:00Z,AU,cases,0
9250,2020-02-21T01:33:00Z,AU,other,0
9251,2020-02-21T03:39:00Z,AU,cases,0
9252,2020-02-21T23:03:00Z,AU,other,0
9253,2020-02-22T22:24:00Z,AU,other,0
9254,2020-02-23T00:52:00Z,AU,other,0
9255,2020-02-24T01:58:00Z,AU,other,0
9256,2020-02-25T01:10:00Z,AU,other,0
9257,2020-02-26T00:00:00Z,AU,other,0
9258,2020-02-26T23:46:00Z,AU,other,0
9259,2020-02-27T11:16:00Z,AU,other,0
9260,2020-02-28T00:31:00Z,AU,other,0
9261,2020-02-29T00:16:00Z,AU,other,0
9262,2020-02-29T08:22:00Z,AU,other,0
9263,2020-03-01T03:24:00Z,AU,other,0
9264,2020-03-02T00:40:00Z,AU,other,0
9265,2020-03-02T20:11:00Z,AU,other,0
9266,2020-03-02T23:27:00Z,AU,other,0
9267,2020-03-03T02:12:00Z,AU,other,0
9268,2020-03-04T05:57:00Z,AU,other,0
9269,2020-03-05T02:24:00Z,AU,other,0
9270,2020-03-05T03:02:00Z,AU,other,0
9271,2020-03-05T06:57:00Z,AU,cases,1
9272,2020-03-05T07:57:00Z,AU,other,1
9273,2020-03-06T02:13:00Z,AU,other,0
9274,2020-03-06T07:38:00Z,AU,other,1
9275,2020-03-07T00:44:00Z,AU,other,0
9276,2020-03-08T01:34:00Z,AU,other,0
9277,2020-03-09T02:46:00Z,AU,other,0
9278,2020-03-10T03:35:00Z,AU,other,0
9279,2020-03-11T01:46:00Z,AU,other,0
9280,2020-03-12T03:32:00Z,AU,other,0
9281,2020-03-13T03:17:00Z,AU,other,0
9282,2020-03-13T23:30:00Z,AU,other,0
9283,2020-03-14T02:28:00Z,AU,other,0
9284,2020-03-15T03:22:00Z,AU,other,0
9285,2020-03-16T03:55:00Z,AU,other,0
9286,2020-03-17T02:14:00Z,AU,other,0
9287,2020-03-18T02:30:00Z,AU,president speech,0
9288,2020-03-18T02:55:00Z,AU,other,0
9289,2020-03-19T01:15:00Z,AU,other,0
9290,2020-03-19T08:14:00Z,AU,president speech,0
9291,2020-03-22T01:49:00Z,AU,other,0
9292,2020-03-23T00:06:00Z,AU,other,0
9293,2020-03-25T03:47:00Z,AU,cases,0
9294,2020-03-26T07:45:00Z,AU,cases,1
9295,2020-03-27T00:00:00Z,AU,cases,0
9296,2020-03-28T00:35:00Z,AU,other,0
9297,2020-03-29T00:52:00Z,AU,other,0
9298,2020-03-30T00:06:00Z,AU,other,0
9299,2020-03-31T00:15:00Z,AU,other,0
9300,2020-04-01T00:00:00Z,AU,other,0
9301,2020-04-02T01:29:00Z,AU,other,0
9302,2020-04-02T22:56:00Z,AU,other,0
9303,2020-04-03T23:24:00Z,AU,other,0
9304,2020-04-05T01:40:00Z,AU,other,0
9305,2020-04-05T22:21:00Z,AU,other,0
9306,2020-04-07T01:06:00Z,AU,other,0
9307,2020-04-07T03:31:00Z,AU,president speech,0
9308,2020-04-08T01:39:00Z,AU,other,0
9309,2020-04-09T00:11:00Z,AU,other,0
9310,2020-04-10T01:00:00Z,AU,other,0
9311,2020-04-10T23:58:00Z,AU,cases,0
9312,2020-04-12T02:30:00Z,AU,cases,0
9313,2020-04-13T01:09:00Z,AU,cases,0
9314,2020-04-14T01:37:00Z,AU,cases,0
9315,2020-04-15T02:42:00Z,AU,cases,0
9316,2020-04-16T03:40:00Z,AU,other,0
9317,2020-04-16T04:44:00Z,AU,president speech,0
9318,2020-04-17T06:31:00Z,AU,other,0
9319,2020-04-18T00:57:00Z,AU,other,0
9320,2020-04-19T00:51:00Z,AU,cases,0
9321,2020-04-20T00:30:00Z,AU,other,0
9322,2020-04-21T00:30:00Z,AU,cases,0
9323,2020-04-21T03:25:00Z,AU,president speech,0
9324,2020-04-22T00:30:00Z,AU,cases,0
9325,2020-04-23T00:31:00Z,AU,cases,0
9326,2020-04-23T01:48:00Z,AU,president speech,0
9327,2020-04-24T02:20:00Z,AU,cases,0
9328,2020-04-24T03:08:00Z,AU,president speech,0
9329,2020-04-25T01:31:00Z,AU,cases,0
9330,2020-04-25T10:10:00Z,AU,other,0
9331,2020-04-26T00:44:00Z,AU,cases,0
9332,2020-04-27T00:27:00Z,AU,other,0
9333,2020-04-28T01:00:00Z,AU,other,0
9334,2020-04-28T23:53:00Z,AU,cases,0
9335,2020-04-29T01:16:00Z,AU,live,0
9336,2020-04-30T00:35:00Z,AU,cases,0
9337,2020-05-01T00:03:00Z,AU,cases,0
9338,2020-05-01T04:04:00Z,AU,president speech,0
9339,2020-05-02T09:01:03Z,AU,cases,0
9340,2020-05-03T10:37:01Z,AU,cases,0
9341,2020-05-04T11:01:01Z,AU,cases,0
9342,2020-05-05T11:13:27Z,AU,cases,0
9343,2020-05-06T10:19:01Z,AU,cases,0
9344,2020-05-07T09:54:27Z,AU,cases,0
9345,2020-05-10T11:13:40Z,AU,cases,0
9346,2020-05-11T10:11:39Z,AU,cases,0
9347,2020-05-13T10:41:01Z,AU,cases,0
9348,2020-05-14T10:50:01Z,AU,cases,0
9349,2020-05-15T11:01:02Z,AU,cases,0
9350,2020-05-16T10:19:50Z,AU,cases,0
9351,2020-05-17T10:00:05Z,AU,cases,0
9352,2020-05-18T11:30:04Z,AU,cases,0
9353,2020-05-20T10:30:04Z,AU,cases,0
9354,2020-07-12T23:33:57Z,AU,other,0
9355,2020-07-14T04:29:58Z,AU,other,0
9356,2020-07-14T11:11:01Z,AU,cases,0
9357,2020-07-15T11:16:25Z,AU,cases,0
9358,2020-07-16T11:11:25Z,AU,cases,0
9359,2020-07-20T11:02:02Z,AU,cases,0
9360,2020-07-21T11:13:04Z,AU,cases,0
9361,2020-07-22T11:55:41Z,AU,cases,0
9362,2020-07-23T12:23:40Z,AU,cases,0
9363,2020-07-27T11:24:07Z,AU,cases,0
9364,2020-07-28T11:10:02Z,AU,cases,0
9365,2020-07-29T10:57:01Z,AU,cases,0
9366,2020-08-02T11:15:02Z,AU,cases,0
9367,2020-08-04T11:21:28Z,AU,cases,0
9368,2020-08-05T11:09:42Z,AU,cases,0
9369,2020-08-06T11:58:48Z,AU,cases,0
9370,2020-08-09T11:19:37Z,AU,cases,0
9371,2020-08-10T11:29:55Z,AU,cases,0
9372,2020-08-11T12:07:01Z,AU,cases,0
9373,2020-08-12T11:15:02Z,AU,cases,0
9374,2020-08-13T11:16:20Z,AU,cases,0
9375,2020-08-14T11:22:01Z,AU,cases,0
9376,2020-08-17T11:08:20Z,AU,cases,0
9377,2020-08-19T10:51:58Z,AU,cases,0
9378,2020-08-20T01:02:48Z,AU,other,0
9379,2020-08-20T12:05:09Z,AU,cases,0
9380,2020-08-21T11:59:07Z,AU,cases,0
9381,2020-08-24T11:15:02Z,AU,cases,0
9382,2020-08-25T11:40:03Z,AU,cases,0
9383,2020-08-26T11:10:11Z,AU,cases,0
9384,2020-08-27T10:54:45Z,AU,cases,0
9385,2020-08-31T01:04:01Z,AU,other,0
9386,2020-08-31T10:48:01Z,AU,cases,0
9387,2020-09-01T10:53:43Z,AU,cases,0
9388,2020-09-02T10:42:17Z,AU,cases,0
9389,2020-09-03T01:55:56Z,AU,other,0
9390,2020-09-03T10:44:59Z,AU,cases,0
9391,2020-09-04T10:58:38Z,AU,cases,0
9392,2020-09-07T11:02:01Z,AU,cases,0
9393,2020-09-09T11:03:38Z,AU,cases,0
9394,2020-09-09T21:41:47Z,AU,other,0
9395,2020-09-10T11:35:26Z,AU,cases,0
9396,2020-09-10T23:20:41Z,AU,other,0
9397,2020-09-11T10:40:01Z,AU,cases,0
9398,2020-09-14T01:15:02Z,AU,other,0
9399,2020-09-14T10:48:01Z,AU,cases,0
9400,2020-09-15T10:50:02Z,AU,cases,0
9401,2020-09-17T12:36:01Z,AU,cases,0
9402,2020-09-18T11:40:01Z,AU,cases,0
9403,2020-09-21T08:33:01Z,AU,other,1
9404,2020-09-21T11:16:01Z,AU,cases,0
9405,2020-09-22T11:23:01Z,AU,cases,0
9406,2020-09-23T08:06:02Z,AU,other,1
9407,2020-09-23T10:52:01Z,AU,cases,0
9408,2020-09-24T08:27:01Z,AU,other,1
9409,2020-09-24T11:00:25Z,AU,cases,0
9410,2020-09-25T11:13:02Z,AU,cases,0
9411,2020-09-26T04:30:46Z,AU,other,0
9412,2020-09-28T10:25:41Z,AU,cases,0
9413,2020-09-29T11:10:02Z,AU,cases,0
9414,2020-09-30T11:11:01Z,AU,cases,0
9415,2020-10-01T11:19:20Z,AU,cases,0
9416,2020-10-02T11:45:53Z,AU,cases,0
9417,2020-10-04T10:46:16Z,AU,cases,0
9418,2020-10-06T09:06:34Z,AU,other,0
9419,2020-10-06T10:36:05Z,AU,cases,0
9420,2020-10-07T09:51:32Z,AU,cases,0
9421,2020-10-08T07:40:01Z,AU,other,1
9422,2020-10-08T10:01:51Z,AU,cases,0
9423,2020-10-09T10:57:40Z,AU,cases,0
9424,2020-10-10T10:03:34Z,AU,cases,0
9425,2020-10-12T10:10:50Z,AU,cases,0
9426,2020-10-13T10:00:18Z,AU,cases,0
9427,2020-10-14T10:08:07Z,AU,cases,0
9428,2020-10-15T10:06:15Z,AU,cases,0
9429,2020-10-16T10:39:10Z,AU,cases,0
9430,2020-10-19T09:30:13Z,AU,cases,0
9431,2020-10-20T09:57:26Z,AU,cases,0
9432,2020-10-21T10:12:55Z,AU,cases,0
9433,2020-10-22T10:31:47Z,AU,cases,0
9434,2020-10-23T10:16:01Z,AU,cases,0
9435,2020-10-26T10:08:01Z,AU,cases,0
9436,2020-10-28T10:30:09Z,AU,cases,0
9437,2020-10-29T10:18:17Z,AU,cases,0
9438,2020-10-30T10:19:43Z,AU,cases,0
9439,2020-11-02T09:51:54Z,AU,cases,0
9440,2020-11-03T09:56:39Z,AU,cases,0
9441,2020-11-04T10:00:21Z,AU,cases,0
9442,2020-11-05T03:01:07Z,AU,other,0
9443,2020-11-05T11:02:01Z,AU,cases,0
9444,2020-11-06T10:10:56Z,AU,cases,0
9445,2020-11-09T10:00:15Z,AU,cases,0
9446,2020-11-10T10:00:12Z,AU,cases,0
9447,2020-11-11T10:06:53Z,AU,cases,0
9448,2020-11-12T10:00:18Z,AU,cases,0
9449,2020-11-13T10:01:07Z,AU,cases,0
9450,2020-11-16T08:59:53Z,AU,cases,0
9451,2020-11-17T10:00:22Z,AU,cases,0
9452,2020-11-18T06:30:11Z,AU,cases,1
9453,2020-11-19T06:49:08Z,AU,cases,1
9454,2020-11-20T07:30:15Z,AU,cases,1
9455,2020-11-23T06:30:27Z,AU,cases,1
9456,2020-11-25T06:31:00Z,AU,cases,1
9457,2020-11-26T06:30:00Z,AU,cases,1
9458,2020-11-27T07:40:00Z,AU,cases,1
9459,2020-11-30T06:30:00Z,AU,cases,1
9460,2020-12-01T06:30:00Z,AU,cases,1
9461,2020-12-02T06:30:00Z,AU,cases,1
9462,2020-12-03T06:30:00Z,AU,cases,1
9463,2020-12-04T06:30:00Z,AU,cases,1
9464,2020-12-07T06:30:00Z,AU,cases,1
9465,2020-12-07T06:30:00Z,AU,cases,1
9466,2020-12-08T07:00:00Z,AU,cases,1
9467,2020-12-09T06:30:00Z,AU,cases,1
9468,2020-12-10T06:40:00Z,AU,cases,1
9469,2020-12-11T06:30:00Z,AU,cases,1
9470,2020-12-14T06:00:00Z,AU,cases,0
9471,2020-12-15T06:30:00Z,AU,cases,1
9472,2020-12-16T06:28:00Z,AU,cases,1
9473,2020-12-17T07:30:00Z,AU,cases,1
9474,2020-12-18T07:19:00Z,AU,cases,1
9475,2020-12-21T08:00:00Z,AU,cases,1
9476,2020-12-22T06:30:00Z,AU,cases,1
9477,2020-12-23T07:03:00Z,AU,cases,1
9478,2021-01-04T06:32:00Z,AU,cases,1
9479,2021-01-05T06:30:00Z,AU,cases,1
9480,2021-01-06T06:00:00Z,AU,cases,0
9481,2021-01-07T05:30:00Z,AU,cases,0
9482,2021-01-08T06:30:00Z,AU,cases,1
9483,2021-01-11T06:30:00Z,AU,cases,1
9484,2021-01-12T06:30:00Z,AU,cases,1
9485,2021-01-13T06:25:00Z,AU,cases,1
9486,2021-01-14T06:00:00Z,AU,cases,0
9487,2021-01-18T06:00:00Z,AU,cases,0
9488,2021-01-19T07:00:00Z,AU,cases,1
9489,2021-01-20T06:48:00Z,AU,cases,1
9490,2021-01-21T06:08:00Z,AU,cases,1
9491,2021-01-22T07:02:00Z,AU,cases,1
9492,2021-01-25T07:30:00Z,AU,cases,1
9493,2021-01-27T07:30:00Z,AU,cases,1
9494,2021-01-28T04:00:00Z,AU,cases,0
9495,2021-01-28T07:00:00Z,AU,cases,1
9496,2021-01-29T06:45:00Z,AU,cases,1
9497,2021-02-01T06:08:00Z,AU,cases,1
9498,2021-02-02T06:00:00Z,AU,cases,0
9499,2021-02-03T06:59:00Z,AU,cases,1
9500,2021-02-04T06:30:00Z,AU,cases,1
9501,2021-02-05T06:30:00Z,AU,cases,1
9502,2021-02-10T05:59:00Z,AU,cases,0
9503,2021-02-11T07:00:00Z,AU,cases,1
9504,2021-02-12T07:46:00Z,AU,cases,1
9505,2021-02-15T06:30:00Z,AU,cases,1
9506,2021-02-16T07:30:00Z,AU,cases,1
9507,2021-02-17T00:00:00Z,AU,other,0
9508,2021-02-17T06:34:00Z,AU,cases,1
9509,2021-02-18T03:30:00Z,AU,other,0
9510,2021-02-18T06:22:00Z,AU,cases,1
9511,2021-02-19T04:55:00Z,AU,cases,0
9512,2021-02-22T00:02:00Z,AU,other,0
9513,2021-02-22T07:18:00Z,AU,cases,1
9514,2021-02-24T06:29:00Z,AU,cases,1
9515,2021-02-25T06:09:00Z,AU,cases,1
9516,2021-02-26T06:30:00Z,AU,cases,1
9517,2021-03-01T06:30:00Z,AU,cases,1
9518,2021-03-02T04:06:00Z,AU,live,0
9519,2021-03-02T06:30:00Z,AU,cases,1
9520,2021-03-03T06:30:00Z,AU,cases,1
9521,2021-03-04T06:30:00Z,AU,cases,1
9522,2021-03-05T01:35:00Z,AU,live,0
9523,2021-03-05T07:00:00Z,AU,cases,1
9524,2021-03-09T06:32:00Z,AU,cases,1
9525,2021-03-11T06:30:00Z,AU,cases,1
9526,2021-03-12T06:30:00Z,AU,cases,1
9527,2021-03-13T12:54:00Z,AU,cases,0
9528,2021-03-15T07:41:00Z,AU,cases,1
9529,2021-03-16T04:33:00Z,AU,live,0
9530,2021-03-16T07:45:00Z,AU,cases,1
9531,2021-03-17T06:30:00Z,AU,cases,1
9532,2021-03-19T06:30:00Z,AU,cases,1
9533,2021-03-21T02:35:00Z,AU,other,0
9534,2021-03-22T06:48:00Z,AU,cases,1
9535,2021-03-23T06:30:00Z,AU,cases,1
9536,2021-03-24T06:58:00Z,AU,cases,1
9537,2021-03-25T00:00:00Z,AU,other,0
9538,2021-03-29T01:39:00Z,AU,other,0
9539,2021-03-29T06:30:00Z,AU,cases,1
9540,2021-03-29T22:47:00Z,AU,other,0
9541,2021-03-30T06:30:00Z,AU,cases,1
9542,2021-03-31T06:30:00Z,AU,cases,1
9543,2021-04-01T06:30:00Z,AU,cases,1
9544,2021-04-05T05:30:00Z,AU,live,0
9545,2021-04-06T07:30:00Z,AU,cases,1
9546,2021-04-07T07:30:00Z,AU,cases,1
9547,2021-04-08T08:42:00Z,AU,cases,1
9548,2021-04-09T07:23:00Z,AU,cases,1
9549,2021-04-10T02:50:00Z,AU,other,0
9550,2021-04-14T07:30:00Z,AU,cases,1
9551,2021-04-15T06:10:00Z,AU,cases,0
9552,2021-04-15T07:30:00Z,AU,cases,1
9553,2021-04-15T08:00:00Z,AU,cases,1
9554,2021-04-16T04:30:00Z,AU,cases,0
9555,2021-04-16T07:30:00Z,AU,cases,1
9556,2021-04-17T05:20:00Z,AU,cases,0
9557,2021-04-19T07:47:00Z,AU,cases,1
9558,2021-04-19T08:30:00Z,AU,cases,1
9559,2021-04-20T05:26:00Z,AU,cases,0
9560,2021-04-20T08:46:00Z,AU,cases,1
9561,2021-04-24T04:50:00Z,AU,cases,0
9562,2021-04-25T04:00:00Z,AU,cases,0
9563,2021-04-25T23:00:00Z,AU,other,0
9564,2021-04-27T05:42:00Z,AU,cases,0
9565,2021-04-27T08:03:00Z,AU,cases,1
9566,2021-04-28T04:08:00Z,AU,cases,0
9567,2021-04-28T07:30:00Z,AU,cases,1
9568,2021-04-29T04:45:00Z,AU,cases,0
9569,2021-04-29T10:01:00Z,AU,cases,0
9570,2021-04-30T04:30:00Z,AU,cases,0
9571,2021-04-30T06:40:00Z,AU,cases,0
9572,2021-05-03T04:57:00Z,AU,cases,0
9573,2021-05-03T08:00:00Z,AU,cases,1
9574,2021-05-04T04:53:00Z,AU,cases,0
9575,2021-05-04T08:15:00Z,AU,cases,1
9576,2021-05-05T05:25:00Z,AU,cases,0
9577,2021-05-06T03:33:00Z,AU,live,0
9578,2021-05-06T04:00:00Z,AU,cases,0
9579,2021-05-06T08:01:00Z,AU,cases,1
9580,2021-05-07T04:25:00Z,AU,cases,0
9581,2021-05-07T07:30:00Z,AU,cases,1
9582,2021-05-08T04:30:00Z,AU,cases,0
9583,2021-05-09T04:30:00Z,AU,cases,0
9584,2021-05-09T04:30:00Z,AU,cases,0
9585,2021-05-10T03:29:00Z,AU,live,0
9586,2021-05-10T05:00:00Z,AU,cases,0
9587,2021-05-10T07:45:00Z,AU,cases,1
9588,2021-05-11T04:44:00Z,AU,cases,0
9589,2021-05-11T07:30:00Z,AU,cases,1
9590,2021-05-12T04:45:00Z,AU,cases,0
9591,2021-05-13T04:15:00Z,AU,cases,0
9592,2021-05-13T09:30:00Z,AU,cases,0
9593,2021-05-14T04:51:00Z,AU,cases,0
9594,2021-05-14T07:30:00Z,AU,cases,1
9595,2021-05-15T07:02:00Z,AU,cases,1
9596,2021-05-24T03:30:00Z,AU,other,0
9597,2021-05-24T04:30:00Z,AU,cases,0
9598,2021-05-24T07:45:00Z,AU,cases,1
9599,2021-05-25T06:05:00Z,AU,cases,0
9600,2021-05-25T07:30:00Z,AU,cases,1
9601,2021-05-26T04:42:00Z,AU,cases,0
9602,2021-05-26T07:30:00Z,AU,cases,1
9603,2021-05-27T04:50:00Z,AU,cases,0
9604,2021-05-27T05:29:00Z,AU,live,0
9605,2021-05-27T09:00:00Z,AU,cases,1
9606,2021-05-28T05:45:00Z,AU,cases,0
9607,2021-05-28T07:30:00Z,AU,cases,1
9608,2021-05-29T04:47:00Z,AU,cases,0
9609,2021-06-01T04:10:00Z,AU,cases,0
9610,2021-06-01T09:00:00Z,AU,cases,1
9611,2021-06-02T06:30:00Z,AU,cases,0
9612,2021-06-02T08:00:00Z,AU,cases,1
9613,2021-06-03T04:30:00Z,AU,cases,0
9614,2021-06-03T07:30:00Z,AU,cases,1
9615,2021-06-04T04:16:00Z,AU,cases,0
9616,2021-06-04T08:15:00Z,AU,cases,1
9617,2021-06-05T04:00:00Z,AU,cases,0
9618,2021-06-06T04:09:00Z,AU,live,0
9619,2021-06-06T05:00:00Z,AU,cases,0
9620,2021-06-07T04:05:00Z,AU,cases,0
9621,2021-06-07T05:16:00Z,AU,live,0
9622,2021-06-07T08:09:00Z,AU,cases,1
9623,2021-06-08T04:18:00Z,AU,cases,0
9624,2021-06-08T08:02:00Z,AU,cases,1
9625,2021-06-11T03:43:00Z,AU,cases,0
9626,2021-06-11T07:00:00Z,AU,cases,0
9627,2021-06-12T03:30:00Z,AU,cases,0
9628,2021-06-13T04:12:00Z,AU,cases,0
9629,2021-06-14T03:59:00Z,AU,live,0
9630,2021-06-14T05:07:00Z,AU,cases,0
9631,2021-06-15T04:05:00Z,AU,cases,0
9632,2021-06-15T07:05:00Z,AU,cases,1
9633,2021-06-16T04:45:00Z,AU,cases,0
9634,2021-06-16T07:30:00Z,AU,cases,1
9635,2021-06-17T03:14:00Z,AU,live,0
9636,2021-06-17T05:10:00Z,AU,cases,0
9637,2021-06-17T08:01:00Z,AU,cases,1
9638,2021-06-17T22:00:00Z,AU,other,0
9639,2021-06-23T04:00:00Z,AU,cases,0
9640,2021-06-23T06:16:00Z,AU,live,0
9641,2021-06-23T08:01:00Z,AU,cases,1
9642,2021-06-24T03:00:00Z,AU,cases,0
9643,2021-06-24T07:30:00Z,AU,cases,1
9644,2021-06-25T04:00:00Z,AU,cases,0
9645,2021-06-25T07:02:00Z,AU,cases,1
9646,2021-06-26T04:18:00Z,AU,cases,0
9647,2021-06-26T06:06:00Z,AU,live,0
9648,2021-06-27T03:34:00Z,AU,live,0
9649,2021-06-27T05:30:00Z,AU,cases,0
9650,2021-06-28T04:32:00Z,AU,live,0
9651,2021-06-28T05:30:00Z,AU,cases,0
9652,2021-06-28T07:30:00Z,AU,cases,1
9653,2021-06-29T03:37:00Z,AU,live,0
9654,2021-06-29T04:30:00Z,AU,cases,0
9655,2021-06-29T08:02:00Z,AU,cases,1
9656,2021-07-01T04:30:00Z,AU,cases,0
9657,2021-07-01T07:38:00Z,AU,cases,1
9658,2021-07-02T05:30:00Z,AU,cases,0
9659,2021-07-02T08:01:00Z,AU,cases,1
9660,2021-07-03T04:00:00Z,AU,cases,0
9661,2021-07-04T04:05:00Z,AU,cases,0
9662,2021-07-04T05:32:00Z,AU,live,0
9663,2021-07-05T05:30:00Z,AU,cases,0
9664,2021-07-05T08:01:00Z,AU,cases,1
9665,2021-07-06T03:30:00Z,AU,cases,0
9666,2021-07-06T04:05:00Z,AU,live,0
9667,2021-07-06T07:06:00Z,AU,cases,1
9668,2021-07-07T04:00:00Z,AU,cases,0
9669,2021-07-07T08:04:00Z,AU,cases,1
9670,2021-07-11T04:01:00Z,AU,live,0
9671,2021-07-11T04:56:00Z,AU,cases,0
9672,2021-07-12T05:30:00Z,AU,cases,0
9673,2021-07-12T09:00:00Z,AU,cases,1
9674,2021-07-13T04:00:00Z,AU,cases,0
9675,2021-07-13T08:04:00Z,AU,cases,1
9676,2021-07-14T04:00:00Z,AU,cases,0
9677,2021-07-14T08:00:00Z,AU,cases,1
9678,2021-07-15T03:30:00Z,AU,cases,0
9679,2021-07-15T09:00:00Z,AU,cases,1
9680,2021-07-16T03:11:00Z,AU,cases,0
9681,2021-07-16T08:30:00Z,AU,cases,1
9682,2021-07-17T03:30:00Z,AU,cases,0
9683,2021-07-19T04:00:00Z,AU,cases,0
9684,2021-07-19T08:30:00Z,AU,cases,1
9685,2021-07-20T04:30:00Z,AU,cases,0
9686,2021-07-20T08:30:00Z,AU,cases,1
9687,2021-07-21T04:30:00Z,AU,cases,0
9688,2021-07-21T08:00:00Z,AU,cases,1
9689,2021-07-22T03:02:00Z,AU,cases,0
9690,2021-07-22T08:02:00Z,AU,cases,1
9691,2021-07-23T07:30:00Z,AU,cases,1
9692,2021-07-23T08:30:00Z,AU,cases,1
9693,2021-07-24T04:34:00Z,AU,other,0
9694,2021-07-24T05:36:00Z,AU,cases,0
9695,2021-07-25T04:30:00Z,AU,cases,0
9696,2021-07-26T07:30:00Z,AU,cases,1
9697,2021-07-27T05:30:00Z,AU,cases,0
9698,2021-07-27T08:30:00Z,AU,cases,1
9699,2021-07-28T04:00:00Z,AU,cases,0
9700,2021-07-28T08:00:00Z,AU,cases,1
9701,2021-07-29T04:41:00Z,AU,cases,0
9702,2021-07-29T08:30:00Z,AU,cases,1
9703,2021-07-30T06:30:00Z,AU,cases,0
9704,2021-07-30T09:30:00Z,AU,cases,0
9705,2021-07-31T05:31:00Z,AU,other,0
9706,2021-07-31T06:30:00Z,AU,cases,0
9707,2021-08-01T04:30:00Z,AU,cases,0
9708,2021-08-01T05:41:00Z,AU,live,0
9709,2021-08-02T04:23:00Z,AU,live,0
9710,2021-08-02T05:40:00Z,AU,cases,0
9711,2021-08-02T08:02:00Z,AU,cases,1
9712,2021-08-03T04:30:00Z,AU,cases,0
9713,2021-08-03T09:15:00Z,AU,cases,0
9714,2021-08-04T03:03:00Z,AU,live,0
9715,2021-08-04T05:00:00Z,AU,cases,0
9716,2021-08-04T09:01:00Z,AU,cases,0
9717,2021-08-05T04:00:00Z,AU,cases,0
9718,2021-08-05T09:00:00Z,AU,cases,1
9719,2021-08-06T05:42:00Z,AU,cases,0
9720,2021-08-06T09:06:00Z,AU,cases,0
9721,2021-08-07T05:00:00Z,AU,cases,0
9722,2021-08-08T05:00:00Z,AU,cases,0
9723,2021-08-09T04:40:00Z,AU,cases,0
9724,2021-08-09T11:35:00Z,AU,cases,0
9725,2021-08-10T05:30:00Z,AU,cases,0
9726,2021-08-10T07:30:00Z,AU,cases,1
9727,2021-08-11T05:30:00Z,AU,cases,0
9728,2021-08-11T08:30:00Z,AU,cases,1
9729,2021-08-12T04:30:00Z,AU,cases,0
9730,2021-08-12T09:00:00Z,AU,cases,1
9731,2021-08-13T06:22:00Z,AU,other,0
9732,2021-08-13T06:30:00Z,AU,cases,0
9733,2021-08-14T03:30:00Z,AU,cases,0
9734,2021-08-15T05:50:00Z,AU,cases,0
9735,2021-08-17T03:05:00Z,AU,other,0
9736,2021-08-17T06:45:00Z,AU,cases,0
9737,2021-08-17T09:00:00Z,AU,cases,1
9738,2021-08-18T04:59:00Z,AU,cases,0
9739,2021-08-18T05:39:00Z,AU,other,0
9740,2021-08-18T08:30:00Z,AU,cases,1
9741,2021-08-19T05:00:00Z,AU,cases,0
9742,2021-08-19T07:30:00Z,AU,cases,1
9743,2021-08-20T04:00:00Z,AU,cases,0
9744,2021-08-20T08:00:00Z,AU,cases,1
9745,2021-08-21T03:50:00Z,AU,cases,0
9746,2021-08-21T04:31:00Z,AU,live,0
9747,2021-08-22T04:34:00Z,AU,live,0
9748,2021-08-22T07:00:00Z,AU,cases,0
9749,2021-08-23T04:00:00Z,AU,cases,0
9750,2021-08-23T09:30:00Z,AU,cases,0
9751,2021-08-24T03:05:00Z,AU,cases,0
9752,2021-08-24T09:01:00Z,AU,cases,0
9753,2021-08-25T05:00:00Z,AU,cases,0
9754,2021-08-25T10:00:00Z,AU,cases,0
9755,2021-08-26T04:33:00Z,AU,cases,0
9756,2021-08-26T08:30:00Z,AU,cases,1
9757,2021-08-27T05:00:00Z,AU,cases,0
9758,2021-08-27T11:47:00Z,AU,other,0
9759,2021-08-28T01:08:00Z,AU,other,0
9760,2021-08-28T03:32:00Z,AU,live,0
9761,2021-08-28T04:30:00Z,AU,cases,0
9762,2021-08-29T04:00:00Z,AU,cases,0
9763,2021-08-30T07:01:00Z,AU,cases,1
9764,2021-08-30T08:30:00Z,AU,cases,1
9765,2021-09-02T03:35:04Z,AU,other,0
9766,2021-09-02T08:30:04Z,AU,cases,1
9767,2021-09-03T09:00:07Z,AU,cases,1
9768,2021-09-06T09:00:36Z,AU,cases,1
9769,2021-09-07T08:30:04Z,AU,cases,1
9770,2021-09-08T09:00:32Z,AU,cases,1
9771,2021-09-09T08:25:34Z,AU,cases,1
9772,2021-09-10T09:00:26Z,AU,cases,1
9773,2021-09-12T10:30:04Z,AU,cases,0
9774,2021-09-13T07:30:04Z,AU,cases,1
9775,2021-09-14T08:01:00Z,AU,cases,1
9776,2021-09-15T07:01:02Z,AU,cases,1
9777,2021-09-16T08:00:28Z,AU,cases,1
9778,2021-09-17T09:00:32Z,AU,cases,1
9779,2021-09-20T08:00:08Z,AU,cases,1
9780,2021-09-21T07:30:06Z,AU,cases,1
9781,2021-09-22T08:00:47Z,AU,cases,1
9782,2021-09-23T09:01:16Z,AU,cases,0
9783,2021-09-24T08:00:07Z,AU,cases,1
9784,2021-09-27T08:15:04Z,AU,cases,1
9785,2021-09-28T08:30:04Z,AU,cases,1
9786,2021-09-29T09:00:18Z,AU,cases,1
9787,2021-09-30T08:00:36Z,AU,cases,1
9788,2021-10-01T10:00:10Z,AU,cases,0
9789,2021-10-04T09:30:03Z,AU,cases,0
9790,2021-10-05T06:30:04Z,AU,cases,1
9791,2021-10-07T08:30:03Z,AU,cases,0
9792,2021-10-08T09:05:58Z,AU,cases,0
9793,2021-10-09T08:00:04Z,AU,cases,1
9794,2021-10-11T10:55:03Z,AU,cases,0
9795,2021-10-12T07:30:03Z,AU,cases,1
9796,2021-10-13T10:00:37Z,AU,cases,0
9797,2021-10-14T07:00:39Z,AU,cases,1
9798,2021-10-15T08:00:43Z,AU,cases,1
9799,2021-10-18T06:30:52Z,AU,cases,1
9800,2021-10-19T07:00:44Z,AU,cases,1
9801,2021-10-20T08:09:44Z,AU,cases,0
9802,2021-10-21T08:08:09Z,AU,cases,0
9803,2021-10-22T11:03:04Z,AU,cases,0
9804,2021-10-23T08:00:20Z,AU,cases,1
9805,2021-10-24T08:00:35Z,AU,cases,1
9806,2021-10-25T06:30:50Z,AU,cases,1
9807,2021-10-26T07:00:46Z,AU,cases,1
9808,2021-10-27T08:00:51Z,AU,cases,1
9809,2021-10-28T08:00:15Z,AU,cases,1
9810,2021-10-29T07:30:30Z,AU,cases,1
9811,2021-10-30T06:00:04Z,AU,cases,0
9812,2021-11-01T08:00:30Z,AU,cases,1
9813,2021-11-02T07:00:43Z,AU,cases,1
9814,2021-11-03T07:01:04Z,AU,cases,1
9815,2021-11-04T07:00:06Z,AU,cases,1
9816,2021-11-05T07:30:04Z,AU,cases,1
9817,2021-11-08T07:30:04Z,AU,cases,1
9818,2021-11-09T07:30:04Z,AU,cases,1
9819,2021-11-10T08:46:34Z,AU,cases,0
9820,2021-11-11T08:30:05Z,AU,cases,0
9821,2021-11-12T07:30:04Z,AU,cases,1
9822,2021-11-15T08:30:03Z,AU,cases,0
9823,2021-11-16T07:30:04Z,AU,cases,1
9824,2021-11-17T07:30:04Z,AU,cases,1
9825,2021-11-18T07:30:03Z,AU,cases,1
9826,2021-11-19T07:30:04Z,AU,cases,1
9827,2021-11-21T07:00:44Z,AU,cases,1
9828,2021-11-22T07:30:04Z,AU,cases,1
9829,2021-11-22T23:30:04Z,AU,other,0
9830,2021-11-23T07:30:04Z,AU,cases,1
9831,2021-11-24T08:00:05Z,AU,cases,1
9832,2021-11-25T08:00:10Z,AU,cases,1
9833,2021-11-26T07:00:36Z,AU,cases,1
9834,2021-11-29T06:30:04Z,AU,cases,1
9835,2021-11-30T08:30:03Z,AU,cases,0
9836,2021-12-01T08:00:21Z,AU,cases,1
9837,2021-12-02T08:00:24Z,AU,cases,1
9838,2021-12-03T06:00:05Z,AU,cases,0
9839,2021-12-06T07:30:04Z,AU,cases,1
9840,2021-12-07T08:30:04Z,AU,cases,0
9841,2021-12-08T09:00:42Z,AU,cases,0
9842,2021-12-09T08:30:04Z,AU,cases,0
9843,2021-12-10T07:01:38Z,AU,cases,1
9844,2021-12-13T08:00:35Z,AU,cases,1
9845,2021-12-14T09:00:13Z,AU,cases,0
9846,2021-12-15T07:00:24Z,AU,cases,1
9847,2021-12-16T08:01:04Z,AU,cases,0
9848,2021-12-17T07:00:52Z,AU,cases,1
9849,2021-12-18T08:00:20Z,AU,cases,1
9850,2021-12-19T07:00:04Z,AU,cases,1
9851,2021-12-20T08:30:04Z,AU,cases,0
9852,2021-12-21T07:00:22Z,AU,cases,1
9853,2021-12-22T07:00:38Z,AU,cases,1
9854,2021-12-23T07:00:15Z,AU,cases,1
9855,2021-12-24T06:02:55Z,AU,cases,1
9856,2021-12-27T07:00:53Z,AU,cases,1
9857,2021-12-28T08:30:04Z,AU,cases,0
9858,2021-12-29T08:00:30Z,AU,cases,1
9859,2021-12-30T11:49:59Z,AU,cases,0
9860,2021-12-31T08:00:18Z,AU,cases,1
9861,2022-01-01T07:00:32Z,AU,cases,1
9862,2022-01-02T07:00:04Z,AU,cases,1
9863,2022-01-03T08:12:31Z,AU,cases,0
9864,2022-01-04T07:30:03Z,AU,cases,1
9865,2022-01-05T08:00:08Z,AU,cases,1
9866,2022-01-06T08:00:09Z,AU,cases,1
9867,2022-01-07T09:00:04Z,AU,cases,0
9868,2022-01-10T09:00:30Z,AU,cases,0
9869,2022-01-11T10:30:04Z,AU,cases,0
9870,2022-01-12T08:00:26Z,AU,cases,1
9871,2022-01-13T09:00:19Z,AU,cases,0
9872,2022-01-14T09:00:05Z,AU,cases,0
9873,2022-01-15T06:00:14Z,AU,cases,0
9874,2022-01-17T09:30:32Z,AU,cases,0
9875,2022-01-18T09:45:03Z,AU,cases,0
9876,2022-01-19T08:30:04Z,AU,cases,0
9877,2022-01-20T09:30:04Z,AU,cases,0
9878,2022-01-24T08:00:05Z,AU,cases,1
9879,2022-01-25T09:00:21Z,AU,cases,0
9880,2022-01-27T09:00:20Z,AU,cases,0
9881,2022-02-01T09:00:28Z,AU,cases,0
9882,2022-02-02T09:00:12Z,AU,cases,0
9883,2022-02-03T07:30:04Z,AU,cases,1
9884,2022-02-04T09:01:31Z,AU,cases,0
9885,2022-02-07T09:00:31Z,AU,cases,0
9886,2022-02-08T08:00:05Z,AU,cases,1
9887,2022-02-09T09:00:17Z,AU,cases,0
9888,2022-02-10T08:00:33Z,AU,cases,1
9889,2022-02-11T07:00:35Z,AU,cases,1
9890,2022-02-14T08:00:27Z,AU,cases,1
9891,2022-02-15T08:00:21Z,AU,cases,1
9892,2022-02-16T07:00:39Z,AU,cases,1
9893,2022-02-17T09:00:08Z,AU,cases,0
9894,2022-02-18T08:00:02Z,AU,cases,1
9895,2022-02-21T08:00:15Z,AU,cases,1
9896,2022-02-22T09:00:18Z,AU,cases,0
9897,2022-02-23T09:01:11Z,AU,cases,0
9898,2022-02-24T09:00:24Z,AU,cases,0
9899,2022-02-25T08:00:16Z,AU,cases,1
9900,2022-02-28T08:00:10Z,AU,cases,1
9901,2020-02-13T10:24:06Z,JA,cases,1
9902,2020-02-16T02:40:20Z,JA,cases,0
9903,2020-02-16T16:00:47Z,JA,cases,0
9904,2020-02-17T04:48:07Z,JA,cases,0
9905,2020-03-22T03:56:15Z,JA,cases,0
9906,2020-04-07T08:17:40Z,JA,cases,1
9907,2020-04-07T18:30:11Z,JA,cases,0
9908,2020-04-17T07:07:22Z,JA,cases,0
9909,2020-04-23T07:25:06Z,JA,cases,0
9910,2020-04-28T08:26:19Z,JA,cases,1
9911,2020-05-07T08:13:48Z,JA,cases,1
9912,2020-05-10T11:30:06Z,JA,cases,0
9913,2020-05-11T02:45:05Z,JA,cases,0
9914,2020-05-14T08:26:27Z,JA,cases,1
9915,2020-05-14T16:30:23Z,JA,cases,0
9916,2020-05-23T07:40:45Z,JA,cases,0
9917,2020-06-26T05:50:46Z,JA,cases,0
9918,2020-06-27T05:52:08Z,JA,cases,0
9919,2020-07-01T05:35:47Z,JA,cases,0
9920,2020-07-02T03:43:45Z,JA,cases,0
9921,2020-07-03T02:54:35Z,JA,cases,0
9922,2020-07-16T02:39:53Z,JA,cases,0
9923,2020-08-23T08:00:33Z,JA,cases,0
9924,2020-08-23T17:01:12Z,JA,cases,0
9925,2020-08-27T06:20:32Z,JA,cases,0
9926,2020-09-09T06:44:50Z,JA,cases,0
9927,2020-09-09T19:01:30Z,JA,cases,0
9928,2020-09-17T07:45:02Z,JA,cases,0
9929,2020-09-17T18:01:04Z,JA,cases,0
9930,2020-09-20T09:00:23Z,JA,cases,1
9931,2020-09-26T07:23:15Z,JA,cases,0
9932,2020-10-02T08:00:48Z,JA,cases,0
9933,2020-10-02T15:30:23Z,JA,cases,0
9934,2020-10-09T09:40:02Z,JA,cases,1
9935,2020-10-09T21:15:03Z,JA,cases,0
9936,2020-10-12T10:45:02Z,JA,cases,0
9937,2020-10-25T08:02:24Z,JA,cases,1
9938,2020-10-25T18:01:08Z,JA,cases,0
9939,2020-10-26T08:01:07Z,JA,cases,1
9940,2020-10-27T08:45:05Z,JA,cases,1
9941,2020-10-27T21:01:36Z,JA,cases,0
9942,2020-10-29T07:59:13Z,JA,cases,0
9943,2020-11-01T10:19:52Z,JA,cases,1
9944,2020-11-01T16:01:32Z,JA,cases,0
9945,2020-11-03T07:45:04Z,JA,cases,0
9946,2020-11-03T17:03:10Z,JA,cases,0
9947,2020-11-05T20:02:02Z,JA,cases,0
9948,2020-11-24T06:10:31Z,JA,cases,0
9949,2020-11-26T06:07:18Z,JA,cases,0
9950,2020-11-29T07:45:03Z,JA,cases,0
9951,2020-11-29T14:01:18Z,JA,cases,0
9952,2020-12-10T07:30:15Z,JA,cases,0
9953,2020-12-24T06:22:31Z,JA,cases,0
9954,2020-12-24T17:30:25Z,JA,cases,0
9955,2020-12-28T07:45:03Z,JA,cases,0
9956,2020-12-29T06:04:25Z,JA,cases,0
9957,2020-12-29T07:15:03Z,JA,cases,0
9958,2020-12-29T17:02:00Z,JA,cases,0
9959,2020-12-30T06:06:50Z,JA,cases,0
9960,2021-01-07T21:30:16Z,JA,cases,0
9961,2021-01-14T07:30:12Z,JA,cases,0
9962,2021-02-16T07:30:14Z,JA,cases,0
9963,2021-02-16T16:03:29Z,JA,cases,0
9964,2021-02-25T15:45:13Z,JA,cases,0
9965,2021-03-15T13:03:05Z,JA,cases,0
9966,2021-03-23T14:30:35Z,JA,cases,0
9967,2021-03-24T23:00:47Z,JA,cases,0
9968,2021-03-28T18:00:55Z,JA,cases,0
9969,2021-03-29T02:15:02Z,JA,cases,0
9970,2021-04-09T23:30:10Z,JA,cases,0
9971,2021-04-11T06:44:20Z,JA,cases,0
9972,2021-04-11T14:01:29Z,JA,cases,0
9973,2021-04-13T14:35:06Z,JA,cases,0
9974,2021-04-15T14:35:05Z,JA,cases,0
9975,2021-04-18T14:05:06Z,JA,cases,0
9976,2021-04-21T14:35:08Z,JA,cases,0
9977,2021-04-22T14:35:08Z,JA,cases,0
9978,2021-04-25T14:10:03Z,JA,cases,0
9979,2021-04-27T07:23:28Z,JA,cases,0
9980,2021-04-27T14:35:06Z,JA,cases,0
9981,2021-04-28T07:17:56Z,JA,cases,0
9982,2021-05-02T07:00:31Z,JA,cases,0
9983,2021-05-02T14:05:04Z,JA,cases,0
9984,2021-05-09T08:00:41Z,JA,cases,0
9985,2021-05-09T21:05:02Z,JA,cases,0
9986,2021-05-11T06:51:43Z,JA,cases,0
9987,2021-05-12T14:35:06Z,JA,cases,0
9988,2021-05-13T07:31:28Z,JA,cases,0
9989,2021-05-20T07:56:31Z,JA,cases,0
9990,2021-05-24T14:35:04Z,JA,cases,0
9991,2021-05-27T08:16:21Z,JA,cases,1
9992,2021-06-05T07:52:11Z,JA,cases,0
9993,2021-06-06T14:05:06Z,JA,cases,0
9994,2021-06-09T14:35:05Z,JA,cases,0
9995,2021-06-09T23:35:02Z,JA,cases,1
9996,2021-06-10T14:35:06Z,JA,cases,0
9997,2021-06-25T08:24:56Z,JA,cases,1
9998,2021-06-26T07:55:43Z,JA,cases,0
9999,2021-06-28T08:46:25Z,JA,cases,1
10000,2021-06-29T08:18:45Z,JA,cases,1
10001,2021-07-03T08:10:49Z,JA,cases,1
10002,2021-07-04T08:42:17Z,JA,cases,1
10003,2021-07-07T09:12:45Z,JA,cases,1
10004,2021-07-08T08:06:30Z,JA,cases,1
10005,2021-07-08T08:38:34Z,JA,cases,1
10006,2021-07-11T09:39:15Z,JA,cases,1
10007,2021-07-31T07:52:08Z,JA,cases,0
10008,2021-08-05T19:52:55Z,JA,cases,0
10009,2021-08-07T09:25:14Z,JA,cases,1
10010,2021-08-13T22:07:11Z,JA,cases,0
10011,2021-08-19T08:26:04Z,JA,cases,1
10012,2021-08-21T08:19:46Z,JA,cases,1
10013,2021-08-22T09:41:36Z,JA,cases,1
10014,2021-08-25T09:34:12Z,JA,cases,1
10015,2021-08-26T09:29:36Z,JA,cases,1
10016,2021-08-28T09:20:41Z,JA,cases,1
10017,2021-08-28T19:27:12Z,JA,cases,0
10018,2021-09-02T09:16:50Z,JA,cases,1
10019,2022-02-28T21:38:04Z,AR,cases,1
10020,2022-02-27T21:59:59Z,AR,cases,1
10021,2022-02-26T20:45:21Z,AR,cases,1
10022,2022-02-25T20:44:08Z,AR,cases,1
10023,2022-02-24T20:59:02Z,AR,cases,1
10024,2022-02-23T22:19:06Z,AR,cases,1
10025,2022-02-22T21:09:55Z,AR,cases,1
10026,2022-02-21T20:26:18Z,AR,cases,1
10027,2022-02-20T21:14:33Z,AR,cases,1
10028,2022-02-19T21:17:43Z,AR,cases,1
10029,2022-02-18T22:16:34Z,AR,cases,1
10030,2022-02-17T20:56:27Z,AR,cases,1
10031,2022-02-16T20:22:02Z,AR,cases,1
10032,2022-02-15T21:25:07Z,AR,cases,1
10033,2022-02-14T20:40:13Z,AR,cases,1
10034,2022-02-13T21:21:42Z,AR,cases,1
10035,2022-02-12T20:48:41Z,AR,cases,1
10036,2022-02-11T20:42:29Z,AR,cases,1
10037,2022-02-10T20:22:21Z,AR,cases,1
10038,2022-02-09T21:04:20Z,AR,cases,1
10039,2022-02-08T20:13:48Z,AR,cases,1
10040,2022-02-07T20:17:26Z,AR,cases,1
10041,2022-02-06T20:41:16Z,AR,cases,1
10042,2022-02-05T21:48:58Z,AR,cases,1
10043,2022-02-04T20:14:01Z,AR,cases,1
10044,2022-02-03T21:07:22Z,AR,cases,1
10045,2022-02-02T20:12:24Z,AR,cases,1
10046,2022-02-01T20:33:14Z,AR,cases,1
10047,2022-01-31T21:03:48Z,AR,cases,1
10048,2022-01-30T20:44:44Z,AR,cases,1
10049,2022-01-29T23:01:55Z,AR,cases,1
10050,2022-01-28T20:40:50Z,AR,cases,1
10051,2022-01-27T22:14:54Z,AR,cases,1
10052,2022-01-26T22:48:37Z,AR,cases,1
10053,2022-01-25T20:38:54Z,AR,cases,1
10054,2022-01-24T21:39:11Z,AR,cases,1
10055,2022-01-23T21:32:25Z,AR,cases,1
10056,2022-01-22T22:02:26Z,AR,cases,1
10057,2022-01-21T21:06:02Z,AR,cases,1
10058,2022-01-20T21:34:22Z,AR,cases,1
10059,2022-01-19T22:37:56Z,AR,cases,1
10060,2022-01-18T20:27:14Z,AR,cases,1
10061,2022-01-17T20:45:33Z,AR,cases,1
10062,2022-01-16T22:15:01Z,AR,cases,1
10063,2022-01-15T22:24:06Z,AR,cases,1
10064,2022-01-14T22:51:36Z,AR,cases,1
10065,2022-01-13T22:11:01Z,AR,cases,1
10066,2022-01-12T20:40:57Z,AR,cases,1
10067,2022-01-11T20:39:16Z,AR,cases,1
10068,2022-01-10T20:24:07Z,AR,cases,1
10069,2022-01-09T21:43:39Z,AR,cases,1
10070,2022-01-08T21:34:47Z,AR,cases,1
10071,2022-01-07T20:55:27Z,AR,cases,1
10072,2022-01-06T20:55:54Z,AR,cases,1
10073,2022-01-05T20:36:38Z,AR,cases,1
10074,2022-01-04T21:43:11Z,AR,cases,1
10075,2022-01-03T21:00:42Z,AR,cases,1
10076,2022-01-02T22:37:34Z,AR,cases,1
10077,2022-01-01T21:21:21Z,AR,cases,1
10078,2021-12-31T21:34:29Z,AR,cases,1
10079,2021-12-30T20:50:07Z,AR,cases,1
10080,2021-12-29T20:28:33Z,AR,cases,1
10081,2021-12-28T20:29:43Z,AR,cases,1
10082,2021-12-27T20:30:11Z,AR,cases,1
10083,2021-12-26T21:45:14Z,AR,cases,1
10084,2021-12-25T23:55:03Z,AR,cases,1
10085,2021-12-24T21:28:42Z,AR,cases,1
10086,2021-12-23T22:50:06Z,AR,cases,1
10087,2021-12-22T21:03:10Z,AR,cases,1
10088,2021-12-21T22:12:45Z,AR,cases,1
10089,2021-12-20T22:28:56Z,AR,cases,1
10090,2021-12-19T21:59:36Z,AR,cases,1
10091,2021-12-18T21:08:47Z,AR,cases,1
10092,2021-12-17T23:13:46Z,AR,cases,1
10093,2021-12-16T20:20:14Z,AR,cases,1
10094,2021-12-16T20:18:20Z,AR,cases,1
10095,2021-12-15T21:18:24Z,AR,cases,1
10096,2021-12-14T20:58:27Z,AR,cases,1
10097,2021-12-13T21:31:13Z,AR,cases,1
10098,2021-12-12T20:40:07Z,AR,cases,1
10099,2021-12-11T21:23:53Z,AR,cases,1
10100,2021-12-10T21:24:59Z,AR,cases,1
10101,2021-12-10T00:03:24Z,AR,cases,0
10102,2021-12-08T22:35:48Z,AR,cases,1
10103,2021-12-07T21:32:18Z,AR,cases,1
10104,2021-12-06T21:06:24Z,AR,cases,1
10105,2021-12-05T22:37:17Z,AR,cases,1
10106,2021-12-04T21:10:41Z,AR,cases,1
10107,2021-12-03T21:17:24Z,AR,cases,1
10108,2021-12-02T21:25:52Z,AR,cases,1
10109,2021-12-01T23:05:42Z,AR,cases,1
10110,2021-11-30T20:15:13Z,AR,cases,1
10111,2021-11-29T22:13:00Z,AR,cases,1
10112,2021-11-28T21:23:20Z,AR,cases,1
10113,2021-11-27T21:46:15Z,AR,cases,1
10114,2021-11-26T21:15:41Z,AR,cases,1
10115,2021-11-25T22:02:51Z,AR,cases,1
10116,2021-11-24T21:49:41Z,AR,cases,1
10117,2021-11-23T21:18:25Z,AR,cases,1
10118,2021-11-22T20:43:15Z,AR,cases,1
10119,2021-11-21T20:59:33Z,AR,cases,1
10120,2021-11-20T21:02:18Z,AR,cases,1
10121,2021-11-19T21:55:12Z,AR,cases,1
10122,2021-11-18T20:30:54Z,AR,cases,1
10123,2021-11-17T21:33:08Z,AR,cases,1
10124,2021-11-16T21:52:05Z,AR,cases,1
10125,2021-11-15T21:58:41Z,AR,cases,1
10126,2021-11-14T22:07:45Z,AR,cases,1
10127,2021-11-13T21:14:45Z,AR,cases,1
10128,2021-11-12T22:39:44Z,AR,cases,1
10129,2021-11-11T22:52:23Z,AR,cases,1
10130,2021-11-10T21:50:06Z,AR,cases,1
10131,2021-11-09T22:30:14Z,AR,cases,1
10132,2021-11-08T20:48:07Z,AR,cases,1
10133,2021-11-07T20:24:20Z,AR,cases,1
10134,2021-11-06T23:47:15Z,AR,cases,1
10135,2021-11-05T00:14:44Z,AR,cases,0
10136,2021-11-03T22:42:53Z,AR,cases,1
10137,2021-11-02T23:34:27Z,AR,cases,1
10138,2021-11-01T22:21:51Z,AR,cases,1
10139,2021-10-31T21:48:10Z,AR,cases,1
10140,2021-10-30T22:11:01Z,AR,cases,1
10141,2021-10-29T22:19:55Z,AR,cases,1
10142,2021-10-28T23:18:49Z,AR,cases,1
10143,2021-10-27T21:55:51Z,AR,cases,1
10144,2021-10-26T21:33:32Z,AR,cases,1
10145,2021-10-25T22:04:34Z,AR,cases,1
10146,2021-10-24T21:57:31Z,AR,cases,1
10147,2021-10-23T22:44:15Z,AR,cases,1
10148,2021-10-22T22:02:10Z,AR,cases,1
10149,2021-10-21T21:26:40Z,AR,cases,1
10150,2021-10-20T23:14:12Z,AR,cases,1
10151,2021-10-20T00:39:41Z,AR,cases,0
10152,2021-10-18T21:30:02Z,AR,cases,1
10153,2021-10-17T22:36:06Z,AR,cases,1
10154,2021-10-16T21:54:12Z,AR,cases,1
10155,2021-10-15T22:56:18Z,AR,cases,1
10156,2021-10-14T22:22:34Z,AR,cases,1
10157,2021-10-13T21:36:01Z,AR,cases,1
10158,2021-10-12T21:46:09Z,AR,cases,1
10159,2021-10-11T21:49:12Z,AR,cases,1
10160,2021-10-10T23:25:54Z,AR,cases,1
10161,2021-10-10T01:33:59Z,AR,cases,0
10162,2021-10-08T21:28:28Z,AR,cases,1
10163,2021-10-07T21:25:11Z,AR,cases,1
10164,2021-10-06T21:46:14Z,AR,cases,1
10165,2021-10-05T22:18:10Z,AR,cases,1
10166,2021-10-04T23:44:45Z,AR,cases,1
10167,2021-10-03T21:37:07Z,AR,cases,1
10168,2021-10-02T21:40:06Z,AR,cases,1
10169,2021-10-01T22:42:32Z,AR,cases,1
10170,2021-09-30T22:22:37Z,AR,cases,1
10171,2021-09-29T22:29:22Z,AR,cases,1
10172,2021-09-28T21:43:53Z,AR,cases,1
10173,2021-09-27T22:01:25Z,AR,cases,1
10174,2021-09-26T21:31:47Z,AR,cases,1
10175,2021-09-25T23:46:03Z,AR,cases,1
10176,2021-09-24T22:57:23Z,AR,cases,1
10177,2021-09-23T21:58:28Z,AR,cases,1
10178,2021-09-22T21:32:36Z,AR,cases,1
10179,2021-09-21T21:43:53Z,AR,cases,1
10180,2021-09-20T22:09:51Z,AR,cases,1
10181,2021-09-19T21:29:34Z,AR,cases,1
10182,2021-09-18T21:27:44Z,AR,cases,1
10183,2021-09-17T21:51:05Z,AR,cases,1
10184,2021-09-16T21:38:00Z,AR,cases,1
10185,2021-09-15T21:32:46Z,AR,cases,1
10186,2021-09-14T21:57:44Z,AR,cases,1
10187,2021-09-13T21:26:30Z,AR,cases,1
10188,2021-09-12T21:44:37Z,AR,cases,1
10189,2021-09-11T21:29:28Z,AR,cases,1
10190,2021-09-10T21:31:39Z,AR,cases,1
10191,2021-09-09T23:54:51Z,AR,cases,1
10192,2021-09-08T22:31:46Z,AR,cases,1
10193,2021-09-07T22:17:30Z,AR,cases,1
10194,2021-09-06T21:35:04Z,AR,cases,1
10195,2021-09-05T21:28:16Z,AR,cases,1
10196,2021-09-04T21:39:49Z,AR,cases,1
10197,2021-09-03T21:39:09Z,AR,cases,1
10198,2021-09-02T21:24:51Z,AR,cases,1
10199,2021-09-01T21:31:56Z,AR,cases,1
10200,2021-04-07T21:35:42Z,AR,live,1
10201,2021-04-06T11:47:42Z,AR,live,0
10202,2021-03-29T00:04:42Z,AR,live,0
10203,2021-03-19T19:17:42Z,AR,live,0
10204,2021-03-19T00:00:42Z,AR,live,1
10205,2021-02-23T13:04:37Z,AR,president speech,0
10206,2021-01-29T12:04:37Z,AR,live,1
10207,2021-01-27T12:04:59Z,AR,live,1
10208,2021-01-25T12:04:46Z,AR,live,1
10209,2021-01-22T12:06:14Z,AR,live,1
10210,2021-01-20T12:35:04Z,AR,live,1
10211,2021-01-18T12:36:28Z,AR,live,1
10212,2021-01-15T12:35:31Z,AR,live,1
10213,2021-01-13T12:35:31Z,AR,live,1
10214,2021-01-11T12:35:36Z,AR,live,1
10215,2021-01-08T15:22:40Z,AR,live,0
10216,2021-01-08T12:35:22Z,AR,live,1
10217,2021-01-06T12:34:48Z,AR,live,1
10218,2021-01-04T12:35:49Z,AR,live,1
10219,2020-12-28T12:04:43Z,AR,live,1
10220,2020-12-24T16:39:53Z,AR,live,0
10221,2020-12-24T14:18:53Z,AR,live,0
10222,2020-12-21T12:05:54Z,AR,live,1
10223,2020-12-21T12:04:57Z,AR,live,1
10224,2020-12-18T12:05:00Z,AR,live,1
10225,2020-12-18T12:04:00Z,AR,live,1
10226,2020-12-16T12:07:00Z,AR,live,1
10227,2020-12-16T12:05:00Z,AR,live,1
10228,2020-12-15T17:15:00Z,AR,live,0
10229,2020-12-15T17:04:00Z,AR,live,0
10230,2020-12-14T12:38:00Z,AR,live,1
10231,2020-12-14T12:36:00Z,AR,live,1
10232,2020-12-11T12:39:00Z,AR,live,1
10233,2020-12-11T12:38:00Z,AR,live,1
10234,2020-12-09T12:06:00Z,AR,live,1
10235,2020-12-09T12:05:00Z,AR,live,1
10236,2020-12-04T12:07:00Z,AR,live,1
10237,2020-12-04T12:05:00Z,AR,live,1
10238,2020-12-02T12:36:00Z,AR,live,1
10239,2020-12-02T12:35:00Z,AR,live,1
10240,2020-11-30T12:36:00Z,AR,live,1
10241,2020-11-30T12:35:00Z,AR,live,1
10242,2020-11-27T23:22:00Z,AR,president speech,1
10243,2020-11-25T12:37:00Z,AR,live,1
10244,2020-11-25T12:36:00Z,AR,live,1
10245,2020-11-18T12:05:00Z,AR,live,1
10246,2020-11-18T12:05:00Z,AR,live,1
10247,2020-11-16T12:06:00Z,AR,live,1
10248,2020-11-16T12:05:00Z,AR,live,1
10249,2020-11-11T12:13:00Z,AR,live,1
10250,2020-11-11T12:10:00Z,AR,live,1
10251,2020-11-09T12:12:00Z,AR,live,1
10252,2020-11-09T12:05:00Z,AR,live,1
10253,2020-11-06T12:35:00Z,AR,live,1
10254,2020-11-06T12:35:00Z,AR,live,1
10255,2020-11-04T12:05:00Z,AR,live,1
10256,2020-11-02T12:06:00Z,AR,live,1
10257,2020-11-02T12:06:00Z,AR,live,1
10258,2020-10-30T12:05:00Z,AR,live,1
10259,2020-10-28T12:35:00Z,AR,live,1
10260,2020-10-26T12:06:00Z,AR,live,1
10261,2020-10-23T12:05:00Z,AR,live,1
10262,2020-10-21T12:05:00Z,AR,live,1
10263,2020-10-19T12:05:00Z,AR,live,1
10264,2020-10-16T12:04:00Z,AR,live,1
10265,2020-10-14T12:49:00Z,AR,live,1
10266,2020-10-14T12:49:00Z,AR,live,1
10267,2020-10-09T22:23:00Z,AR,president speech,1
10268,2020-10-09T12:34:00Z,AR,live,1
10269,2020-10-07T12:35:00Z,AR,live,1
10270,2020-10-05T12:36:00Z,AR,live,1
10271,2020-10-02T12:08:00Z,AR,live,1
10272,2020-10-02T12:08:00Z,AR,live,1
10273,2020-09-30T12:05:00Z,AR,live,1
10274,2020-09-28T12:05:00Z,AR,live,1
10275,2020-09-25T12:04:00Z,AR,live,1
10276,2020-09-23T12:05:00Z,AR,live,1
10277,2020-09-21T12:05:00Z,AR,live,1
10278,2020-09-20T12:34:00Z,AR,live,1
10279,2020-09-16T23:19:00Z,AR,cases,1
10280,2020-09-16T12:38:00Z,AR,cases,1
10281,2020-09-16T12:04:00Z,AR,live,1
10282,2020-09-15T23:37:00Z,AR,cases,1
10283,2020-09-15T14:26:00Z,AR,live,0
10284,2020-09-15T12:36:00Z,AR,cases,1
10285,2020-09-15T12:35:00Z,AR,live,1
10286,2020-09-14T23:36:00Z,AR,cases,1
10287,2020-09-14T12:15:00Z,AR,cases,1
10288,2020-09-14T12:13:00Z,AR,live,1
10289,2020-09-13T23:23:00Z,AR,cases,1
10290,2020-09-13T12:42:00Z,AR,cases,1
10291,2020-09-13T12:38:00Z,AR,live,1
10292,2020-09-12T22:21:00Z,AR,cases,1
10293,2020-09-12T12:21:00Z,AR,cases,1
10294,2020-09-12T12:04:00Z,AR,live,1
10295,2020-09-11T22:39:00Z,AR,cases,1
10296,2020-09-11T12:19:00Z,AR,cases,1
10297,2020-09-11T12:05:00Z,AR,live,1
10298,2020-09-10T12:05:00Z,AR,live,1
10299,2020-09-09T12:05:00Z,AR,live,1
10300,2020-09-08T12:35:00Z,AR,live,1
10301,2020-09-06T12:05:00Z,AR,live,1
10302,2020-09-05T12:35:00Z,AR,live,1
10303,2020-09-04T12:36:00Z,AR,live,1
10304,2020-09-03T12:05:00Z,AR,live,1
10305,2020-09-02T12:35:00Z,AR,live,1
10306,2020-09-01T12:05:00Z,AR,live,1
10307,2020-08-31T12:07:00Z,AR,live,1
10308,2020-08-30T12:35:00Z,AR,live,1
10309,2020-08-29T12:06:00Z,AR,live,1
10310,2020-08-28T22:58:00Z,AR,live,1
10311,2020-08-28T12:04:00Z,AR,live,1
10312,2020-08-27T12:04:00Z,AR,live,1
10313,2020-08-26T12:05:00Z,AR,live,1
10314,2020-08-25T12:05:00Z,AR,live,1
10315,2020-08-24T12:05:00Z,AR,live,1
10316,2020-08-23T12:05:00Z,AR,live,1
10317,2020-08-22T13:05:00Z,AR,live,0
10318,2020-08-21T12:35:00Z,AR,live,1
10319,2020-08-20T12:05:00Z,AR,live,1
10320,2020-08-19T12:34:00Z,AR,live,1
10321,2020-08-18T12:05:00Z,AR,live,1
10322,2020-08-16T12:05:00Z,AR,live,1
10323,2020-08-15T12:05:00Z,AR,live,1
10324,2020-08-14T19:23:00Z,AR,live,0
10325,2020-08-14T12:35:00Z,AR,live,1
10326,2020-08-13T12:05:00Z,AR,live,1
10327,2020-08-12T23:39:00Z,AR,live,1
10328,2020-08-12T12:05:00Z,AR,live,1
10329,2020-08-11T12:05:00Z,AR,live,1
10330,2020-08-10T12:05:00Z,AR,live,1
10331,2020-08-09T12:35:00Z,AR,live,1
10332,2020-08-08T12:05:00Z,AR,live,1
10333,2020-08-07T12:05:00Z,AR,live,1
10334,2020-08-06T12:05:00Z,AR,live,1
10335,2020-08-05T12:05:00Z,AR,live,1
10336,2020-08-04T12:35:00Z,AR,live,1
10337,2020-08-03T12:05:00Z,AR,live,1
10338,2020-08-02T12:35:00Z,AR,live,1
10339,2020-08-01T12:34:00Z,AR,live,1
10340,2020-07-31T18:30:00Z,AR,live,0
10341,2020-07-31T12:35:00Z,AR,live,1
10342,2020-07-30T12:34:00Z,AR,live,1
10343,2020-07-29T12:05:00Z,AR,live,1
10344,2020-07-28T15:38:00Z,AR,president speech,0
10345,2020-07-28T12:35:00Z,AR,live,1
10346,2020-07-27T12:05:00Z,AR,live,1
10347,2020-07-26T12:07:00Z,AR,live,1
10348,2020-07-25T12:05:00Z,AR,live,1
10349,2020-07-24T12:39:00Z,AR,live,1
10350,2020-07-23T12:05:00Z,AR,live,1
10351,2020-07-22T12:05:00Z,AR,live,1
10352,2020-07-21T12:35:00Z,AR,live,1
10353,2020-07-20T12:35:00Z,AR,live,1
10354,2020-07-19T12:05:00Z,AR,live,1
10355,2020-07-18T12:35:00Z,AR,live,1
10356,2020-07-17T19:19:00Z,AR,live,0
10357,2020-07-17T12:05:00Z,AR,live,1
10358,2020-07-16T12:35:00Z,AR,live,1
10359,2020-07-15T12:05:00Z,AR,live,1
10360,2020-07-14T12:05:00Z,AR,live,1
10361,2020-07-13T12:35:00Z,AR,live,1
10362,2020-07-12T12:05:00Z,AR,live,1
10363,2020-07-11T12:35:00Z,AR,live,1
10364,2020-07-10T12:06:00Z,AR,live,1
10365,2020-07-08T12:36:00Z,AR,live,1
10366,2020-07-07T12:05:00Z,AR,live,1
10367,2020-07-06T12:35:00Z,AR,live,1
10368,2020-07-05T12:05:00Z,AR,live,1
10369,2020-07-04T12:05:00Z,AR,live,1
10370,2020-07-03T12:05:00Z,AR,live,1
10371,2020-07-02T12:07:00Z,AR,live,1
10372,2020-07-01T12:05:00Z,AR,live,1
10373,2020-06-30T12:05:00Z,AR,live,1
10374,2020-06-29T12:12:00Z,AR,live,1
10375,2020-06-28T12:04:00Z,AR,live,1
10376,2020-06-27T12:34:00Z,AR,live,1
10377,2020-06-26T19:14:00Z,AR,live,0
10378,2020-06-26T12:05:00Z,AR,live,1
10379,2020-06-25T12:05:00Z,AR,live,1
10380,2020-06-24T12:35:00Z,AR,live,1
10381,2020-06-23T12:05:00Z,AR,live,1
10382,2020-06-22T12:35:00Z,AR,live,1
10383,2020-06-21T12:05:00Z,AR,live,1
10384,2020-06-20T12:35:00Z,AR,live,1
10385,2020-06-19T12:35:00Z,AR,cases,1
10386,2020-06-18T12:05:00Z,AR,live,1
10387,2020-06-17T12:05:00Z,AR,live,1
10388,2020-06-16T12:10:00Z,AR,live,1
10389,2020-06-14T12:05:00Z,AR,live,1
10390,2020-06-13T12:05:00Z,AR,live,1
10391,2020-06-12T12:05:00Z,AR,live,1
10392,2020-06-11T12:17:00Z,AR,live,1
10393,2020-06-10T12:05:00Z,AR,live,1
10394,2020-06-09T12:05:00Z,AR,live,1
10395,2020-06-09T12:05:00Z,AR,live,1
10396,2020-06-09T12:05:00Z,AR,live,1
10397,2020-06-09T12:05:00Z,AR,live,1
10398,2020-06-09T12:05:00Z,AR,live,1
10399,2020-06-08T12:06:00Z,AR,live,1
10400,2020-06-08T12:06:00Z,AR,live,1
10401,2020-06-08T12:06:00Z,AR,live,1
10402,2020-06-08T12:06:00Z,AR,live,1
10403,2020-06-08T12:06:00Z,AR,live,1
10404,2020-06-07T12:06:00Z,AR,live,1
10405,2020-06-07T12:06:00Z,AR,live,1
10406,2020-06-07T12:06:00Z,AR,live,1
10407,2020-06-07T12:06:00Z,AR,live,1
10408,2020-06-07T12:06:00Z,AR,live,1
10409,2020-06-06T12:05:00Z,AR,live,1
10410,2020-06-06T12:05:00Z,AR,live,1
10411,2020-06-06T12:05:00Z,AR,live,1
10412,2020-06-06T12:05:00Z,AR,live,1
10413,2020-06-06T12:05:00Z,AR,live,1
10414,2020-06-05T12:44:00Z,AR,cases,1
10415,2020-06-05T12:44:00Z,AR,cases,1
10416,2020-06-05T12:44:00Z,AR,cases,1
10417,2020-06-05T12:44:00Z,AR,cases,1
10418,2020-06-05T12:44:00Z,AR,cases,1
10419,2020-06-04T23:31:00Z,AR,president speech,1
10420,2020-06-04T23:31:00Z,AR,president speech,1
10421,2020-06-04T23:31:00Z,AR,president speech,1
10422,2020-06-04T23:31:00Z,AR,president speech,1
10423,2020-06-04T23:31:00Z,AR,president speech,1
10424,2020-06-04T12:05:00Z,AR,live,1
10425,2020-06-04T12:05:00Z,AR,live,1
10426,2020-06-04T12:05:00Z,AR,live,1
10427,2020-06-04T12:05:00Z,AR,live,1
10428,2020-06-04T12:05:00Z,AR,live,1
10429,2020-06-03T12:05:00Z,AR,live,1
10430,2020-06-03T12:05:00Z,AR,live,1
10431,2020-06-03T12:05:00Z,AR,live,1
10432,2020-06-03T12:05:00Z,AR,live,1
10433,2020-06-03T12:05:00Z,AR,live,1
10434,2020-06-02T12:15:00Z,AR,live,1
10435,2020-06-02T12:15:00Z,AR,live,1
10436,2020-06-02T12:15:00Z,AR,live,1
10437,2020-06-02T12:15:00Z,AR,live,1
10438,2020-06-02T12:15:00Z,AR,live,1
10439,2020-06-01T15:42:00Z,AR,president speech,0
10440,2020-06-01T12:05:00Z,AR,live,1
10441,2020-06-01T12:05:00Z,AR,live,1
10442,2020-06-01T12:05:00Z,AR,live,1
10443,2020-06-01T12:05:00Z,AR,live,1
10444,2020-06-01T12:05:00Z,AR,live,1
10445,2020-05-31T12:06:00Z,AR,live,1
10446,2020-05-31T12:06:00Z,AR,live,1
10447,2020-05-31T12:06:00Z,AR,live,1
10448,2020-05-31T12:06:00Z,AR,live,1
10449,2020-05-31T12:06:00Z,AR,live,1
10450,2020-05-30T12:04:00Z,AR,live,1
10451,2020-05-30T12:04:00Z,AR,live,1
10452,2020-05-30T12:04:00Z,AR,live,1
10453,2020-05-30T12:04:00Z,AR,live,1
10454,2020-05-30T12:04:00Z,AR,live,1
10455,2020-05-29T12:06:00Z,AR,live,1
10456,2020-05-29T12:06:00Z,AR,live,1
10457,2020-05-29T12:06:00Z,AR,live,1
10458,2020-05-29T12:06:00Z,AR,live,1
10459,2020-05-28T12:13:00Z,AR,live,1
10460,2020-05-28T12:13:00Z,AR,live,1
10461,2020-05-28T12:13:00Z,AR,live,1
10462,2020-05-28T12:13:00Z,AR,live,1
10463,2020-05-27T12:34:00Z,AR,live,1
10464,2020-05-27T12:34:00Z,AR,live,1
10465,2020-05-27T12:34:00Z,AR,live,1
10466,2020-05-27T12:34:00Z,AR,live,1
10467,2020-05-26T12:36:00Z,AR,live,1
10468,2020-05-26T12:36:00Z,AR,live,1
10469,2020-05-26T12:36:00Z,AR,live,1
10470,2020-05-26T12:36:00Z,AR,live,1
10471,2020-05-24T12:05:00Z,AR,live,1
10472,2020-05-24T12:05:00Z,AR,live,1
10473,2020-05-24T12:05:00Z,AR,live,1
10474,2020-05-24T12:05:00Z,AR,live,1
10475,2020-05-23T23:16:00Z,AR,president speech,1
10476,2020-05-23T23:16:00Z,AR,president speech,1
10477,2020-05-23T23:16:00Z,AR,president speech,1
10478,2020-05-23T23:16:00Z,AR,president speech,1
10479,2020-05-23T12:05:00Z,AR,live,1
10480,2020-05-23T12:05:00Z,AR,live,1
10481,2020-05-23T12:05:00Z,AR,live,1
10482,2020-05-23T12:05:00Z,AR,live,1
10483,2020-05-22T12:15:00Z,AR,live,1
10484,2020-05-22T12:15:00Z,AR,live,1
10485,2020-05-22T12:15:00Z,AR,live,1
10486,2020-05-22T12:15:00Z,AR,live,1
10487,2020-05-21T12:05:00Z,AR,live,1
10488,2020-05-21T12:05:00Z,AR,live,1
10489,2020-05-21T12:05:00Z,AR,live,1
10490,2020-05-21T12:05:00Z,AR,live,1
10491,2020-05-20T12:06:00Z,AR,live,1
10492,2020-05-20T12:06:00Z,AR,live,1
10493,2020-05-20T12:06:00Z,AR,live,1
10494,2020-05-20T12:06:00Z,AR,live,1
10495,2020-05-19T12:05:00Z,AR,live,1
10496,2020-05-19T12:05:00Z,AR,live,1
10497,2020-05-19T12:05:00Z,AR,live,1
10498,2020-05-19T12:05:00Z,AR,live,1
10499,2020-05-19T12:05:00Z,AR,live,1
10500,2020-05-18T12:08:00Z,AR,live,1
10501,2020-05-18T12:08:00Z,AR,live,1
10502,2020-05-18T12:08:00Z,AR,live,1
10503,2020-05-18T12:08:00Z,AR,live,1
10504,2020-05-18T12:08:00Z,AR,live,1
10505,2020-05-17T12:08:00Z,AR,live,1
10506,2020-05-17T12:08:00Z,AR,live,1
10507,2020-05-17T12:08:00Z,AR,live,1
10508,2020-05-17T12:08:00Z,AR,live,1
10509,2020-05-17T12:08:00Z,AR,live,1
10510,2020-05-16T12:05:00Z,AR,live,1
10511,2020-05-16T12:05:00Z,AR,live,1
10512,2020-05-16T12:05:00Z,AR,live,1
10513,2020-05-16T12:05:00Z,AR,live,1
10514,2020-05-16T12:05:00Z,AR,live,1
10515,2020-05-15T22:29:00Z,AR,live,1
10516,2020-05-15T22:29:00Z,AR,live,1
10517,2020-05-15T22:29:00Z,AR,live,1
10518,2020-05-15T22:29:00Z,AR,live,1
10519,2020-05-15T22:29:00Z,AR,live,1
10520,2020-05-15T12:36:00Z,AR,live,1
10521,2020-05-15T12:36:00Z,AR,live,1
10522,2020-05-15T12:36:00Z,AR,live,1
10523,2020-05-15T12:36:00Z,AR,live,1
10524,2020-05-15T12:36:00Z,AR,live,1
10525,2020-05-14T12:35:00Z,AR,live,1
10526,2020-05-14T12:35:00Z,AR,live,1
10527,2020-05-14T12:35:00Z,AR,live,1
10528,2020-05-14T12:35:00Z,AR,live,1
10529,2020-05-14T12:35:00Z,AR,live,1
10530,2020-05-13T12:05:00Z,AR,live,1
10531,2020-05-13T12:05:00Z,AR,live,1
10532,2020-05-13T12:05:00Z,AR,live,1
10533,2020-05-13T12:05:00Z,AR,live,1
10534,2020-05-13T12:05:00Z,AR,live,1
10535,2020-05-12T12:05:00Z,AR,live,1
10536,2020-05-12T12:05:00Z,AR,live,1
10537,2020-05-12T12:05:00Z,AR,live,1
10538,2020-05-12T12:05:00Z,AR,live,1
10539,2020-05-12T12:05:00Z,AR,live,1
10540,2020-05-11T12:05:00Z,AR,live,1
10541,2020-05-11T12:05:00Z,AR,live,1
10542,2020-05-11T12:05:00Z,AR,live,1
10543,2020-05-11T12:05:00Z,AR,live,1
10544,2020-05-11T12:05:00Z,AR,live,1
10545,2020-05-10T12:05:00Z,AR,live,1
10546,2020-05-09T13:04:00Z,AR,live,0
10547,2020-05-08T23:34:00Z,AR,president speech,1
10548,2020-05-08T12:13:00Z,AR,live,1
10549,2020-05-07T12:35:00Z,AR,live,1
10550,2020-05-06T12:05:00Z,AR,live,1
10551,2020-05-05T12:05:00Z,AR,live,1
10552,2020-05-04T12:08:00Z,AR,live,1
10553,2020-05-03T12:06:00Z,AR,live,1
10554,2020-05-02T12:05:00Z,AR,live,1
10555,2020-04-30T12:05:00Z,AR,live,1
10556,2020-04-29T12:04:00Z,AR,live,1
10557,2020-04-28T12:05:00Z,AR,live,1
10558,2020-04-27T12:30:00Z,AR,cases,1
10559,2020-04-27T12:27:00Z,AR,live,1
10560,2020-04-26T12:04:00Z,AR,live,1
10561,2020-04-25T12:05:00Z,AR,live,1
10562,2020-04-24T12:06:00Z,AR,live,1
10563,2020-04-23T12:05:00Z,AR,live,1
10564,2020-04-22T12:05:00Z,AR,live,1
10565,2020-04-21T12:05:00Z,AR,live,1
10566,2020-04-20T12:06:00Z,AR,live,1
10567,2020-04-19T12:05:00Z,AR,live,1
10568,2020-04-18T12:06:00Z,AR,live,1
10569,2020-04-17T12:05:00Z,AR,live,1
10570,2020-04-16T12:05:00Z,AR,live,1
10571,2020-04-15T12:05:00Z,AR,live,1
10572,2020-04-14T12:05:00Z,AR,live,1
10573,2020-04-13T12:05:00Z,AR,live,1
10574,2020-04-12T12:08:00Z,AR,live,1
10575,2020-04-11T12:35:00Z,AR,live,1
10576,2020-04-09T12:06:00Z,AR,live,1
10577,2020-04-08T12:35:00Z,AR,live,1
10578,2020-04-07T12:07:00Z,AR,live,1
10579,2020-04-06T12:06:00Z,AR,live,1
10580,2020-04-05T12:06:00Z,AR,live,1
10581,2020-04-04T11:05:00Z,AR,live,0
10582,2020-04-03T22:39:00Z,AR,live,1
10583,2020-04-03T11:08:00Z,AR,live,0
10584,2020-04-02T11:05:00Z,AR,live,0
10585,2020-04-01T11:05:00Z,AR,live,0
10586,2020-03-31T11:04:00Z,AR,live,0
10587,2020-03-30T11:14:00Z,AR,live,0
10588,2020-03-30T00:08:00Z,AR,live,0
10589,2020-03-29T15:33:00Z,AR,live,0
10590,2020-03-29T11:06:00Z,AR,live,0
10591,2020-03-28T11:06:00Z,AR,live,0
10592,2020-03-27T11:06:00Z,AR,live,0
10593,2020-03-26T11:06:00Z,AR,live,0
10594,2020-03-25T11:04:00Z,AR,live,0
10595,2020-03-24T11:04:00Z,AR,live,0
10596,2020-03-23T21:46:00Z,AR,live,1
10597,2020-03-23T11:17:00Z,AR,live,0
10598,2020-03-22T12:44:00Z,AR,cases,1
10599,2020-03-21T11:06:00Z,AR,live,0
10600,2020-03-20T11:05:00Z,AR,live,0
10601,2020-03-19T23:14:00Z,AR,president speech,1
10602,2020-03-19T10:15:00Z,AR,live,0
10603,2020-03-18T18:37:00Z,AR,live,0
10604,2020-03-18T12:45:00Z,AR,live,1
10605,2020-03-18T10:10:00Z,AR,live,0
10606,2020-03-17T21:06:00Z,AR,live,1
10607,2020-03-17T20:50:00Z,AR,live,1
10608,2020-03-17T18:06:00Z,AR,live,0
10609,2020-03-16T22:26:00Z,AR,live,1
10610,2020-03-15T21:49:00Z,AR,live,1
10611,2020-03-13T15:28:00Z,AR,live,0
10612,2020-03-12T23:18:00Z,AR,live,1
10613,2020-03-12T21:00:00Z,AR,live,1
10614,2020-03-10T19:47:00Z,AR,live,0
10615,2020-03-06T20:18:00Z,AR,live,1
10616,2020-03-06T15:45:00Z,AR,live,0
10617,2020-03-03T19:17:00Z,AR,live,0
10618,2020-03-03T00:55:00Z,AR,live,0
10619,2020-02-26T23:16:00Z,AR,live,1
10620,2020-02-11T22:01:00Z,AR,live,1
10621,2020-01-30T22:00:00Z,AR,live,1
10622,2020-01-28T14:19:00Z,AR,live,0
10623,2020-01-23T19:03:00Z,AR,live,0
10624,2022-02-28T12:31:00Z,CH,cases,1
10625,2022-02-25T12:40:00Z,CH,cases,1
10626,2022-02-24T12:34:00Z,CH,cases,1
10627,2022-02-23T12:31:00Z,CH,cases,1
10628,2022-02-22T14:24:00Z,CH,cases,0
10629,2022-02-22T12:32:00Z,CH,cases,1
10630,2022-02-21T12:31:00Z,CH,cases,1
10631,2022-02-18T12:33:00Z,CH,cases,1
10632,2022-02-17T12:31:00Z,CH,cases,1
10633,2022-02-16T12:09:00Z,CH,president speech,1
10634,2022-02-15T12:30:00Z,CH,cases,1
10635,2022-02-14T12:31:00Z,CH,cases,1
10636,2022-02-11T12:32:00Z,CH,cases,1
10637,2022-02-11T12:31:00Z,CH,cases,1
10638,2022-02-10T12:46:00Z,CH,cases,1
10639,2022-02-09T12:32:00Z,CH,cases,1
10640,2022-02-08T13:31:00Z,CH,cases,0
10641,2022-02-08T13:29:00Z,CH,cases,1
10642,2022-02-08T13:00:00Z,CH,live,1
10643,2022-02-07T12:31:00Z,CH,cases,1
10644,2022-02-04T12:33:00Z,CH,cases,1
10645,2022-02-03T12:31:00Z,CH,cases,1
10646,2022-02-02T13:30:00Z,CH,president speech,1
10647,2022-02-02T12:32:00Z,CH,cases,1
10648,2022-02-01T13:00:00Z,CH,live,1
10649,2022-02-01T12:31:00Z,CH,cases,1
10650,2022-01-31T12:31:00Z,CH,cases,1
10651,2022-01-28T12:32:00Z,CH,cases,1
10652,2022-01-27T12:30:00Z,CH,cases,1
10653,2022-01-26T12:30:00Z,CH,cases,1
10654,2022-01-25T15:18:00Z,CH,cases,0
10655,2022-01-25T13:00:00Z,CH,live,1
10656,2022-01-24T14:57:00Z,CH,cases,0
10657,2022-01-24T14:57:00Z,CH,cases,0
10658,2022-01-21T12:34:00Z,CH,cases,1
10659,2022-01-20T12:42:00Z,CH,cases,1
10660,2022-01-19T13:00:00Z,CH,president speech,1
10661,2022-01-19T12:31:00Z,CH,cases,1
10662,2022-01-18T13:00:00Z,CH,live,1
10663,2022-01-18T12:32:00Z,CH,cases,1
10664,2022-01-17T13:08:00Z,CH,cases,1
10665,2022-01-14T12:31:00Z,CH,cases,1
10666,2022-01-13T12:31:00Z,CH,cases,1
10667,2022-01-12T12:45:00Z,CH,president speech,1
10668,2022-01-12T12:31:00Z,CH,cases,1
10669,2022-01-11T13:00:00Z,CH,live,1
10670,2022-01-11T12:31:00Z,CH,cases,1
10671,2022-01-10T12:44:00Z,CH,cases,1
10672,2022-01-07T12:31:00Z,CH,cases,1
10673,2022-01-06T14:43:00Z,CH,live,0
10674,2022-01-06T12:31:00Z,CH,cases,1
10675,2022-01-05T12:31:00Z,CH,cases,1
10676,2022-01-04T13:00:00Z,CH,live,1
10677,2022-01-04T12:31:00Z,CH,cases,1
10678,2022-01-04T12:30:00Z,CH,cases,1
10679,2022-01-03T15:47:00Z,CH,cases,0
10680,2021-12-30T14:32:00Z,CH,cases,0
10681,2021-12-29T14:30:00Z,CH,cases,0
10682,2021-12-28T14:32:00Z,CH,cases,0
10683,2021-12-28T13:00:00Z,CH,live,1
10684,2021-12-27T14:32:00Z,CH,cases,0
10685,2021-12-23T12:38:00Z,CH,cases,1
10686,2021-12-22T12:35:00Z,CH,cases,1
10687,2021-12-21T13:00:00Z,CH,live,1
10688,2021-12-21T12:32:00Z,CH,cases,1
10689,2021-12-20T12:31:00Z,CH,cases,1
10690,2021-12-17T14:30:00Z,CH,president speech,0
10691,2021-12-17T12:31:00Z,CH,cases,1
10692,2021-12-16T12:32:00Z,CH,cases,1
10693,2021-12-15T12:33:00Z,CH,cases,1
10694,2021-12-14T13:00:00Z,CH,live,1
10695,2021-12-14T12:30:00Z,CH,cases,1
10696,2021-12-13T12:35:00Z,CH,cases,1
10697,2021-12-10T14:00:00Z,CH,president speech,0
10698,2021-12-10T12:35:00Z,CH,cases,1
10699,2021-12-09T12:31:00Z,CH,cases,1
10700,2021-12-08T12:33:00Z,CH,cases,1
10701,2021-12-07T13:00:00Z,CH,live,1
10702,2021-12-07T12:33:00Z,CH,cases,1
10703,2021-12-06T12:32:00Z,CH,cases,1
10704,2021-12-03T13:00:00Z,CH,president speech,1
10705,2021-12-03T12:57:00Z,CH,cases,1
10706,2021-12-02T12:39:00Z,CH,cases,1
10707,2021-12-01T12:38:00Z,CH,cases,1
10708,2021-12-01T08:10:00Z,CH,cases,0
10709,2021-11-30T18:17:00Z,CH,cases,0
10710,2021-11-30T15:30:00Z,CH,president speech,0
10711,2021-11-30T12:33:00Z,CH,cases,1
10712,2021-11-29T14:30:00Z,CH,live,0
10713,2021-11-29T12:33:00Z,CH,cases,1
10714,2021-11-26T12:33:00Z,CH,cases,1
10715,2021-11-25T12:31:00Z,CH,cases,1
10716,2021-11-24T14:15:00Z,CH,president speech,0
10717,2021-11-24T12:32:00Z,CH,cases,1
10718,2021-11-23T13:00:00Z,CH,live,1
10719,2021-11-23T12:32:00Z,CH,cases,1
10720,2021-11-22T12:31:00Z,CH,cases,1
10721,2021-11-19T12:33:00Z,CH,cases,1
10722,2021-11-18T12:31:00Z,CH,cases,1
10723,2021-11-17T12:32:00Z,CH,cases,1
10724,2021-11-16T13:00:00Z,CH,live,1
10725,2021-11-16T12:34:00Z,CH,cases,1
10726,2021-11-15T12:31:00Z,CH,cases,1
10727,2021-11-12T12:33:00Z,CH,cases,1
10728,2021-11-11T12:32:00Z,CH,cases,1
10729,2021-11-10T12:32:00Z,CH,cases,1
10730,2021-11-09T13:00:00Z,CH,live,1
10731,2021-11-09T12:34:00Z,CH,cases,1
10732,2021-11-09T12:33:00Z,CH,cases,1
10733,2021-11-08T12:30:00Z,CH,cases,1
10734,2021-11-05T12:36:00Z,CH,cases,1
10735,2021-11-04T12:31:00Z,CH,cases,1
10736,2021-11-03T13:00:00Z,CH,president speech,1
10737,2021-11-03T12:35:00Z,CH,cases,1
10738,2021-11-02T13:00:00Z,CH,live,1
10739,2021-11-02T12:34:00Z,CH,cases,1
10740,2021-11-02T12:33:00Z,CH,cases,1
10741,2021-11-01T12:38:00Z,CH,cases,1
10742,2021-10-29T11:32:00Z,CH,cases,1
10743,2021-10-28T11:30:00Z,CH,cases,1
10744,2021-10-27T11:32:00Z,CH,cases,1
10745,2021-10-26T12:00:00Z,CH,live,1
10746,2021-10-26T11:31:00Z,CH,cases,1
10747,2021-10-26T11:31:00Z,CH,cases,1
10748,2021-10-25T11:31:00Z,CH,cases,1
10749,2021-10-22T11:33:00Z,CH,cases,1
10750,2021-10-21T11:31:00Z,CH,cases,1
10751,2021-10-20T14:15:00Z,CH,president speech,0
10752,2021-10-20T11:38:00Z,CH,cases,1
10753,2021-10-19T12:00:00Z,CH,live,1
10754,2021-10-19T11:34:00Z,CH,cases,1
10755,2021-10-19T11:33:00Z,CH,cases,1
10756,2021-10-18T11:31:00Z,CH,cases,1
10757,2021-10-15T11:31:00Z,CH,cases,1
10758,2021-10-14T11:30:00Z,CH,cases,1
10759,2021-10-13T13:30:00Z,CH,president speech,0
10760,2021-10-13T11:35:00Z,CH,cases,1
10761,2021-10-12T12:00:00Z,CH,live,1
10762,2021-10-12T11:31:00Z,CH,cases,1
10763,2021-10-11T13:00:00Z,CH,cases,0
10764,2021-10-08T11:33:00Z,CH,cases,1
10765,2021-10-07T11:31:00Z,CH,cases,1
10766,2021-10-06T11:37:00Z,CH,cases,1
10767,2021-10-05T12:00:00Z,CH,live,1
10768,2021-10-05T11:31:00Z,CH,cases,1
10769,2021-10-04T11:31:00Z,CH,cases,1
10770,2021-10-01T11:34:00Z,CH,cases,1
10771,2021-10-01T11:30:00Z,CH,president speech,1
10772,2021-09-30T11:35:00Z,CH,cases,1
10773,2021-09-29T12:00:00Z,CH,live,1
10774,2021-09-29T11:47:00Z,CH,cases,1
10775,2021-09-28T11:31:00Z,CH,cases,1
10776,2021-09-27T11:31:00Z,CH,cases,1
10777,2021-09-24T12:15:00Z,CH,president speech,1
10778,2021-09-24T11:35:00Z,CH,cases,1
10779,2021-09-22T11:32:00Z,CH,cases,1
10780,2021-09-21T12:00:00Z,CH,live,1
10781,2021-09-21T11:31:00Z,CH,cases,1
10782,2021-09-20T11:32:00Z,CH,cases,1
10783,2021-09-17T13:00:00Z,CH,president speech,0
10784,2021-09-17T11:32:00Z,CH,cases,1
10785,2021-09-16T11:47:00Z,CH,cases,1
10786,2021-09-15T11:31:00Z,CH,cases,1
10787,2021-09-14T12:00:00Z,CH,live,1
10788,2021-09-14T11:35:00Z,CH,cases,1
10789,2021-09-13T11:33:00Z,CH,cases,1
10790,2021-09-10T11:40:00Z,CH,cases,1
10791,2021-09-10T11:36:00Z,CH,cases,1
10792,2021-09-09T11:55:00Z,CH,cases,1
10793,2021-09-08T12:30:00Z,CH,president speech,1
10794,2021-09-08T11:44:00Z,CH,cases,1
10795,2021-09-07T12:00:00Z,CH,live,1
10796,2021-09-07T11:29:00Z,CH,cases,1
10797,2021-09-06T11:31:00Z,CH,cases,1
10798,2021-09-03T11:32:00Z,CH,cases,1
10799,2021-09-02T11:31:00Z,CH,cases,1
10800,2021-09-01T11:31:00Z,CH,cases,1
10801,2021-09-01T11:30:00Z,CH,president speech,1
10802,2021-04-09T11:55:00Z,CH,cases,1
10803,2021-04-09T11:42:00Z,CH,cases,1
10804,2021-04-08T11:33:00Z,CH,cases,1
10805,2021-04-08T10:30:00Z,CH,cases,1
10806,2021-04-07T12:00:00Z,CH,live,1
10807,2021-04-07T11:32:00Z,CH,cases,1
10808,2021-04-06T11:57:00Z,CH,cases,1
10809,2021-04-06T11:48:00Z,CH,cases,1
10810,2021-04-02T13:36:00Z,CH,cases,0
10811,2021-04-02T13:34:00Z,CH,cases,0
10812,2021-04-01T11:53:00Z,CH,cases,1
10813,2021-04-01T11:34:00Z,CH,cases,1
10814,2021-03-31T13:15:00Z,CH,president speech,0
10815,2021-03-31T11:32:00Z,CH,cases,1
10816,2021-03-30T12:00:00Z,CH,live,1
10817,2021-03-30T11:36:00Z,CH,cases,1
10818,2021-03-30T11:34:00Z,CH,cases,1
10819,2021-03-29T11:33:00Z,CH,cases,1
10820,2021-03-25T12:32:00Z,CH,cases,1
10821,2021-03-25T11:39:00Z,CH,cases,1
10822,2021-03-24T13:00:00Z,CH,live,1
10823,2021-03-24T12:34:00Z,CH,cases,1
10824,2021-03-23T12:32:00Z,CH,cases,1
10825,2021-03-23T12:31:00Z,CH,cases,1
10826,2021-03-22T12:32:00Z,CH,cases,1
10827,2021-03-19T14:42:00Z,CH,cases,0
10828,2021-03-19T14:41:00Z,CH,cases,0
10829,2021-03-19T14:00:00Z,CH,president speech,0
10830,2021-03-19T12:11:00Z,CH,president speech,1
10831,2021-03-17T12:32:00Z,CH,cases,1
10832,2021-03-16T13:00:00Z,CH,live,1
10833,2021-03-16T12:34:00Z,CH,cases,1
10834,2021-03-16T12:32:00Z,CH,cases,1
10835,2021-03-15T12:31:00Z,CH,cases,1
10836,2021-03-12T13:30:00Z,CH,president speech,1
10837,2021-03-12T12:50:00Z,CH,cases,1
10838,2021-03-12T12:34:00Z,CH,cases,1
10839,2021-03-11T13:16:00Z,CH,cases,1
10840,2021-03-11T12:34:00Z,CH,cases,1
10841,2021-03-09T13:00:00Z,CH,live,1
10842,2021-03-09T12:34:00Z,CH,cases,1
10843,2021-03-09T12:32:00Z,CH,cases,1
10844,2021-03-08T12:31:00Z,CH,cases,1
10845,2021-03-05T13:30:00Z,CH,president speech,1
10846,2021-03-05T13:16:00Z,CH,cases,1
10847,2021-03-05T12:34:00Z,CH,cases,1
10848,2021-03-04T12:47:00Z,CH,cases,1
10849,2021-03-04T12:06:00Z,CH,cases,1
10850,2021-03-03T12:32:00Z,CH,cases,1
10851,2021-03-02T13:55:00Z,CH,cases,0
10852,2021-03-02T13:48:00Z,CH,cases,0
10853,2021-03-02T13:00:00Z,CH,live,1
10854,2021-03-01T12:32:00Z,CH,cases,1
10855,2021-02-26T13:00:00Z,CH,live,1
10856,2021-02-26T12:33:00Z,CH,cases,1
10857,2021-02-26T12:31:00Z,CH,cases,1
10858,2021-02-25T12:37:00Z,CH,cases,1
10859,2021-02-25T11:13:00Z,CH,cases,1
10860,2021-02-24T14:00:00Z,CH,president speech,0
10861,2021-02-24T12:32:00Z,CH,cases,1
10862,2021-02-22T12:34:00Z,CH,cases,1
10863,2021-02-19T15:32:00Z,CH,cases,0
10864,2021-02-19T12:38:00Z,CH,cases,1
10865,2021-02-18T12:53:00Z,CH,cases,1
10866,2021-02-18T10:00:00Z,CH,cases,0
10867,2021-02-17T14:30:00Z,CH,cases,0
10868,2021-02-17T14:29:00Z,CH,cases,0
10869,2021-02-17T14:29:00Z,CH,cases,0
10870,2021-02-17T14:00:00Z,CH,president speech,0
10871,2021-02-17T12:53:00Z,CH,cases,1
10872,2021-02-16T13:00:00Z,CH,live,1
10873,2021-02-16T12:47:00Z,CH,cases,1
10874,2021-02-16T12:46:00Z,CH,cases,1
10875,2021-02-15T12:35:00Z,CH,cases,1
10876,2021-02-12T13:47:00Z,CH,cases,0
10877,2021-02-12T12:33:00Z,CH,cases,1
10878,2021-02-11T14:30:00Z,CH,cases,0
10879,2021-02-11T12:31:00Z,CH,cases,1
10880,2021-02-10T12:31:00Z,CH,cases,1
10881,2021-02-09T12:52:00Z,CH,cases,1
10882,2021-02-09T12:35:00Z,CH,cases,1
10883,2021-02-05T12:42:00Z,CH,cases,1
10884,2021-02-05T12:41:00Z,CH,cases,1
10885,2021-02-04T15:07:00Z,CH,cases,0
10886,2021-02-04T12:32:00Z,CH,cases,1
10887,2021-02-03T14:00:00Z,CH,president speech,0
10888,2021-02-03T12:31:00Z,CH,cases,1
10889,2021-02-02T12:31:00Z,CH,cases,1
10890,2021-02-02T12:26:00Z,CH,cases,1
10891,2021-02-02T12:00:00Z,CH,live,1
10892,2021-02-01T12:49:00Z,CH,cases,1
10893,2021-01-29T19:13:00Z,CH,cases,0
10894,2021-01-29T12:31:00Z,CH,cases,1
10895,2021-01-28T13:55:00Z,CH,cases,0
10896,2021-01-28T12:37:00Z,CH,cases,1
10897,2021-01-27T14:33:00Z,CH,cases,0
10898,2021-01-27T13:00:00Z,CH,president speech,1
10899,2021-01-26T13:00:00Z,CH,live,1
10900,2021-01-26T12:31:00Z,CH,cases,1
10901,2021-01-26T10:07:00Z,CH,cases,0
10902,2021-01-25T12:30:00Z,CH,cases,1
10903,2021-01-22T12:35:00Z,CH,cases,1
10904,2021-01-22T10:24:00Z,CH,cases,0
10905,2021-01-21T15:08:00Z,CH,cases,0
10906,2021-01-21T12:31:00Z,CH,cases,1
10907,2021-01-20T13:00:00Z,CH,president speech,1
10908,2021-01-20T12:37:00Z,CH,cases,1
10909,2021-01-19T13:00:00Z,CH,live,1
10910,2021-01-19T12:33:00Z,CH,cases,1
10911,2021-01-19T12:32:00Z,CH,cases,1
10912,2021-01-18T12:39:00Z,CH,cases,1
10913,2021-01-15T14:36:00Z,CH,cases,0
10914,2021-01-14T14:02:00Z,CH,cases,0
10915,2021-01-14T14:00:00Z,CH,live,0
10916,2021-01-14T12:31:00Z,CH,cases,1
10917,2021-01-13T14:00:00Z,CH,president speech,0
10918,2021-01-13T12:36:00Z,CH,cases,1
10919,2021-01-12T13:00:00Z,CH,live,1
10920,2021-01-12T12:37:00Z,CH,cases,1
10921,2021-01-11T12:36:00Z,CH,cases,1
10922,2021-01-08T12:53:00Z,CH,cases,1
10923,2021-01-07T15:12:00Z,CH,cases,0
10924,2021-01-07T12:50:00Z,CH,cases,1
10925,2021-01-06T13:00:00Z,CH,president speech,1
10926,2021-01-06T12:56:00Z,CH,cases,1
10927,2021-01-05T13:00:00Z,CH,live,1
10928,2021-01-05T12:35:00Z,CH,cases,1
10929,2021-01-04T12:39:00Z,CH,cases,1
10930,2020-12-31T14:35:00Z,CH,cases,0
10931,2020-12-30T14:31:00Z,CH,cases,0
10932,2020-12-29T14:33:00Z,CH,cases,0
10933,2020-12-29T13:00:00Z,CH,live,1
10934,2020-12-28T12:47:00Z,CH,cases,1
10935,2020-12-24T12:37:00Z,CH,cases,1
10936,2020-12-24T10:39:00Z,CH,cases,0
10937,2020-12-23T12:41:00Z,CH,cases,1
10938,2020-12-22T13:00:00Z,CH,live,1
10939,2020-12-22T12:40:00Z,CH,cases,1
10940,2020-12-22T09:46:00Z,CH,cases,0
10941,2020-12-21T14:00:00Z,CH,live,0
10942,2020-12-21T11:28:00Z,CH,cases,1
10943,2020-12-19T13:25:00Z,CH,cases,1
10944,2020-12-19T13:15:00Z,CH,live,1
10945,2020-12-19T13:15:00Z,CH,live,1
10946,2020-12-18T14:15:00Z,CH,president speech,0
10947,2020-12-18T11:06:00Z,CH,cases,1
10948,2020-12-17T13:50:00Z,CH,cases,0
10949,2020-12-17T10:45:00Z,CH,cases,0
10950,2020-12-16T11:09:00Z,CH,cases,1
10951,2020-12-15T13:00:00Z,CH,live,1
10952,2020-12-15T11:01:00Z,CH,cases,1
10953,2020-12-14T10:57:00Z,CH,cases,0
10954,2020-12-11T13:00:00Z,CH,president speech,1
10955,2020-12-11T11:35:00Z,CH,cases,1
10956,2020-12-10T12:35:00Z,CH,cases,1
10957,2020-12-10T11:12:00Z,CH,cases,1
10958,2020-12-09T12:30:00Z,CH,live,1
10959,2020-12-09T10:49:00Z,CH,cases,0
10960,2020-12-08T17:30:00Z,CH,president speech,0
10961,2020-12-08T10:54:00Z,CH,cases,0
10962,2020-12-07T11:05:00Z,CH,cases,1
10963,2020-12-04T14:45:00Z,CH,cases,0
10964,2020-12-04T10:55:00Z,CH,cases,0
10965,2020-12-03T11:07:00Z,CH,cases,1
10966,2020-12-03T10:44:00Z,CH,cases,0
10967,2020-12-02T11:16:00Z,CH,cases,1
10968,2020-12-01T13:00:00Z,CH,live,1
10969,2020-12-01T11:04:00Z,CH,cases,1
10970,2020-11-30T11:04:00Z,CH,cases,1
10971,2020-11-27T13:00:00Z,CH,live,1
10972,2020-11-27T11:00:00Z,CH,cases,0
10973,2020-11-26T13:55:00Z,CH,cases,0
10974,2020-11-26T11:23:00Z,CH,cases,1
10975,2020-11-25T11:12:00Z,CH,cases,1
10976,2020-11-24T13:00:00Z,CH,live,1
10977,2020-11-24T11:19:00Z,CH,cases,1
10978,2020-11-23T11:26:00Z,CH,cases,1
10979,2020-11-16T11:17:00Z,CH,cases,1
10980,2020-11-13T11:36:00Z,CH,cases,1
10981,2020-11-12T13:00:00Z,CH,live,1
10982,2020-11-12T11:08:00Z,CH,cases,1
10983,2020-11-12T10:49:00Z,CH,cases,0
10984,2020-11-11T13:30:00Z,CH,president speech,1
10985,2020-11-11T11:35:00Z,CH,cases,1
10986,2020-11-10T12:00:00Z,CH,live,1
10987,2020-11-10T11:12:00Z,CH,cases,1
10988,2020-11-09T12:07:00Z,CH,cases,1
10989,2020-11-06T13:00:00Z,CH,live,1
10990,2020-11-06T11:24:00Z,CH,cases,1
10991,2020-11-05T12:14:00Z,CH,cases,1
10992,2020-11-05T10:08:00Z,CH,cases,0
10993,2020-11-04T13:30:00Z,CH,cases,1
10994,2020-11-04T11:05:00Z,CH,cases,1
10995,2020-11-03T13:00:00Z,CH,live,1
10996,2020-11-03T11:04:00Z,CH,cases,1
10997,2020-11-02T11:12:00Z,CH,cases,1
10998,2020-10-30T13:00:00Z,CH,live,1
10999,2020-10-30T11:19:00Z,CH,cases,1
11000,2020-10-29T11:12:00Z,CH,cases,1
11001,2020-10-29T10:24:00Z,CH,cases,0
11002,2020-10-28T15:27:00Z,CH,cases,0
11003,2020-10-28T15:15:00Z,CH,president speech,0
11004,2020-10-28T11:15:00Z,CH,cases,1
11005,2020-10-27T13:00:00Z,CH,president speech,1
11006,2020-10-27T11:05:00Z,CH,cases,1
11007,2020-10-26T11:19:00Z,CH,cases,1
11008,2020-10-23T12:00:00Z,CH,president speech,1
11009,2020-10-23T11:59:00Z,CH,cases,1
11010,2020-10-22T10:09:00Z,CH,cases,1
11011,2020-10-22T08:45:00Z,CH,cases,0
11012,2020-10-21T10:18:00Z,CH,cases,1
11013,2020-10-20T12:00:00Z,CH,live,1
11014,2020-10-20T10:09:00Z,CH,cases,1
11015,2020-10-19T10:16:00Z,CH,cases,1
11016,2020-10-18T12:15:00Z,CH,president speech,1
11017,2020-10-09T10:18:00Z,CH,cases,1
11018,2020-10-08T10:29:00Z,CH,cases,1
11019,2020-10-07T10:39:00Z,CH,cases,1
11020,2020-10-06T10:33:00Z,CH,cases,1
11021,2020-10-05T10:26:00Z,CH,cases,1
11022,2020-10-02T10:19:00Z,CH,cases,1
11023,2020-10-01T10:33:00Z,CH,cases,1
11024,2020-09-30T10:41:00Z,CH,cases,1
11025,2020-09-29T11:08:00Z,CH,cases,1
11026,2020-09-28T10:39:00Z,CH,cases,1
11027,2020-09-25T10:32:00Z,CH,cases,1
11028,2020-09-24T10:29:00Z,CH,cases,1
11029,2020-09-23T12:09:00Z,CH,cases,1
11030,2020-09-22T10:55:00Z,CH,cases,1
11031,2020-09-21T11:33:00Z,CH,cases,1
11032,2020-09-16T10:30:00Z,CH,cases,1
11033,2020-09-15T10:30:00Z,CH,cases,1
11034,2020-09-14T10:53:00Z,CH,cases,1
11035,2020-09-13T10:30:00Z,CH,cases,1
11036,2020-09-12T10:40:00Z,CH,cases,1
11037,2020-09-11T10:40:00Z,CH,cases,1
11038,2020-09-10T10:28:00Z,CH,cases,1
11039,2020-09-09T10:31:00Z,CH,cases,1
11040,2020-09-08T11:14:00Z,CH,cases,1
11041,2020-09-06T10:23:00Z,CH,cases,1
11042,2020-09-05T10:13:00Z,CH,cases,1
11043,2020-09-04T10:20:00Z,CH,cases,1
11044,2020-09-03T10:21:00Z,CH,cases,1
11045,2020-09-02T13:00:00Z,CH,president speech,0
11046,2020-09-02T10:20:00Z,CH,cases,1
11047,2020-09-01T11:00:00Z,CH,cases,1
11048,2020-08-31T10:45:00Z,CH,cases,1
11049,2020-08-30T10:32:00Z,CH,cases,1
11050,2020-08-29T10:33:00Z,CH,cases,1
11051,2020-08-28T11:08:00Z,CH,cases,1
11052,2020-08-27T10:18:00Z,CH,cases,1
11053,2020-08-26T10:31:00Z,CH,cases,1
11054,2020-08-25T10:41:00Z,CH,cases,1
11055,2020-08-24T10:19:00Z,CH,cases,1
11056,2020-08-23T11:00:00Z,CH,cases,1
11057,2020-08-22T13:41:00Z,CH,cases,0
11058,2020-08-21T12:20:00Z,CH,cases,1
11059,2020-08-20T10:41:00Z,CH,cases,1
11060,2020-08-19T10:52:00Z,CH,cases,1
11061,2020-08-18T10:19:00Z,CH,cases,1
11062,2020-08-17T11:46:00Z,CH,cases,1
11063,2020-08-16T10:29:00Z,CH,cases,1
11064,2020-08-15T10:39:00Z,CH,cases,1
11065,2020-08-14T12:00:00Z,CH,president speech,1
11066,2020-08-14T10:18:00Z,CH,cases,1
11067,2020-08-11T10:13:00Z,CH,cases,1
11068,2020-08-10T10:24:00Z,CH,cases,1
11069,2020-08-09T10:27:00Z,CH,cases,1
11070,2020-08-08T10:25:00Z,CH,cases,1
11071,2020-08-07T10:25:00Z,CH,cases,1
11072,2020-08-06T10:10:00Z,CH,cases,1
11073,2020-08-05T12:00:00Z,CH,president speech,1
11074,2020-08-05T10:56:00Z,CH,cases,1
11075,2020-08-04T10:44:00Z,CH,cases,1
11076,2020-08-03T10:36:00Z,CH,cases,1
11077,2020-08-02T10:20:00Z,CH,cases,1
11078,2020-08-01T10:32:00Z,CH,cases,1
11079,2020-07-31T10:33:00Z,CH,cases,1
11080,2020-07-30T12:00:00Z,CH,president speech,1
11081,2020-07-30T10:20:00Z,CH,cases,1
11082,2020-07-29T10:25:00Z,CH,cases,1
11083,2020-07-28T10:53:00Z,CH,cases,1
11084,2020-07-27T10:18:00Z,CH,cases,1
11085,2020-07-26T10:34:00Z,CH,cases,1
11086,2020-07-25T10:23:00Z,CH,cases,1
11087,2020-07-24T10:26:00Z,CH,cases,1
11088,2020-07-23T10:19:00Z,CH,cases,1
11089,2020-07-22T12:00:00Z,CH,president speech,1
11090,2020-07-22T10:30:00Z,CH,cases,1
11091,2020-07-21T10:21:00Z,CH,cases,1
11092,2020-07-20T10:16:00Z,CH,cases,1
11093,2020-07-19T10:28:00Z,CH,cases,1
11094,2020-07-18T10:54:00Z,CH,cases,1
11095,2020-07-17T12:00:00Z,CH,president speech,1
11096,2020-07-17T10:36:00Z,CH,cases,1
11097,2020-07-09T12:00:00Z,CH,president speech,1
11098,2020-07-09T10:32:00Z,CH,cases,1
11099,2020-07-08T10:53:00Z,CH,cases,1
11100,2020-07-07T10:30:00Z,CH,cases,1
11101,2020-07-06T10:51:00Z,CH,cases,1
11102,2020-07-05T10:31:00Z,CH,cases,1
11103,2020-07-04T10:34:00Z,CH,cases,1
11104,2020-07-03T11:30:00Z,CH,president speech,1
11105,2020-07-03T10:37:00Z,CH,cases,1
11106,2020-07-02T10:34:00Z,CH,cases,1
11107,2020-07-01T13:32:00Z,CH,president speech,0
11108,2020-07-01T13:19:00Z,CH,president speech,0
11109,2020-07-01T13:00:00Z,CH,president speech,0
11110,2020-07-01T12:12:00Z,CH,president speech,1
11111,2020-07-01T11:17:00Z,CH,cases,1
11112,2020-06-30T10:35:00Z,CH,cases,1
11113,2020-06-29T10:47:00Z,CH,cases,1
11114,2020-06-28T10:32:00Z,CH,cases,1
11115,2020-06-27T11:11:00Z,CH,cases,1
11116,2020-06-26T10:22:00Z,CH,cases,1
11117,2020-06-25T11:57:00Z,CH,cases,1
11118,2020-06-25T09:00:00Z,CH,president speech,0
11119,2020-06-24T12:00:00Z,CH,president speech,1
11120,2020-06-24T11:10:00Z,CH,cases,1
11121,2020-06-23T10:41:00Z,CH,cases,1
11122,2020-06-22T10:33:00Z,CH,cases,1
11123,2020-06-21T10:42:00Z,CH,cases,1
11124,2020-06-20T11:00:00Z,CH,cases,1
11125,2020-06-19T13:00:00Z,CH,president speech,0
11126,2020-06-19T10:35:00Z,CH,cases,1
11127,2020-06-18T10:45:00Z,CH,cases,1
11128,2020-06-18T10:45:00Z,CH,cases,1
11129,2020-06-17T11:10:00Z,CH,cases,1
11130,2020-06-16T10:45:00Z,CH,cases,1
11131,2020-06-15T10:43:00Z,CH,cases,1
11132,2020-06-14T10:56:00Z,CH,cases,1
11133,2020-06-13T10:50:00Z,CH,cases,1
11134,2020-06-12T10:29:00Z,CH,cases,1
11135,2020-06-11T14:53:00Z,CH,cases,0
11136,2020-06-11T14:52:00Z,CH,cases,0
11137,2020-06-11T14:52:00Z,CH,cases,0
11138,2020-06-11T14:52:00Z,CH,cases,0
11139,2020-06-11T11:42:00Z,CH,cases,1
11140,2020-06-11T11:42:00Z,CH,cases,1
11141,2020-06-11T11:42:00Z,CH,cases,1
11142,2020-06-11T11:41:00Z,CH,cases,1
11143,2020-06-10T14:26:00Z,CH,cases,0
11144,2020-06-10T14:26:00Z,CH,cases,0
11145,2020-06-10T14:25:00Z,CH,cases,0
11146,2020-06-10T10:03:00Z,CH,cases,1
11147,2020-06-10T10:03:00Z,CH,cases,1
11148,2020-06-10T10:03:00Z,CH,cases,1
11149,2020-06-10T10:03:00Z,CH,cases,1
11150,2020-06-09T10:38:00Z,CH,cases,1
11151,2020-06-08T10:25:00Z,CH,cases,1
11152,2020-06-07T10:27:00Z,CH,cases,1
11153,2020-06-06T10:36:00Z,CH,cases,1
11154,2020-06-05T10:42:00Z,CH,cases,1
11155,2020-06-04T10:22:00Z,CH,cases,1
11156,2020-05-01T12:00:00Z,CH,live,1
11157,2020-05-01T10:33:00Z,CH,cases,1
11158,2020-04-30T12:40:00Z,CH,cases,0
11159,2020-04-30T07:00:00Z,CH,president speech,0
11160,2020-04-29T14:15:00Z,CH,president speech,0
11161,2020-04-29T12:45:00Z,CH,president speech,0
11162,2020-04-29T10:16:00Z,CH,cases,1
11163,2020-04-28T10:31:00Z,CH,cases,1
11164,2020-04-27T12:15:00Z,CH,cases,1
11165,2020-04-27T12:00:00Z,CH,president speech,1
11166,2020-04-26T10:38:00Z,CH,cases,1
11167,2020-04-25T10:04:00Z,CH,cases,1
11168,2020-04-24T12:00:00Z,CH,president speech,1
11169,2020-04-23T12:45:00Z,CH,cases,0
11170,2020-04-23T09:56:00Z,CH,cases,0
11171,2020-04-22T13:00:00Z,CH,president speech,0
11172,2020-04-22T11:46:00Z,CH,cases,1
11173,2020-04-21T11:14:00Z,CH,cases,1
11174,2020-04-20T12:00:00Z,CH,president speech,1
11175,2020-04-20T10:21:00Z,CH,cases,1
11176,2020-04-19T10:11:00Z,CH,cases,1
11177,2020-04-18T10:08:00Z,CH,cases,1
11178,2020-04-17T12:00:00Z,CH,president speech,1
11179,2020-04-17T11:18:00Z,CH,cases,1
11180,2020-04-16T14:06:00Z,CH,cases,0
11181,2020-04-16T13:15:00Z,CH,president speech,0
11182,2020-04-15T12:01:00Z,CH,cases,1
11183,2020-04-14T12:00:00Z,CH,president speech,1
11184,2020-04-14T10:19:00Z,CH,cases,1
11185,2020-04-13T10:17:00Z,CH,cases,1
11186,2020-04-12T09:39:00Z,CH,cases,0
11187,2020-04-11T12:00:00Z,CH,live,1
11188,2020-04-11T10:50:00Z,CH,cases,1
11189,2020-04-10T09:59:00Z,CH,cases,0
11190,2020-04-09T11:40:00Z,CH,cases,1
11191,2020-04-09T06:30:00Z,CH,president speech,0
11192,2020-04-08T14:30:00Z,CH,president speech,0
11193,2020-04-08T11:16:00Z,CH,cases,1
11194,2020-04-07T12:00:00Z,CH,president speech,1
11195,2020-04-07T10:40:00Z,CH,cases,1
11196,2020-04-06T12:02:00Z,CH,cases,1
11197,2020-04-05T10:32:00Z,CH,cases,1
11198,2020-04-04T12:00:00Z,CH,president speech,1
11199,2020-04-04T10:22:00Z,CH,cases,1
11200,2020-04-03T12:30:00Z,CH,president speech,1
11201,2020-04-03T10:39:00Z,CH,cases,1
11202,2020-04-02T12:00:00Z,CH,live,1
11203,2020-04-02T11:04:00Z,CH,cases,1
11204,2020-04-01T12:33:00Z,CH,cases,0
11205,2020-04-01T12:00:00Z,CH,president speech,1
11206,2020-03-31T10:20:00Z,CH,cases,1
11207,2020-03-31T08:34:00Z,CH,cases,0
11208,2020-03-30T12:00:00Z,CH,president speech,1
11209,2020-03-30T10:29:00Z,CH,cases,1
11210,2020-03-29T09:52:00Z,CH,cases,0
11211,2020-03-29T09:51:00Z,CH,cases,0
11212,2020-03-28T13:00:00Z,CH,president speech,1
11213,2020-03-28T13:00:00Z,CH,live,1
11214,2020-03-28T12:16:00Z,CH,cases,1
11215,2020-03-27T13:30:00Z,CH,president speech,1
11216,2020-03-27T12:50:00Z,CH,cases,1
11217,2020-03-26T13:00:00Z,CH,president speech,1
11218,2020-03-26T12:22:00Z,CH,cases,1
11219,2020-03-25T16:11:00Z,CH,cases,0
11220,2020-03-25T13:41:00Z,CH,president speech,0
11221,2020-03-25T13:00:00Z,CH,president speech,1
11222,2020-03-24T13:00:00Z,CH,president speech,1
11223,2020-03-24T11:36:00Z,CH,cases,1
11224,2020-03-23T13:00:00Z,CH,president speech,1
11225,2020-03-23T11:33:00Z,CH,cases,1
11226,2020-03-22T11:30:00Z,CH,cases,1
11227,2020-03-21T14:27:00Z,CH,president speech,0
11228,2020-03-21T11:21:00Z,CH,cases,1
11229,2020-03-20T15:23:00Z,CH,president speech,0
11230,2020-03-20T11:24:00Z,CH,cases,1
11231,2020-03-19T12:24:00Z,CH,cases,1
11232,2020-03-18T14:23:00Z,CH,cases,0
11233,2020-03-17T12:56:00Z,CH,cases,1
11234,2020-03-16T16:34:00Z,CH,president speech,0
11235,2020-03-14T10:27:00Z,CH,cases,0
11236,2020-03-13T11:44:00Z,CH,cases,1
11237,2020-03-12T12:02:00Z,CH,cases,1
11238,2020-03-11T11:00:00Z,CH,cases,0
11239,2020-03-10T11:17:00Z,CH,cases,1
11240,2020-03-09T11:14:00Z,CH,cases,1
11241,2020-03-09T11:14:00Z,CH,cases,1
11242,2020-03-08T11:09:00Z,CH,cases,1
11243,2020-03-07T11:18:00Z,CH,cases,1
11244,2020-03-06T14:30:00Z,CH,cases,0
11245,2020-03-06T13:55:00Z,CH,president speech,0
11246,2020-03-05T16:20:00Z,CH,cases,0
11247,2020-03-04T16:26:00Z,CH,cases,0
11248,2020-03-04T12:28:00Z,CH,president speech,1
11249,2020-03-03T16:38:00Z,CH,cases,0
11250,2020-03-02T16:27:00Z,CH,cases,0
11251,2021-04-12T15:25:00Z,DE,cases,1
11252,2021-04-11T11:30:00Z,DE,cases,0
11253,2021-04-10T12:40:00Z,DE,cases,0
11254,2021-04-09T14:55:00Z,DE,cases,1
11255,2021-04-08T16:00:00Z,DE,cases,1
11256,2021-04-08T15:20:00Z,DE,cases,1
11257,2021-04-04T13:10:00Z,DE,cases,0
11258,2021-04-03T11:30:00Z,DE,cases,0
11259,2021-04-02T13:10:00Z,DE,cases,0
11260,2021-03-31T18:25:00Z,DE,cases,0
11261,2021-03-26T17:55:00Z,DE,cases,1
11262,2021-03-25T16:35:00Z,DE,cases,1
11263,2021-03-24T18:50:00Z,DE,cases,0
11264,2021-03-23T18:25:00Z,DE,cases,0
11265,2021-03-22T17:05:00Z,DE,cases,1
11266,2021-03-18T19:00:00Z,DE,cases,0
11267,2021-03-17T18:10:00Z,DE,cases,0
11268,2021-03-16T18:10:00Z,DE,cases,0
11269,2021-03-15T17:20:00Z,DE,cases,1
11270,2021-03-10T17:15:00Z,DE,cases,1
11271,2021-03-02T16:45:00Z,DE,cases,1
11272,2021-03-01T16:45:00Z,DE,cases,1
11273,2021-02-28T14:00:00Z,DE,cases,0
11274,2021-02-27T14:40:00Z,DE,cases,1
11275,2021-02-22T17:50:00Z,DE,cases,1
11276,2021-02-21T14:00:00Z,DE,cases,0
11277,2021-02-20T15:15:00Z,DE,cases,1
11278,2021-02-19T15:55:00Z,DE,cases,1
11279,2021-02-16T17:15:00Z,DE,cases,1
11280,2021-02-15T16:40:00Z,DE,cases,1
11281,2021-02-14T13:49:00Z,DE,cases,0
11282,2021-02-13T16:40:00Z,DE,cases,1
11283,2021-02-13T10:45:00Z,DE,cases,0
11284,2021-02-08T16:35:00Z,DE,cases,1
11285,2021-02-07T14:15:00Z,DE,cases,0
11286,2021-02-06T15:15:00Z,DE,cases,1
11287,2021-02-05T17:10:00Z,DE,cases,1
11288,2021-01-31T15:30:00Z,DE,cases,1
11289,2021-01-30T14:50:00Z,DE,cases,1
11290,2021-01-30T09:00:00Z,DE,other,1
11291,2021-01-29T17:40:00Z,DE,cases,1
11292,2021-01-28T17:55:00Z,DE,cases,1
11293,2021-01-22T18:00:00Z,DE,cases,1
11294,2021-01-21T19:05:00Z,DE,cases,0
11295,2021-01-14T18:45:00Z,DE,cases,0
11296,2021-01-14T09:01:00Z,DE,cases,0
11297,2021-01-08T18:00:00Z,DE,cases,1
11298,2021-01-07T16:55:00Z,DE,cases,1
11299,2021-01-07T14:45:00Z,DE,other,1
11300,2021-01-02T15:50:00Z,DE,cases,1
11301,2020-12-31T14:45:00Z,DE,cases,1
11302,2020-12-30T16:00:00Z,DE,cases,1
11303,2020-12-29T16:45:00Z,DE,cases,1
11304,2020-12-28T17:25:00Z,DE,cases,1
11305,2020-12-27T13:40:00Z,DE,cases,0
11306,2020-12-26T14:45:00Z,DE,cases,1
11307,2020-12-24T15:00:00Z,DE,cases,1
11308,2020-12-23T14:30:00Z,DE,cases,0
11309,2020-12-22T09:03:00Z,DE,cases,0
11310,2020-12-19T16:20:00Z,DE,cases,1
11311,2020-12-18T17:00:00Z,DE,cases,1
11312,2020-12-17T19:05:00Z,DE,cases,0
11313,2020-12-12T15:55:00Z,DE,cases,1
11314,2020-12-11T19:25:00Z,DE,cases,0
11315,2020-12-10T17:40:00Z,DE,cases,1
11316,2020-12-10T09:04:00Z,DE,cases,0
11317,2020-12-07T17:55:00Z,DE,cases,1
11318,2020-12-06T15:10:00Z,DE,cases,1
11319,2020-12-05T14:45:00Z,DE,cases,1
11320,2020-12-05T14:45:00Z,DE,cases,1
11321,2020-12-04T16:20:00Z,DE,cases,1
11322,2020-12-04T16:20:00Z,DE,cases,1
11323,2020-12-03T16:35:00Z,DE,cases,1
11324,2020-12-03T09:00:00Z,DE,cases,1
11325,2020-12-01T08:00:00Z,DE,cases,0
11326,2020-11-28T14:40:00Z,DE,cases,1
11327,2020-11-27T16:45:00Z,DE,cases,1
11328,2020-11-26T17:00:00Z,DE,cases,1
11329,2020-11-26T08:30:00Z,DE,cases,0
11330,2020-11-25T19:40:00Z,DE,cases,0
11331,2020-11-25T11:00:00Z,DE,other,0
11332,2020-11-25T07:30:00Z,DE,cases,0
11333,2020-11-24T18:30:00Z,DE,cases,0
11334,2020-11-16T18:45:00Z,DE,cases,0
11335,2020-11-15T15:35:00Z,DE,cases,1
11336,2020-11-15T15:35:00Z,DE,cases,1
11337,2020-11-14T16:30:00Z,DE,cases,1
11338,2020-11-14T16:30:00Z,DE,cases,1
11339,2020-11-13T17:00:00Z,DE,cases,1
11340,2020-11-13T17:00:00Z,DE,cases,1
11341,2020-11-13T09:48:00Z,DE,cases,0
11342,2020-11-12T09:20:00Z,DE,cases,0
11343,2020-11-12T08:56:00Z,DE,cases,1
11344,2020-10-25T14:45:00Z,DE,cases,1
11345,2020-10-24T16:15:00Z,DE,cases,1
11346,2020-10-23T16:15:00Z,DE,cases,1
11347,2020-10-23T15:55:00Z,DE,cases,1
11348,2020-10-22T15:40:00Z,DE,cases,1
11349,2020-10-22T08:03:00Z,DE,cases,0
11350,2020-10-11T13:00:00Z,DE,cases,0
11351,2020-10-10T14:57:00Z,DE,cases,1
11352,2020-10-09T16:35:00Z,DE,cases,1
11353,2020-10-08T15:15:00Z,DE,cases,1
11354,2020-10-07T17:10:00Z,DE,cases,0
11355,2020-10-07T17:10:00Z,DE,cases,0
11356,2020-10-06T16:05:00Z,DE,cases,1
11357,2020-10-05T13:35:00Z,DE,cases,1
11358,2020-10-04T13:35:00Z,DE,cases,1
11359,2020-10-04T13:35:00Z,DE,cases,1
11360,2020-10-03T14:15:00Z,DE,cases,1
11361,2020-10-03T14:15:00Z,DE,cases,1
11362,2020-10-02T15:55:00Z,DE,cases,1
11363,2020-10-02T14:50:00Z,DE,cases,1
11364,2020-10-02T14:50:00Z,DE,cases,1
11365,2020-10-01T14:45:00Z,DE,cases,1
11366,2020-09-30T15:45:00Z,DE,cases,1
11367,2020-09-27T13:45:00Z,DE,cases,1
11368,2020-09-27T13:30:00Z,DE,cases,0
11369,2020-09-25T16:25:00Z,DE,cases,1
11370,2020-09-25T16:20:00Z,DE,cases,1
11371,2020-09-24T16:30:00Z,DE,cases,1
11372,2020-09-24T12:55:00Z,DE,cases,0
11373,2020-09-16T16:55:00Z,DE,cases,1
11374,2020-09-15T17:10:00Z,DE,cases,0
11375,2020-09-14T16:30:00Z,DE,cases,1
11376,2020-09-14T06:40:00Z,DE,other,0
11377,2020-09-13T09:00:00Z,DE,cases,0
11378,2020-09-12T13:30:00Z,DE,cases,0
11379,2020-09-11T15:10:00Z,DE,cases,1
11380,2020-09-11T15:10:00Z,DE,cases,1
11381,2020-09-11T10:00:00Z,DE,other,0
11382,2020-09-10T17:00:00Z,DE,cases,1
11383,2020-09-10T15:45:00Z,DE,cases,1
11384,2020-09-10T08:22:00Z,DE,other,0
11385,2020-09-09T17:00:00Z,DE,cases,1
11386,2020-09-09T17:00:00Z,DE,cases,1
11387,2020-09-08T15:15:00Z,DE,cases,1
11388,2020-09-07T15:45:00Z,DE,cases,1
11389,2020-09-06T12:45:00Z,DE,cases,0
11390,2020-09-05T15:00:00Z,DE,cases,1
11391,2020-09-04T18:45:00Z,DE,cases,0
11392,2020-09-03T15:10:00Z,DE,cases,1
11393,2020-09-03T15:10:00Z,DE,cases,1
11394,2020-09-03T15:10:00Z,DE,cases,1
11395,2020-09-02T18:20:00Z,DE,cases,0
11396,2020-09-02T18:20:00Z,DE,cases,0
11397,2020-09-01T16:20:00Z,DE,cases,1
11398,2020-08-31T14:55:00Z,DE,cases,1
11399,2020-08-30T13:15:00Z,DE,cases,0
11400,2020-08-29T14:30:00Z,DE,cases,1
11401,2020-08-28T15:20:00Z,DE,cases,1
11402,2020-08-28T07:50:00Z,DE,cases,1
11403,2020-08-27T11:40:00Z,DE,cases,0
11404,2020-08-27T11:40:00Z,DE,cases,0
11405,2020-08-26T13:59:00Z,DE,cases,1
11406,2020-08-25T16:10:00Z,DE,cases,1
11407,2020-08-24T13:30:00Z,DE,cases,0
11408,2020-08-23T15:05:00Z,DE,cases,1
11409,2020-08-22T11:45:00Z,DE,cases,0
11410,2020-08-21T13:20:00Z,DE,cases,0
11411,2020-08-21T13:20:00Z,DE,cases,0
11412,2020-08-20T17:35:00Z,DE,cases,0
11413,2020-08-19T06:30:00Z,DE,cases,0
11414,2020-08-17T16:00:00Z,DE,cases,1
11415,2020-08-16T14:25:00Z,DE,cases,1
11416,2020-08-15T13:05:00Z,DE,cases,0
11417,2020-08-14T16:45:00Z,DE,cases,1
11418,2020-08-11T16:40:00Z,DE,cases,1
11419,2020-08-10T06:30:00Z,DE,cases,0
11420,2020-08-09T16:15:00Z,DE,cases,1
11421,2020-08-08T14:15:00Z,DE,cases,1
11422,2020-08-07T15:45:00Z,DE,cases,1
11423,2020-08-06T14:35:00Z,DE,cases,1
11424,2020-08-06T14:35:00Z,DE,cases,1
11425,2020-08-05T15:15:00Z,DE,cases,1
11426,2020-08-04T15:30:00Z,DE,cases,1
11427,2020-08-03T16:15:00Z,DE,cases,1
11428,2020-08-02T12:50:00Z,DE,cases,0
11429,2020-08-01T13:20:00Z,DE,cases,0
11430,2020-07-31T16:20:00Z,DE,cases,1
11431,2020-07-30T16:40:00Z,DE,cases,1
11432,2020-07-30T16:40:00Z,DE,cases,1
11433,2020-07-29T15:15:00Z,DE,cases,1
11434,2020-07-28T15:25:00Z,DE,cases,1
11435,2020-07-28T15:25:00Z,DE,cases,1
11436,2020-07-28T08:03:00Z,DE,cases,0
11437,2020-07-27T14:30:00Z,DE,cases,1
11438,2020-07-27T14:30:00Z,DE,cases,1
11439,2020-07-26T14:45:00Z,DE,cases,1
11440,2020-07-25T14:45:00Z,DE,cases,1
11441,2020-07-24T15:45:00Z,DE,cases,1
11442,2020-07-24T15:45:00Z,DE,cases,1
11443,2020-07-23T15:00:00Z,DE,cases,1
11444,2020-07-23T15:00:00Z,DE,cases,1
11445,2020-07-22T17:00:00Z,DE,cases,1
11446,2020-07-22T17:00:00Z,DE,cases,1
11447,2020-07-21T15:00:00Z,DE,cases,1
11448,2020-07-20T14:30:00Z,DE,cases,1
11449,2020-07-19T13:30:00Z,DE,cases,0
11450,2020-07-18T11:30:00Z,DE,cases,0
11451,2020-07-17T15:10:00Z,DE,cases,1
11452,2020-07-16T15:20:00Z,DE,cases,1
11453,2020-07-10T14:10:00Z,DE,cases,1
11454,2020-07-09T14:30:00Z,DE,cases,1
11455,2020-07-08T14:00:00Z,DE,cases,1
11456,2020-07-07T14:55:00Z,DE,cases,1
11457,2020-07-06T15:05:00Z,DE,cases,1
11458,2020-07-05T13:40:00Z,DE,cases,1
11459,2020-07-04T15:15:00Z,DE,cases,1
11460,2020-07-03T12:45:00Z,DE,cases,0
11461,2020-07-03T12:45:00Z,DE,cases,0
11462,2020-07-02T14:20:00Z,DE,cases,1
11463,2020-07-01T14:20:00Z,DE,cases,1
11464,2020-06-30T15:15:00Z,DE,cases,1
11465,2020-06-29T14:00:00Z,DE,cases,1
11466,2020-06-28T11:55:00Z,DE,cases,0
11467,2020-06-27T14:15:00Z,DE,cases,1
11468,2020-06-26T14:20:00Z,DE,cases,1
11469,2020-06-26T14:20:00Z,DE,cases,1
11470,2020-06-25T17:00:00Z,DE,cases,1
11471,2020-06-24T13:55:00Z,DE,cases,1
11472,2020-06-23T15:20:00Z,DE,cases,1
11473,2020-06-22T16:00:00Z,DE,cases,1
11474,2020-06-21T16:30:00Z,DE,cases,1
11475,2020-06-20T15:15:00Z,DE,cases,1
11476,2020-06-19T18:50:00Z,DE,cases,0
11477,2020-06-19T06:30:00Z,DE,other,0
11478,2020-06-18T16:50:00Z,DE,cases,1
11479,2020-06-18T15:25:00Z,DE,other,1
11480,2020-06-17T16:00:00Z,DE,cases,1
11481,2020-06-12T06:30:00Z,DE,other,0
11482,2020-06-11T17:10:00Z,DE,cases,0
11483,2020-06-11T17:10:00Z,DE,other,0
11484,2020-06-11T15:50:00Z,DE,other,1
11485,2020-06-11T15:45:00Z,DE,cases,1
11486,2020-06-10T19:05:00Z,DE,cases,0
11487,2020-06-10T17:00:00Z,DE,other,1
11488,2020-06-10T16:55:00Z,DE,cases,1
11489,2020-06-10T09:11:00Z,DE,other,0
11490,2020-06-09T17:05:00Z,DE,cases,0
11491,2020-06-09T17:00:00Z,DE,cases,1
11492,2020-06-09T12:30:00Z,DE,other,0
11493,2020-06-08T17:05:00Z,DE,cases,0
11494,2020-06-08T17:00:00Z,DE,cases,1
11495,2020-06-07T13:05:00Z,DE,cases,0
11496,2020-04-30T15:03:00Z,DE,president speech,1
11497,2020-04-24T15:41:00Z,DE,president speech,1
11498,2020-04-23T17:13:00Z,DE,president speech,0
11499,2020-04-23T11:10:00Z,DE,president speech,0
11500,2020-04-20T13:23:00Z,DE,president speech,0
11501,2020-04-17T08:00:00Z,DE,president speech,1
11502,2020-04-16T14:33:00Z,DE,president speech,1
11503,2020-04-15T15:55:00Z,DE,president speech,1
11504,2020-04-09T13:30:00Z,DE,president speech,0
11505,2020-04-09T12:00:00Z,DE,president speech,0
11506,2020-04-06T14:15:00Z,DE,president speech,1
11507,2020-04-01T14:08:00Z,DE,president speech,1
11508,2020-03-26T18:47:00Z,DE,president speech,0
11509,2020-03-25T09:00:00Z,DE,cases,1
11510,2020-03-23T09:00:00Z,DE,cases,1
11511,2020-03-22T17:59:00Z,DE,other,1
11512,2020-03-22T16:02:00Z,DE,president speech,1
11513,2020-03-21T12:47:00Z,DE,other,0
11514,2020-03-20T08:59:00Z,DE,cases,1
11515,2020-03-18T23:05:00Z,DE,other,0
11516,2020-03-18T09:01:00Z,DE,cases,0
11517,2020-03-17T20:53:00Z,DE,president speech,0
11518,2020-03-17T18:26:00Z,DE,president speech,0
11519,2020-03-17T08:59:00Z,DE,cases,1
11520,2020-03-16T16:58:00Z,DE,president speech,1
11521,2020-03-16T09:00:00Z,DE,cases,1
11522,2020-03-13T08:59:00Z,DE,cases,1
11523,2020-03-12T08:59:00Z,DE,cases,1
11524,2020-03-11T16:37:00Z,DE,president speech,1
11525,2020-03-11T10:11:00Z,DE,president speech,0
11526,2020-03-11T08:59:00Z,DE,cases,1
11527,2020-03-10T22:18:00Z,DE,president speech,0
11528,2020-03-10T09:00:00Z,DE,cases,1
11529,2020-03-06T09:00:00Z,DE,cases,1
11530,2020-03-05T10:03:00Z,DE,cases,0
11531,2020-03-03T09:06:00Z,DE,cases,0
11532,2020-02-28T09:00:00Z,DE,cases,1
11533,2020-02-27T08:59:00Z,DE,cases,1
11534,2022-02-28T17:41:00Z,ES,cases,1
11535,2022-02-25T17:33:00Z,ES,cases,1
11536,2022-02-25T17:20:00Z,ES,cases,1
11537,2022-02-24T17:43:00Z,ES,cases,1
11538,2022-02-24T17:40:00Z,ES,cases,1
11539,2022-02-23T17:27:00Z,ES,cases,1
11540,2022-02-23T15:56:00Z,ES,cases,0
11541,2022-02-22T18:47:00Z,ES,cases,1
11542,2022-02-21T16:57:00Z,ES,cases,1
11543,2022-02-18T16:36:00Z,ES,cases,1
11544,2022-02-17T17:55:00Z,ES,cases,1
11545,2022-02-16T17:55:00Z,ES,cases,1
11546,2022-02-15T17:32:00Z,ES,cases,1
11547,2022-02-14T17:46:00Z,ES,cases,1
11548,2022-02-11T18:09:00Z,ES,cases,1
11549,2022-02-10T18:14:00Z,ES,cases,1
11550,2022-02-09T18:41:00Z,ES,cases,1
11551,2022-02-08T19:01:00Z,ES,cases,0
11552,2022-02-07T17:58:00Z,ES,cases,1
11553,2022-02-04T17:22:00Z,ES,cases,1
11554,2022-02-03T18:09:00Z,ES,cases,1
11555,2022-02-02T18:13:00Z,ES,cases,1
11556,2022-02-01T18:53:00Z,ES,cases,1
11557,2022-01-31T17:55:00Z,ES,cases,1
11558,2022-01-28T17:48:00Z,ES,cases,1
11559,2022-01-27T17:54:00Z,ES,cases,1
11560,2022-01-26T17:35:00Z,ES,cases,1
11561,2022-01-25T17:22:00Z,ES,cases,1
11562,2022-01-24T17:31:00Z,ES,cases,1
11563,2022-01-21T18:28:00Z,ES,cases,1
11564,2022-01-20T19:40:00Z,ES,cases,0
11565,2022-01-19T19:18:00Z,ES,cases,0
11566,2022-01-18T17:54:00Z,ES,cases,1
11567,2022-01-17T17:59:00Z,ES,cases,1
11568,2022-01-14T17:46:00Z,ES,cases,1
11569,2022-01-13T19:21:00Z,ES,cases,0
11570,2022-01-12T20:04:00Z,ES,cases,0
11571,2022-01-11T19:07:00Z,ES,cases,0
11572,2022-01-10T19:19:00Z,ES,cases,0
11573,2022-01-07T20:43:00Z,ES,cases,0
11574,2022-01-05T18:51:00Z,ES,cases,1
11575,2022-01-04T18:32:00Z,ES,cases,1
11576,2022-01-03T18:44:00Z,ES,cases,1
11577,2021-12-30T18:51:00Z,ES,cases,1
11578,2021-12-29T20:08:00Z,ES,cases,0
11579,2021-12-28T20:14:00Z,ES,cases,0
11580,2021-12-27T21:02:00Z,ES,cases,0
11581,2021-12-23T21:40:00Z,ES,cases,0
11582,2021-12-23T10:23:00Z,ES,president speech,0
11583,2021-12-22T19:18:00Z,ES,cases,0
11584,2021-12-22T18:51:00Z,ES,president speech,1
11585,2021-12-21T20:12:00Z,ES,cases,0
11586,2021-12-20T19:49:00Z,ES,cases,0
11587,2021-12-17T18:27:00Z,ES,cases,1
11588,2021-12-16T17:45:00Z,ES,cases,1
11589,2021-12-15T17:54:00Z,ES,cases,1
11590,2021-12-14T17:40:00Z,ES,cases,1
11591,2021-12-13T19:23:00Z,ES,cases,0
11592,2021-12-10T17:54:00Z,ES,cases,1
11593,2021-12-09T18:06:00Z,ES,cases,1
11594,2021-12-07T22:36:00Z,ES,cases,0
11595,2021-12-03T17:05:00Z,ES,cases,1
11596,2021-12-02T17:54:00Z,ES,cases,1
11597,2021-12-01T17:32:00Z,ES,cases,1
11598,2021-11-30T18:08:00Z,ES,cases,1
11599,2021-11-29T17:31:00Z,ES,cases,1
11600,2021-11-26T19:10:00Z,ES,cases,0
11601,2021-11-25T19:56:00Z,ES,cases,0
11602,2021-11-24T18:18:00Z,ES,cases,1
11603,2021-11-23T18:27:00Z,ES,cases,1
11604,2021-11-22T17:27:00Z,ES,cases,1
11605,2021-11-19T16:57:00Z,ES,cases,1
11606,2021-11-18T18:28:00Z,ES,cases,1
11607,2021-11-17T16:57:00Z,ES,cases,1
11608,2021-11-16T18:39:00Z,ES,cases,1
11609,2021-11-15T17:05:00Z,ES,cases,1
11610,2021-11-12T16:49:00Z,ES,cases,1
11611,2021-11-11T19:45:00Z,ES,cases,0
11612,2021-11-10T17:20:00Z,ES,cases,1
11613,2021-11-08T17:58:00Z,ES,cases,1
11614,2021-11-05T16:44:00Z,ES,cases,1
11615,2021-11-04T17:28:00Z,ES,cases,1
11616,2021-11-03T17:01:00Z,ES,cases,1
11617,2021-11-02T19:24:00Z,ES,cases,0
11618,2021-10-29T15:14:00Z,ES,cases,1
11619,2021-10-28T16:46:00Z,ES,cases,1
11620,2021-10-27T15:45:00Z,ES,cases,1
11621,2021-10-26T17:58:00Z,ES,cases,1
11622,2021-10-25T16:39:00Z,ES,cases,1
11623,2021-10-22T16:05:00Z,ES,cases,1
11624,2021-10-21T16:30:00Z,ES,cases,1
11625,2021-10-20T15:45:00Z,ES,cases,1
11626,2021-10-19T16:32:00Z,ES,cases,1
11627,2021-10-18T16:37:00Z,ES,cases,1
11628,2021-10-15T15:53:00Z,ES,cases,1
11629,2021-10-14T17:23:00Z,ES,cases,1
11630,2021-10-13T16:31:00Z,ES,cases,1
11631,2021-10-11T15:39:00Z,ES,cases,1
11632,2021-10-09T09:32:00Z,ES,president speech,0
11633,2021-10-09T09:15:00Z,ES,president speech,0
11634,2021-10-08T16:31:00Z,ES,cases,1
11635,2021-10-07T15:40:00Z,ES,cases,1
11636,2021-10-06T16:29:00Z,ES,cases,1
11637,2021-10-05T16:02:00Z,ES,cases,1
11638,2021-10-04T16:09:00Z,ES,cases,1
11639,2021-10-01T17:34:00Z,ES,cases,1
11640,2021-09-30T16:12:00Z,ES,cases,1
11641,2021-09-29T16:04:00Z,ES,cases,1
11642,2021-09-28T15:32:00Z,ES,cases,1
11643,2021-09-27T16:52:00Z,ES,cases,1
11644,2021-09-24T15:29:00Z,ES,cases,1
11645,2021-09-23T16:32:00Z,ES,cases,1
11646,2021-09-22T16:25:00Z,ES,cases,1
11647,2021-09-21T17:19:00Z,ES,cases,1
11648,2021-09-20T16:13:00Z,ES,cases,1
11649,2021-09-17T15:48:00Z,ES,cases,1
11650,2021-09-16T15:44:00Z,ES,cases,1
11651,2021-09-15T17:33:00Z,ES,cases,1
11652,2021-09-14T16:43:00Z,ES,cases,1
11653,2021-09-13T16:28:00Z,ES,cases,1
11654,2021-09-10T16:02:00Z,ES,cases,1
11655,2021-09-09T16:16:00Z,ES,cases,1
11656,2021-09-08T15:41:00Z,ES,cases,1
11657,2021-09-07T15:39:00Z,ES,cases,1
11658,2021-09-06T16:16:00Z,ES,cases,1
11659,2021-09-03T15:31:00Z,ES,cases,1
11660,2021-09-02T16:00:00Z,ES,cases,1
11661,2021-09-01T15:46:00Z,ES,cases,1
11662,2021-04-09T16:08:00Z,ES,cases,1
11663,2021-04-08T17:20:00Z,ES,cases,1
11664,2021-04-07T16:04:00Z,ES,cases,1
11665,2021-04-06T15:57:00Z,ES,cases,1
11666,2021-04-05T16:56:00Z,ES,cases,1
11667,2021-04-03T16:21:00Z,ES,cases,1
11668,2021-04-01T16:21:00Z,ES,cases,1
11669,2021-03-31T15:57:00Z,ES,cases,1
11670,2021-03-30T16:47:00Z,ES,cases,1
11671,2021-03-29T16:32:00Z,ES,cases,1
11672,2021-03-25T17:53:00Z,ES,cases,1
11673,2021-03-24T17:13:00Z,ES,cases,1
11674,2021-03-23T18:01:00Z,ES,cases,1
11675,2021-03-22T17:59:00Z,ES,cases,1
11676,2021-03-17T17:30:00Z,ES,cases,1
11677,2021-03-16T17:35:00Z,ES,cases,1
11678,2021-03-15T17:27:00Z,ES,cases,1
11679,2021-03-12T17:03:00Z,ES,cases,1
11680,2021-03-11T17:47:00Z,ES,cases,1
11681,2021-03-09T18:38:00Z,ES,cases,1
11682,2021-03-08T18:28:00Z,ES,cases,1
11683,2021-03-08T15:56:00Z,ES,president speech,0
11684,2021-03-05T18:05:00Z,ES,cases,1
11685,2021-03-04T17:36:00Z,ES,cases,1
11686,2021-03-03T17:08:00Z,ES,cases,1
11687,2021-03-02T17:51:00Z,ES,cases,1
11688,2021-03-02T09:20:00Z,ES,cases,0
11689,2021-03-01T17:50:00Z,ES,cases,1
11690,2021-03-01T15:56:00Z,ES,president speech,0
11691,2021-02-26T17:46:00Z,ES,cases,1
11692,2021-02-25T18:12:00Z,ES,cases,1
11693,2021-02-24T17:13:00Z,ES,cases,1
11694,2021-02-24T08:00:00Z,ES,president speech,0
11695,2021-02-22T17:29:00Z,ES,cases,1
11696,2021-02-22T15:47:00Z,ES,president speech,0
11697,2021-02-19T17:33:00Z,ES,cases,1
11698,2021-02-18T17:43:00Z,ES,cases,1
11699,2021-02-18T11:08:00Z,ES,president speech,0
11700,2021-02-17T17:35:00Z,ES,cases,1
11701,2021-02-16T17:38:00Z,ES,cases,1
11702,2021-02-16T08:56:00Z,ES,cases,0
11703,2021-02-15T17:35:00Z,ES,cases,1
11704,2021-02-15T16:15:00Z,ES,president speech,1
11705,2021-02-12T17:09:00Z,ES,cases,1
11706,2021-02-12T10:24:00Z,ES,president speech,0
11707,2021-02-11T17:27:00Z,ES,cases,1
11708,2021-02-10T18:01:00Z,ES,cases,1
11709,2021-02-09T16:59:00Z,ES,cases,1
11710,2021-02-05T17:40:00Z,ES,cases,1
11711,2021-02-04T17:44:00Z,ES,cases,1
11712,2021-02-03T17:32:00Z,ES,cases,1
11713,2021-02-02T17:17:00Z,ES,cases,1
11714,2021-02-01T17:38:00Z,ES,cases,1
11715,2021-02-01T16:00:00Z,ES,president speech,0
11716,2021-01-29T17:32:00Z,ES,cases,1
11717,2021-01-28T18:38:00Z,ES,cases,1
11718,2021-01-27T17:45:00Z,ES,cases,1
11719,2021-01-26T17:45:00Z,ES,cases,1
11720,2021-01-25T17:43:00Z,ES,cases,1
11721,2021-01-22T17:54:00Z,ES,cases,1
11722,2021-01-21T18:15:00Z,ES,cases,1
11723,2021-01-20T16:54:00Z,ES,cases,1
11724,2021-01-19T17:37:00Z,ES,cases,1
11725,2021-01-18T17:45:00Z,ES,cases,1
11726,2021-01-16T09:38:00Z,ES,president speech,0
11727,2021-01-15T17:44:00Z,ES,cases,1
11728,2021-01-14T17:34:00Z,ES,cases,1
11729,2021-01-13T18:22:00Z,ES,cases,1
11730,2021-01-12T17:49:00Z,ES,cases,1
11731,2021-01-11T17:23:00Z,ES,cases,1
11732,2021-01-08T17:13:00Z,ES,cases,1
11733,2021-01-08T10:23:00Z,ES,president speech,0
11734,2021-01-07T18:18:00Z,ES,cases,1
11735,2021-01-07T09:08:00Z,ES,president speech,0
11736,2021-01-05T17:35:00Z,ES,cases,1
11737,2021-01-04T17:27:00Z,ES,cases,1
11738,2021-01-04T17:23:00Z,ES,president speech,1
11739,2020-12-31T17:15:00Z,ES,cases,1
11740,2020-12-30T17:09:00Z,ES,cases,1
11741,2020-12-29T17:44:00Z,ES,cases,1
11742,2020-12-28T17:32:00Z,ES,cases,1
11743,2020-12-27T11:10:00Z,ES,president speech,0
11744,2020-12-24T17:11:00Z,ES,cases,1
11745,2020-12-23T17:28:00Z,ES,cases,1
11746,2020-12-22T17:53:00Z,ES,cases,1
11747,2020-12-22T08:53:00Z,ES,cases,0
11748,2020-12-21T18:32:00Z,ES,cases,1
11749,2020-12-18T17:40:00Z,ES,cases,1
11750,2020-12-17T17:51:00Z,ES,cases,1
11751,2020-12-16T17:47:00Z,ES,cases,1
11752,2020-12-16T08:00:00Z,ES,president speech,0
11753,2020-12-15T18:11:00Z,ES,cases,1
11754,2020-12-14T17:45:00Z,ES,cases,1
11755,2020-12-11T18:33:00Z,ES,cases,1
11756,2020-12-10T17:54:00Z,ES,cases,1
11757,2020-12-09T18:04:00Z,ES,cases,1
11758,2020-12-07T18:32:00Z,ES,cases,1
11759,2020-12-04T17:06:00Z,ES,cases,1
11760,2020-12-03T21:17:00Z,ES,president speech,0
11761,2020-12-03T17:34:00Z,ES,cases,1
11762,2020-12-02T17:47:00Z,ES,cases,1
11763,2020-12-01T19:01:00Z,ES,cases,0
11764,2020-11-30T20:41:00Z,ES,cases,0
11765,2020-11-30T17:29:00Z,ES,cases,1
11766,2020-11-27T17:44:00Z,ES,cases,1
11767,2020-11-26T19:05:00Z,ES,cases,0
11768,2020-11-26T11:00:00Z,ES,president speech,0
11769,2020-11-25T17:38:00Z,ES,cases,1
11770,2020-11-24T17:46:00Z,ES,cases,1
11771,2020-11-23T17:46:00Z,ES,cases,1
11772,2020-11-16T18:07:00Z,ES,cases,1
11773,2020-11-15T19:57:00Z,ES,cases,0
11774,2020-11-13T17:41:00Z,ES,cases,1
11775,2020-11-12T17:47:00Z,ES,cases,1
11776,2020-11-11T17:52:00Z,ES,cases,1
11777,2020-11-10T17:49:00Z,ES,cases,1
11778,2020-11-10T17:11:00Z,ES,cases,1
11779,2020-11-09T17:13:00Z,ES,cases,1
11780,2020-11-06T18:07:00Z,ES,cases,1
11781,2020-11-05T17:44:00Z,ES,cases,1
11782,2020-11-04T18:47:00Z,ES,cases,1
11783,2020-11-03T17:37:00Z,ES,cases,1
11784,2020-11-02T18:17:00Z,ES,cases,1
11785,2020-10-30T17:11:00Z,ES,cases,1
11786,2020-10-29T18:38:00Z,ES,cases,1
11787,2020-10-28T17:14:00Z,ES,cases,1
11788,2020-10-27T17:24:00Z,ES,cases,1
11789,2020-10-26T18:03:00Z,ES,cases,1
11790,2020-10-23T16:19:00Z,ES,cases,1
11791,2020-10-22T17:14:00Z,ES,cases,1
11792,2020-10-21T17:40:00Z,ES,cases,1
11793,2020-10-20T16:32:00Z,ES,cases,1
11794,2020-10-19T16:52:00Z,ES,cases,1
11795,2020-10-09T15:42:00Z,ES,cases,1
11796,2020-10-08T16:45:00Z,ES,cases,1
11797,2020-10-07T15:58:00Z,ES,cases,1
11798,2020-10-06T16:40:00Z,ES,cases,1
11799,2020-10-05T16:18:00Z,ES,president speech,1
11800,2020-10-02T16:10:00Z,ES,cases,1
11801,2020-10-02T16:10:00Z,ES,cases,1
11802,2020-10-01T16:22:00Z,ES,cases,1
11803,2020-09-30T17:07:00Z,ES,cases,1
11804,2020-09-29T19:24:00Z,ES,cases,0
11805,2020-09-28T17:12:00Z,ES,president speech,1
11806,2020-09-28T16:30:00Z,ES,cases,1
11807,2020-09-28T16:24:00Z,ES,president speech,1
11808,2020-09-26T09:28:00Z,ES,president speech,0
11809,2020-09-25T15:53:00Z,ES,cases,1
11810,2020-09-25T09:54:00Z,ES,other,0
11811,2020-09-24T16:42:00Z,ES,cases,1
11812,2020-09-23T17:10:00Z,ES,cases,1
11813,2020-09-22T16:07:00Z,ES,cases,1
11814,2020-09-21T16:23:00Z,ES,cases,1
11815,2020-09-16T16:28:00Z,ES,cases,1
11816,2020-09-15T16:07:00Z,ES,cases,1
11817,2020-09-14T17:01:00Z,ES,cases,1
11818,2020-09-11T15:55:00Z,ES,cases,1
11819,2020-09-10T17:25:00Z,ES,cases,1
11820,2020-09-09T16:52:00Z,ES,cases,1
11821,2020-09-08T16:53:00Z,ES,cases,1
11822,2020-09-06T12:12:00Z,ES,president speech,0
11823,2020-09-04T15:48:00Z,ES,cases,1
11824,2020-09-03T17:15:00Z,ES,cases,1
11825,2020-09-02T16:08:00Z,ES,cases,1
11826,2020-09-01T16:41:00Z,ES,cases,1
11827,2020-09-01T07:55:00Z,ES,cases,0
11828,2020-08-31T16:52:00Z,ES,cases,1
11829,2020-08-28T16:12:00Z,ES,cases,1
11830,2020-08-28T09:39:00Z,ES,president speech,0
11831,2020-08-27T17:18:00Z,ES,cases,1
11832,2020-08-26T15:57:00Z,ES,cases,1
11833,2020-08-25T15:38:00Z,ES,cases,1
11834,2020-08-24T16:42:00Z,ES,cases,1
11835,2020-08-21T15:53:00Z,ES,cases,1
11836,2020-08-20T15:37:00Z,ES,cases,1
11837,2020-08-19T15:11:00Z,ES,cases,1
11838,2020-08-19T10:06:00Z,ES,president speech,0
11839,2020-08-18T15:04:00Z,ES,cases,1
11840,2020-08-17T15:41:00Z,ES,cases,1
11841,2020-08-14T15:22:00Z,ES,cases,1
11842,2020-08-11T16:01:00Z,ES,cases,1
11843,2020-08-10T17:11:00Z,ES,cases,1
11844,2020-08-07T15:45:00Z,ES,cases,1
11845,2020-08-06T15:54:00Z,ES,cases,1
11846,2020-08-05T15:41:00Z,ES,cases,1
11847,2020-08-04T14:54:00Z,ES,cases,0
11848,2020-08-04T07:16:00Z,ES,president speech,0
11849,2020-08-03T15:52:00Z,ES,cases,1
11850,2020-07-31T14:54:00Z,ES,cases,0
11851,2020-07-30T16:00:00Z,ES,cases,1
11852,2020-07-29T15:51:00Z,ES,cases,1
11853,2020-07-28T15:41:00Z,ES,cases,1
11854,2020-07-27T16:07:00Z,ES,cases,1
11855,2020-07-24T15:27:00Z,ES,cases,1
11856,2020-07-23T15:15:00Z,ES,cases,1
11857,2020-07-22T15:59:00Z,ES,cases,1
11858,2020-07-21T15:39:00Z,ES,cases,1
11859,2020-07-20T16:30:00Z,ES,cases,1
11860,2020-07-17T15:24:00Z,ES,cases,1
11861,2020-07-09T16:25:00Z,ES,cases,1
11862,2020-07-08T15:28:00Z,ES,cases,1
11863,2020-07-07T15:52:00Z,ES,cases,1
11864,2020-07-06T15:33:00Z,ES,cases,1
11865,2020-07-03T14:59:00Z,ES,cases,0
11866,2020-07-02T16:11:00Z,ES,cases,1
11867,2020-07-01T16:00:00Z,ES,cases,1
11868,2020-06-30T15:01:00Z,ES,cases,1
11869,2020-06-29T15:46:00Z,ES,cases,1
11870,2020-06-28T15:13:00Z,ES,cases,1
11871,2020-06-27T15:18:00Z,ES,cases,1
11872,2020-06-27T13:00:00Z,ES,president speech,0
11873,2020-06-26T14:50:00Z,ES,cases,0
11874,2020-06-25T15:20:00Z,ES,cases,1
11875,2020-06-24T15:13:00Z,ES,cases,1
11876,2020-06-24T13:58:00Z,ES,president speech,0
11877,2020-06-23T15:50:00Z,ES,cases,1
11878,2020-06-22T15:20:00Z,ES,cases,1
11879,2020-06-21T14:44:00Z,ES,cases,0
11880,2020-06-20T15:10:00Z,ES,cases,1
11881,2020-06-20T11:59:00Z,ES,president speech,0
11882,2020-06-19T16:16:00Z,ES,cases,1
11883,2020-06-17T15:01:00Z,ES,cases,1
11884,2020-06-16T15:03:00Z,ES,cases,1
11885,2020-06-15T15:40:00Z,ES,cases,1
11886,2020-06-14T15:04:00Z,ES,cases,1
11887,2020-06-13T14:47:00Z,ES,cases,0
11888,2020-06-12T15:25:00Z,ES,cases,1
11889,2020-06-11T16:04:00Z,ES,cases,1
11890,2020-06-11T16:04:00Z,ES,cases,1
11891,2020-06-10T15:07:00Z,ES,cases,1
11892,2020-06-10T15:07:00Z,ES,cases,1
11893,2020-06-09T15:27:00Z,ES,cases,1
11894,2020-06-08T15:06:00Z,ES,cases,1
11895,2020-06-07T14:42:00Z,ES,cases,0
11896,2020-06-06T16:32:00Z,ES,cases,1
11897,2020-06-05T15:22:00Z,ES,cases,1
11898,2020-06-04T17:04:00Z,ES,cases,1
11899,2020-06-04T15:16:00Z,ES,cases,1
11900,2020-06-01T15:23:00Z,ES,cases,1
11901,2020-06-01T15:23:00Z,ES,cases,1
11902,2020-06-01T15:23:00Z,ES,cases,1
11903,2020-06-01T15:23:00Z,ES,cases,1
11904,2020-06-01T15:23:00Z,ES,cases,1
11905,2020-06-01T15:23:00Z,ES,cases,1
11906,2020-06-01T15:23:00Z,ES,cases,1
11907,2020-05-31T15:04:00Z,ES,cases,1
11908,2020-05-31T15:04:00Z,ES,cases,1
11909,2020-05-31T15:04:00Z,ES,cases,1
11910,2020-05-31T15:04:00Z,ES,cases,1
11911,2020-05-31T15:04:00Z,ES,cases,1
11912,2020-05-31T15:04:00Z,ES,cases,1
11913,2020-05-31T15:04:00Z,ES,cases,1
11914,2020-05-30T14:56:00Z,ES,cases,0
11915,2020-05-30T14:56:00Z,ES,cases,0
11916,2020-05-30T14:56:00Z,ES,cases,0
11917,2020-05-30T14:56:00Z,ES,cases,0
11918,2020-05-30T14:56:00Z,ES,cases,0
11919,2020-05-30T14:56:00Z,ES,cases,0
11920,2020-05-30T14:56:00Z,ES,cases,0
11921,2020-05-29T15:19:00Z,ES,cases,1
11922,2020-05-29T15:19:00Z,ES,cases,1
11923,2020-05-29T15:19:00Z,ES,cases,1
11924,2020-05-29T15:19:00Z,ES,cases,1
11925,2020-05-29T15:19:00Z,ES,cases,1
11926,2020-05-29T15:19:00Z,ES,cases,1
11927,2020-05-29T15:19:00Z,ES,cases,1
11928,2020-05-28T15:47:00Z,ES,cases,1
11929,2020-05-28T15:47:00Z,ES,cases,1
11930,2020-05-28T15:47:00Z,ES,cases,1
11931,2020-05-28T15:47:00Z,ES,cases,1
11932,2020-05-28T15:47:00Z,ES,cases,1
11933,2020-05-28T15:47:00Z,ES,cases,1
11934,2020-05-28T15:47:00Z,ES,cases,1
11935,2020-05-27T15:25:00Z,ES,cases,1
11936,2020-05-27T15:25:00Z,ES,cases,1
11937,2020-05-27T15:25:00Z,ES,cases,1
11938,2020-05-27T15:25:00Z,ES,cases,1
11939,2020-05-27T15:25:00Z,ES,cases,1
11940,2020-05-27T15:25:00Z,ES,cases,1
11941,2020-05-27T15:25:00Z,ES,cases,1
11942,2020-05-26T15:36:00Z,ES,cases,1
11943,2020-05-26T15:36:00Z,ES,cases,1
11944,2020-05-26T15:36:00Z,ES,cases,1
11945,2020-05-26T15:36:00Z,ES,cases,1
11946,2020-05-26T15:36:00Z,ES,cases,1
11947,2020-05-26T15:36:00Z,ES,cases,1
11948,2020-05-26T15:36:00Z,ES,cases,1
11949,2020-05-25T15:28:00Z,ES,cases,1
11950,2020-05-25T15:28:00Z,ES,cases,1
11951,2020-05-25T15:28:00Z,ES,cases,1
11952,2020-05-25T15:28:00Z,ES,cases,1
11953,2020-05-25T15:28:00Z,ES,cases,1
11954,2020-05-25T15:28:00Z,ES,cases,1
11955,2020-05-25T15:28:00Z,ES,cases,1
11956,2020-05-24T14:43:00Z,ES,cases,0
11957,2020-05-24T14:43:00Z,ES,cases,0
11958,2020-05-24T14:43:00Z,ES,cases,0
11959,2020-05-24T14:43:00Z,ES,cases,0
11960,2020-05-24T14:43:00Z,ES,cases,0
11961,2020-05-24T14:43:00Z,ES,cases,0
11962,2020-05-24T14:43:00Z,ES,cases,0
11963,2020-05-23T17:49:00Z,ES,cases,1
11964,2020-05-23T17:49:00Z,ES,cases,1
11965,2020-05-23T17:49:00Z,ES,cases,1
11966,2020-05-23T17:49:00Z,ES,cases,1
11967,2020-05-23T17:49:00Z,ES,cases,1
11968,2020-05-23T17:49:00Z,ES,cases,1
11969,2020-05-23T17:49:00Z,ES,cases,1
11970,2020-05-23T12:00:00Z,ES,president speech,0
11971,2020-05-23T12:00:00Z,ES,president speech,0
11972,2020-05-23T12:00:00Z,ES,president speech,0
11973,2020-05-23T12:00:00Z,ES,president speech,0
11974,2020-05-23T12:00:00Z,ES,president speech,0
11975,2020-05-23T12:00:00Z,ES,president speech,0
11976,2020-05-23T12:00:00Z,ES,president speech,0
11977,2020-05-01T09:40:00Z,ES,cases,0
11978,2020-04-30T15:52:00Z,ES,president speech,1
11979,2020-04-30T09:17:00Z,ES,cases,0
11980,2020-04-29T09:32:00Z,ES,cases,0
11981,2020-04-28T09:08:00Z,ES,cases,0
11982,2020-04-27T09:12:00Z,ES,cases,0
11983,2020-04-26T12:29:00Z,ES,president speech,0
11984,2020-04-26T08:50:00Z,ES,cases,0
11985,2020-04-25T11:46:00Z,ES,cases,0
11986,2020-04-23T17:49:00Z,ES,president speech,1
11987,2020-04-23T14:50:00Z,ES,president speech,0
11988,2020-04-23T09:17:00Z,ES,president speech,0
11989,2020-04-23T09:13:00Z,ES,cases,0
11990,2020-04-22T16:34:00Z,ES,president speech,1
11991,2020-04-22T09:22:00Z,ES,cases,0
11992,2020-04-21T18:05:00Z,ES,president speech,0
11993,2020-04-21T09:29:00Z,ES,cases,0
11994,2020-04-20T10:47:00Z,ES,cases,0
11995,2020-04-19T09:38:00Z,ES,cases,0
11996,2020-04-18T12:37:00Z,ES,cases,0
11997,2020-04-18T07:07:00Z,ES,president speech,0
11998,2020-04-17T11:18:00Z,ES,cases,0
11999,2020-04-16T10:19:00Z,ES,cases,0
12000,2020-04-15T16:42:00Z,ES,president speech,1
12001,2020-04-15T09:32:00Z,ES,cases,0
12002,2020-04-14T16:19:00Z,ES,president speech,1
12003,2020-04-14T10:21:00Z,ES,cases,0
12004,2020-04-13T16:21:00Z,ES,president speech,1
12005,2020-04-13T09:30:00Z,ES,cases,0
12006,2020-04-12T09:57:00Z,ES,cases,0
12007,2020-04-11T12:48:00Z,ES,president speech,0
12008,2020-04-11T09:56:00Z,ES,cases,0
12009,2020-04-10T09:33:00Z,ES,cases,0
12010,2020-04-09T10:25:00Z,ES,cases,0
12011,2020-04-09T06:57:00Z,ES,president speech,0
12012,2020-04-08T17:35:00Z,ES,president speech,1
12013,2020-04-08T16:45:00Z,ES,president speech,1
12014,2020-04-08T12:06:00Z,ES,president speech,0
12015,2020-04-08T11:48:00Z,ES,president speech,0
12016,2020-04-08T09:44:00Z,ES,cases,0
12017,2020-04-07T17:17:00Z,ES,president speech,1
12018,2020-04-07T16:33:00Z,ES,president speech,1
12019,2020-04-07T09:36:00Z,ES,cases,0
12020,2020-04-06T16:23:00Z,ES,president speech,1
12021,2020-04-06T15:41:00Z,ES,president speech,1
12022,2020-04-06T11:33:00Z,ES,president speech,0
12023,2020-04-06T10:42:00Z,ES,president speech,0
12024,2020-04-06T09:41:00Z,ES,cases,0
12025,2020-04-05T12:34:00Z,ES,president speech,0
12026,2020-04-05T09:35:00Z,ES,cases,0
12027,2020-04-04T09:50:00Z,ES,cases,0
12028,2020-04-03T16:40:00Z,ES,president speech,1
12029,2020-04-03T09:45:00Z,ES,cases,0
12030,2020-04-02T17:20:00Z,ES,president speech,1
12031,2020-04-02T10:20:00Z,ES,cases,0
12032,2020-04-01T16:11:00Z,ES,president speech,1
12033,2020-04-01T12:10:00Z,ES,president speech,0
12034,2020-04-01T09:34:00Z,ES,cases,0
12035,2020-03-31T17:41:00Z,ES,president speech,1
12036,2020-03-31T09:37:00Z,ES,cases,0
12037,2020-03-30T17:17:00Z,ES,president speech,1
12038,2020-03-30T12:37:00Z,ES,president speech,0
12039,2020-03-30T09:38:00Z,ES,cases,0
12040,2020-03-29T10:08:00Z,ES,cases,0
12041,2020-03-28T17:48:00Z,ES,president speech,1
12042,2020-03-28T17:07:00Z,ES,president speech,1
12043,2020-03-28T12:33:00Z,ES,cases,0
12044,2020-03-28T10:22:00Z,ES,president speech,0
12045,2020-03-27T10:44:00Z,ES,cases,0
12046,2020-03-26T18:15:00Z,ES,president speech,1
12047,2020-03-26T10:38:00Z,ES,cases,0
12048,2020-03-25T20:38:00Z,ES,president speech,0
12049,2020-03-25T17:17:00Z,ES,president speech,1
12050,2020-03-25T12:44:00Z,ES,president speech,0
12051,2020-03-25T12:32:00Z,ES,president speech,0
12052,2020-03-25T10:54:00Z,ES,cases,0
12053,2020-03-24T18:37:00Z,ES,president speech,1
12054,2020-03-24T10:52:00Z,ES,cases,0
12055,2020-03-23T18:16:00Z,ES,president speech,1
12056,2020-03-23T17:12:00Z,ES,president speech,1
12057,2020-03-23T13:11:00Z,ES,president speech,0
12058,2020-03-23T11:06:00Z,ES,cases,0
12059,2020-03-22T11:15:00Z,ES,cases,0
12060,2020-03-21T11:34:00Z,ES,cases,0
12061,2020-03-20T17:43:00Z,ES,president speech,1
12062,2020-03-20T12:27:00Z,ES,cases,0
12063,2020-03-20T12:15:00Z,ES,president speech,0
12064,2020-03-19T12:03:00Z,ES,president speech,0
12065,2020-03-19T11:26:00Z,ES,cases,0
12066,2020-03-18T23:05:00Z,ES,other,0
12067,2020-03-18T15:03:00Z,ES,president speech,0
12068,2020-03-18T11:32:00Z,ES,cases,0
12069,2020-03-18T08:00:00Z,ES,president speech,0
12070,2020-03-17T14:33:00Z,ES,president speech,0
12071,2020-03-17T11:55:00Z,ES,cases,0
12072,2020-03-16T16:03:00Z,ES,president speech,1
12073,2020-03-16T13:13:00Z,ES,cases,0
12074,2020-03-15T19:47:00Z,ES,president speech,0
12075,2020-03-15T17:41:00Z,ES,cases,1
12076,2020-03-15T13:59:00Z,ES,cases,0
12077,2020-03-14T19:59:00Z,ES,president speech,0
12078,2020-03-14T11:20:00Z,ES,cases,0
12079,2020-03-13T18:20:00Z,ES,cases,1
12080,2020-03-13T18:20:00Z,ES,cases,1
12081,2020-03-13T14:25:00Z,ES,president speech,0
12082,2020-03-13T13:11:00Z,ES,president speech,0
12083,2020-03-13T12:50:00Z,ES,cases,0
12084,2020-03-12T18:14:00Z,ES,cases,1
12085,2020-03-12T14:58:00Z,ES,president speech,0
12086,2020-03-12T14:22:00Z,ES,president speech,0
12087,2020-03-12T12:15:00Z,ES,cases,0
12088,2020-03-10T19:29:00Z,ES,president speech,0
12089,2020-03-10T18:46:00Z,ES,president speech,1
12090,2020-03-10T18:38:00Z,ES,president speech,1
12091,2020-03-10T18:17:00Z,ES,cases,1
12092,2020-03-10T13:00:00Z,ES,cases,0
12093,2020-03-09T11:36:00Z,ES,cases,0
12094,2020-03-08T11:22:00Z,ES,cases,0
12095,2020-03-07T11:36:00Z,ES,cases,0
12096,2020-03-05T11:27:00Z,ES,cases,0
12097,2020-03-04T11:18:00Z,ES,cases,0
12098,2020-03-03T17:33:00Z,ES,cases,1
12099,2020-03-03T11:28:00Z,ES,cases,0
12100,2020-03-02T17:54:00Z,ES,cases,1
12101,2020-03-01T08:34:00Z,ES,cases,0
12102,2020-02-28T17:29:00Z,ES,cases,1
12103,2020-02-01T12:45:00Z,ES,cases,0
12104,2022-02-27T18:00:00Z,FR,cases,1
12105,2022-02-26T18:00:00Z,FR,cases,1
12106,2022-02-25T18:00:00Z,FR,cases,1
12107,2022-02-24T18:00:00Z,FR,cases,1
12108,2022-02-23T18:00:00Z,FR,cases,1
12109,2022-02-22T18:00:00Z,FR,cases,1
12110,2022-02-21T18:00:00Z,FR,cases,1
12111,2022-02-20T18:00:00Z,FR,cases,1
12112,2022-02-19T18:00:00Z,FR,cases,1
12113,2022-02-18T18:00:00Z,FR,cases,1
12114,2022-02-17T18:00:00Z,FR,cases,1
12115,2022-02-16T18:00:00Z,FR,cases,1
12116,2022-02-15T18:00:00Z,FR,cases,1
12117,2022-02-14T18:00:00Z,FR,cases,1
12118,2022-02-13T18:00:00Z,FR,cases,1
12119,2022-02-12T18:00:00Z,FR,cases,1
12120,2022-02-11T18:00:00Z,FR,cases,1
12121,2022-02-10T18:00:00Z,FR,cases,1
12122,2022-02-09T18:00:00Z,FR,cases,1
12123,2022-02-08T18:00:00Z,FR,cases,1
12124,2022-02-07T18:00:00Z,FR,cases,1
12125,2022-02-06T18:00:00Z,FR,cases,1
12126,2022-02-05T18:00:00Z,FR,cases,1
12127,2022-02-04T18:00:00Z,FR,cases,1
12128,2022-02-03T18:00:00Z,FR,cases,1
12129,2022-02-02T18:00:00Z,FR,cases,1
12130,2022-02-01T18:00:00Z,FR,cases,1
12131,2022-01-31T18:00:00Z,FR,cases,1
12132,2022-01-30T18:00:00Z,FR,cases,1
12133,2022-01-29T18:00:00Z,FR,cases,1
12134,2022-01-28T18:00:00Z,FR,cases,1
12135,2022-01-27T18:00:00Z,FR,cases,1
12136,2022-01-26T18:00:00Z,FR,cases,1
12137,2022-01-25T18:00:00Z,FR,cases,1
12138,2022-01-24T18:00:00Z,FR,cases,1
12139,2022-01-23T18:00:00Z,FR,cases,1
12140,2022-01-22T18:00:00Z,FR,cases,1
12141,2022-01-21T18:00:00Z,FR,cases,1
12142,2022-01-20T18:02:00Z,FR,president speech,1
12143,2022-01-20T18:00:00Z,FR,cases,1
12144,2022-01-19T18:00:00Z,FR,cases,1
12145,2022-01-18T18:00:00Z,FR,cases,1
12146,2022-01-17T18:00:00Z,FR,cases,1
12147,2022-01-16T18:00:00Z,FR,cases,1
12148,2022-01-15T18:00:00Z,FR,cases,1
12149,2022-01-14T18:00:00Z,FR,cases,1
12150,2022-01-13T18:00:00Z,FR,cases,1
12151,2022-01-12T18:00:00Z,FR,cases,1
12152,2022-01-11T18:00:00Z,FR,cases,1
12153,2022-01-10T18:00:00Z,FR,cases,1
12154,2022-01-09T18:00:00Z,FR,cases,1
12155,2022-01-08T18:00:00Z,FR,cases,1
12156,2022-01-07T18:00:00Z,FR,cases,1
12157,2022-01-06T18:00:00Z,FR,cases,1
12158,2022-01-05T18:00:00Z,FR,cases,1
12159,2022-01-04T18:00:00Z,FR,cases,1
12160,2022-01-03T18:00:00Z,FR,cases,1
12161,2022-01-02T18:00:00Z,FR,cases,1
12162,2022-01-01T18:00:00Z,FR,cases,1
12163,2021-12-31T18:00:00Z,FR,cases,1
12164,2021-12-30T18:00:00Z,FR,cases,1
12165,2021-12-29T18:00:00Z,FR,cases,1
12166,2021-12-28T18:00:00Z,FR,cases,1
12167,2021-12-27T18:17:00Z,FR,president speech,1
12168,2021-12-27T18:00:00Z,FR,cases,1
12169,2021-12-26T18:00:00Z,FR,cases,1
12170,2021-12-25T18:00:00Z,FR,cases,1
12171,2021-12-24T18:00:00Z,FR,cases,1
12172,2021-12-23T18:00:00Z,FR,cases,1
12173,2021-12-22T18:00:00Z,FR,cases,1
12174,2021-12-21T18:00:00Z,FR,cases,1
12175,2021-12-21T17:36:00Z,FR,live,1
12176,2021-12-21T11:53:00Z,FR,live,0
12177,2021-12-20T18:00:00Z,FR,cases,1
12178,2021-12-19T18:00:00Z,FR,cases,1
12179,2021-12-18T18:00:00Z,FR,cases,1
12180,2021-12-17T18:34:00Z,FR,president speech,1
12181,2021-12-17T18:00:00Z,FR,cases,1
12182,2021-12-16T18:00:00Z,FR,cases,1
12183,2021-12-15T18:00:00Z,FR,cases,1
12184,2021-12-14T18:00:00Z,FR,cases,1
12185,2021-12-13T18:00:00Z,FR,cases,1
12186,2021-12-13T15:16:00Z,FR,president speech,0
12187,2021-12-12T18:00:00Z,FR,cases,1
12188,2021-12-11T18:00:00Z,FR,cases,1
12189,2021-12-10T18:00:00Z,FR,cases,1
12190,2021-12-10T17:50:00Z,FR,president speech,1
12191,2021-12-09T18:00:00Z,FR,cases,1
12192,2021-12-08T18:00:00Z,FR,cases,1
12193,2021-12-07T18:00:00Z,FR,cases,1
12194,2021-12-06T18:00:00Z,FR,cases,1
12195,2021-12-06T18:00:00Z,FR,president speech,1
12196,2021-12-05T18:00:00Z,FR,cases,1
12197,2021-12-04T18:00:00Z,FR,cases,1
12198,2021-12-03T18:00:00Z,FR,cases,1
12199,2021-12-02T18:00:00Z,FR,cases,1
12200,2021-12-02T15:36:00Z,FR,president speech,0
12201,2021-12-01T18:00:00Z,FR,cases,1
12202,2021-11-30T18:00:00Z,FR,cases,1
12203,2021-11-29T18:00:00Z,FR,cases,1
12204,2021-11-28T18:00:00Z,FR,cases,1
12205,2021-11-27T18:00:00Z,FR,cases,1
12206,2021-11-26T18:00:00Z,FR,cases,1
12207,2021-11-25T18:00:00Z,FR,cases,1
12208,2021-11-25T11:41:00Z,FR,live,0
12209,2021-11-24T18:00:00Z,FR,cases,1
12210,2021-11-23T18:00:00Z,FR,cases,1
12211,2021-11-22T18:00:00Z,FR,cases,1
12212,2021-11-21T18:00:00Z,FR,cases,1
12213,2021-11-20T18:00:00Z,FR,cases,1
12214,2021-11-19T18:00:00Z,FR,cases,1
12215,2021-11-18T18:00:00Z,FR,cases,1
12216,2021-11-17T18:00:00Z,FR,cases,1
12217,2021-11-16T18:00:00Z,FR,cases,1
12218,2021-11-15T18:00:00Z,FR,cases,1
12219,2021-11-14T18:00:00Z,FR,cases,1
12220,2021-11-13T18:00:00Z,FR,cases,1
12221,2021-11-12T18:00:00Z,FR,cases,1
12222,2021-11-11T18:00:00Z,FR,cases,1
12223,2021-11-10T18:00:00Z,FR,cases,1
12224,2021-11-09T19:02:00Z,FR,president speech,1
12225,2021-11-09T18:00:00Z,FR,cases,1
12226,2021-11-08T18:00:00Z,FR,cases,1
12227,2021-11-07T18:00:00Z,FR,cases,1
12228,2021-11-06T18:00:00Z,FR,cases,1
12229,2021-11-05T18:00:00Z,FR,cases,1
12230,2021-11-04T18:00:00Z,FR,cases,1
12231,2021-11-03T18:00:00Z,FR,cases,1
12232,2021-11-02T18:00:00Z,FR,cases,1
12233,2021-11-01T18:00:00Z,FR,cases,1
12234,2021-10-31T18:00:00Z,FR,cases,1
12235,2021-10-30T17:00:00Z,FR,cases,1
12236,2021-10-29T17:00:00Z,FR,cases,1
12237,2021-10-28T17:00:00Z,FR,cases,1
12238,2021-10-27T17:00:00Z,FR,cases,1
12239,2021-10-26T17:00:00Z,FR,cases,1
12240,2021-10-25T17:00:00Z,FR,cases,1
12241,2021-10-24T17:00:00Z,FR,cases,1
12242,2021-10-23T17:00:00Z,FR,cases,1
12243,2021-10-22T17:00:00Z,FR,cases,1
12244,2021-10-21T17:00:00Z,FR,cases,1
12245,2021-10-20T17:00:00Z,FR,cases,1
12246,2021-10-19T17:00:00Z,FR,cases,1
12247,2021-10-18T17:00:00Z,FR,cases,1
12248,2021-10-17T17:00:00Z,FR,cases,1
12249,2021-10-16T17:00:00Z,FR,cases,1
12250,2021-10-15T17:00:00Z,FR,cases,1
12251,2021-10-14T17:00:00Z,FR,cases,1
12252,2021-10-13T17:00:00Z,FR,cases,1
12253,2021-10-12T17:00:00Z,FR,cases,1
12254,2021-10-11T17:00:00Z,FR,cases,1
12255,2021-10-10T17:00:00Z,FR,cases,1
12256,2021-10-09T17:00:00Z,FR,cases,1
12257,2021-10-08T17:00:00Z,FR,cases,1
12258,2021-10-07T17:00:00Z,FR,cases,1
12259,2021-10-06T17:00:00Z,FR,cases,1
12260,2021-10-05T17:00:00Z,FR,cases,1
12261,2021-10-04T17:00:00Z,FR,cases,1
12262,2021-10-03T17:00:00Z,FR,cases,1
12263,2021-10-02T17:00:00Z,FR,cases,1
12264,2021-10-01T17:00:00Z,FR,cases,1
12265,2021-09-30T17:00:00Z,FR,cases,1
12266,2021-09-29T17:00:00Z,FR,cases,1
12267,2021-09-28T17:00:00Z,FR,cases,1
12268,2021-09-27T17:00:00Z,FR,cases,1
12269,2021-09-26T17:00:00Z,FR,cases,1
12270,2021-09-25T17:00:00Z,FR,cases,1
12271,2021-09-24T17:00:00Z,FR,cases,1
12272,2021-09-23T17:00:00Z,FR,cases,1
12273,2021-09-22T17:00:00Z,FR,cases,1
12274,2021-09-21T17:00:00Z,FR,cases,1
12275,2021-09-20T17:00:00Z,FR,cases,1
12276,2021-09-19T17:00:00Z,FR,cases,1
12277,2021-09-18T17:00:00Z,FR,cases,1
12278,2021-09-17T17:00:00Z,FR,cases,1
12279,2021-09-16T17:00:00Z,FR,cases,1
12280,2021-09-15T17:00:00Z,FR,cases,1
12281,2021-09-14T17:00:00Z,FR,cases,1
12282,2021-09-13T17:00:00Z,FR,cases,1
12283,2021-09-12T17:00:00Z,FR,cases,1
12284,2021-09-11T17:00:00Z,FR,cases,1
12285,2021-09-10T17:00:00Z,FR,cases,1
12286,2021-09-09T17:00:00Z,FR,cases,1
12287,2021-09-08T17:00:00Z,FR,cases,1
12288,2021-09-07T17:00:00Z,FR,cases,1
12289,2021-09-06T17:00:00Z,FR,cases,1
12290,2021-09-05T17:00:00Z,FR,cases,1
12291,2021-09-04T17:00:00Z,FR,cases,1
12292,2021-09-03T17:00:00Z,FR,cases,1
12293,2021-09-02T17:00:00Z,FR,cases,1
12294,2021-09-01T17:00:00Z,FR,cases,1
12295,2021-04-11T17:00:00Z,FR,cases,1
12296,2021-04-10T17:00:00Z,FR,cases,1
12297,2021-04-09T17:00:00Z,FR,cases,1
12298,2021-04-08T17:00:00Z,FR,cases,1
12299,2021-04-07T17:00:00Z,FR,cases,1
12300,2021-04-06T17:00:00Z,FR,cases,1
12301,2021-04-05T17:00:00Z,FR,cases,1
12302,2021-04-04T17:00:00Z,FR,cases,1
12303,2021-04-03T17:00:00Z,FR,cases,1
12304,2021-04-02T17:00:00Z,FR,cases,1
12305,2021-04-01T17:00:00Z,FR,cases,1
12306,2021-04-01T07:06:00Z,FR,president speech,0
12307,2021-03-31T17:00:00Z,FR,cases,1
12308,2021-03-30T17:00:00Z,FR,cases,1
12309,2021-03-29T17:00:00Z,FR,cases,1
12310,2021-03-28T17:00:00Z,FR,cases,1
12311,2021-03-27T18:00:00Z,FR,cases,1
12312,2021-03-26T18:00:00Z,FR,cases,1
12313,2021-03-25T18:00:00Z,FR,cases,1
12314,2021-03-25T14:38:00Z,FR,president speech,0
12315,2021-03-24T18:00:00Z,FR,cases,1
12316,2021-03-23T18:00:00Z,FR,cases,1
12317,2021-03-22T18:00:00Z,FR,cases,1
12318,2021-03-21T18:00:00Z,FR,cases,1
12319,2021-03-20T18:00:00Z,FR,cases,1
12320,2021-03-19T18:00:00Z,FR,cases,1
12321,2021-03-18T18:00:00Z,FR,cases,1
12322,2021-03-17T18:00:00Z,FR,cases,1
12323,2021-03-16T18:00:00Z,FR,cases,1
12324,2021-03-15T18:00:00Z,FR,cases,1
12325,2021-03-14T18:00:00Z,FR,cases,1
12326,2021-03-13T18:00:00Z,FR,cases,1
12327,2021-03-12T18:25:00Z,FR,president speech,1
12328,2021-03-12T18:00:00Z,FR,cases,1
12329,2021-03-11T18:00:00Z,FR,cases,1
12330,2021-03-11T17:08:00Z,FR,live,0
12331,2021-03-10T18:00:00Z,FR,cases,1
12332,2021-03-09T18:00:00Z,FR,cases,1
12333,2021-03-08T18:00:00Z,FR,cases,1
12334,2021-03-07T18:00:00Z,FR,cases,1
12335,2021-03-06T18:00:00Z,FR,cases,1
12336,2021-03-05T18:00:00Z,FR,cases,1
12337,2021-03-04T18:00:00Z,FR,cases,1
12338,2021-03-04T17:01:00Z,FR,president speech,0
12339,2021-03-03T18:00:00Z,FR,cases,1
12340,2021-03-02T18:00:00Z,FR,cases,1
12341,2021-03-02T18:00:00Z,FR,cases,1
12342,2021-03-01T18:00:00Z,FR,cases,1
12343,2021-02-28T18:00:00Z,FR,cases,1
12344,2021-02-27T18:00:00Z,FR,cases,1
12345,2021-02-26T18:00:00Z,FR,cases,1
12346,2021-02-25T18:00:00Z,FR,cases,1
12347,2021-02-25T17:00:00Z,FR,president speech,0
12348,2021-02-24T18:00:00Z,FR,cases,1
12349,2021-02-23T18:00:00Z,FR,cases,1
12350,2021-02-22T18:00:00Z,FR,cases,1
12351,2021-02-21T18:00:00Z,FR,cases,1
12352,2021-02-20T18:00:00Z,FR,cases,1
12353,2021-02-19T18:00:00Z,FR,cases,1
12354,2021-02-18T18:00:00Z,FR,cases,1
12355,2021-02-18T16:59:00Z,FR,live,0
12356,2021-02-17T18:00:00Z,FR,cases,1
12357,2021-02-16T18:00:00Z,FR,cases,1
12358,2021-02-15T18:00:00Z,FR,cases,1
12359,2021-02-14T18:00:00Z,FR,cases,1
12360,2021-02-13T18:00:00Z,FR,cases,1
12361,2021-02-12T18:00:00Z,FR,cases,1
12362,2021-02-11T18:00:00Z,FR,cases,1
12363,2021-02-11T17:50:00Z,FR,live,1
12364,2021-02-10T18:00:00Z,FR,cases,1
12365,2021-02-09T18:00:00Z,FR,cases,1
12366,2021-02-08T18:00:00Z,FR,cases,1
12367,2021-02-07T18:00:00Z,FR,cases,1
12368,2021-02-06T18:00:00Z,FR,cases,1
12369,2021-02-05T18:00:00Z,FR,cases,1
12370,2021-02-04T18:00:00Z,FR,cases,1
12371,2021-02-04T17:00:00Z,FR,president speech,0
12372,2021-02-03T18:00:00Z,FR,cases,1
12373,2021-02-02T18:00:00Z,FR,cases,1
12374,2021-02-01T18:00:00Z,FR,cases,1
12375,2021-01-31T18:00:00Z,FR,cases,1
12376,2021-01-30T18:00:00Z,FR,cases,1
12377,2021-01-30T18:00:00Z,FR,cases,1
12378,2021-01-30T10:17:00Z,FR,other,0
12379,2021-01-29T19:36:00Z,FR,president speech,0
12380,2021-01-29T18:00:00Z,FR,cases,1
12381,2021-01-28T19:58:00Z,FR,live,0
12382,2021-01-28T18:00:00Z,FR,cases,1
12383,2021-01-27T18:00:00Z,FR,cases,1
12384,2021-01-26T18:00:00Z,FR,cases,1
12385,2021-01-25T18:00:00Z,FR,cases,1
12386,2021-01-24T18:00:00Z,FR,cases,1
12387,2021-01-23T18:00:00Z,FR,cases,1
12388,2021-01-22T18:00:00Z,FR,cases,1
12389,2021-01-21T18:00:00Z,FR,cases,1
12390,2021-01-20T18:00:00Z,FR,cases,1
12391,2021-01-19T18:00:00Z,FR,cases,1
12392,2021-01-18T18:00:00Z,FR,cases,1
12393,2021-01-17T18:00:00Z,FR,cases,1
12394,2021-01-16T18:00:00Z,FR,cases,1
12395,2021-01-15T18:00:00Z,FR,cases,1
12396,2021-01-14T18:00:00Z,FR,cases,1
12397,2021-01-14T18:00:00Z,FR,cases,1
12398,2021-01-14T17:02:00Z,FR,president speech,0
12399,2021-01-14T17:01:00Z,FR,president speech,0
12400,2021-01-14T08:40:00Z,FR,president speech,0
12401,2021-01-13T18:00:00Z,FR,cases,1
12402,2021-01-12T18:00:00Z,FR,cases,1
12403,2021-01-12T11:04:00Z,FR,live,0
12404,2021-01-11T18:00:00Z,FR,cases,1
12405,2021-01-10T18:00:00Z,FR,cases,1
12406,2021-01-09T18:00:00Z,FR,cases,1
12407,2021-01-09T11:26:00Z,FR,president speech,0
12408,2021-01-08T18:00:00Z,FR,cases,1
12409,2021-01-07T19:29:00Z,FR,other,1
12410,2021-01-07T18:00:00Z,FR,cases,1
12411,2021-01-07T17:01:00Z,FR,president speech,0
12412,2021-01-06T18:00:00Z,FR,cases,1
12413,2021-01-06T16:36:00Z,FR,live,0
12414,2021-01-05T18:00:00Z,FR,cases,1
12415,2021-01-04T18:00:00Z,FR,cases,1
12416,2021-01-04T15:49:00Z,FR,live,0
12417,2021-01-03T18:00:00Z,FR,cases,1
12418,2021-01-02T18:00:00Z,FR,cases,1
12419,2021-01-01T18:00:00Z,FR,cases,1
12420,2020-12-31T18:00:00Z,FR,cases,1
12421,2020-12-30T18:00:00Z,FR,cases,1
12422,2020-12-29T18:00:00Z,FR,cases,1
12423,2020-12-28T18:00:00Z,FR,cases,1
12424,2020-12-27T18:00:00Z,FR,cases,1
12425,2020-12-26T18:00:00Z,FR,cases,1
12426,2020-12-25T18:00:00Z,FR,cases,1
12427,2020-12-24T18:00:00Z,FR,cases,1
12428,2020-12-23T18:00:00Z,FR,cases,1
12429,2020-12-22T18:00:00Z,FR,cases,1
12430,2020-12-21T18:00:00Z,FR,cases,1
12431,2020-12-20T18:00:00Z,FR,cases,1
12432,2020-12-19T18:00:00Z,FR,cases,1
12433,2020-12-19T18:00:00Z,FR,cases,1
12434,2020-12-18T18:00:00Z,FR,cases,1
12435,2020-12-17T18:00:00Z,FR,cases,1
12436,2020-12-17T17:17:00Z,FR,live,0
12437,2020-12-16T18:00:00Z,FR,cases,1
12438,2020-12-15T18:00:00Z,FR,cases,1
12439,2020-12-14T18:00:00Z,FR,cases,1
12440,2020-12-13T18:00:00Z,FR,cases,1
12441,2020-12-12T18:00:00Z,FR,cases,1
12442,2020-12-11T18:00:00Z,FR,cases,1
12443,2020-12-10T18:00:00Z,FR,cases,1
12444,2020-12-10T17:00:00Z,FR,live,0
12445,2020-12-09T18:00:00Z,FR,cases,1
12446,2020-12-09T15:47:00Z,FR,live,0
12447,2020-12-08T18:00:00Z,FR,cases,1
12448,2020-12-07T18:00:00Z,FR,cases,1
12449,2020-12-07T17:12:00Z,FR,live,0
12450,2020-12-07T16:37:00Z,FR,live,0
12451,2020-12-06T18:00:00Z,FR,cases,1
12452,2020-12-05T18:00:00Z,FR,cases,1
12453,2020-12-04T18:00:00Z,FR,cases,1
12454,2020-12-03T18:00:00Z,FR,cases,1
12455,2020-12-03T17:02:00Z,FR,live,0
12456,2020-12-02T18:00:00Z,FR,cases,1
12457,2020-12-01T18:00:00Z,FR,cases,1
12458,2020-11-30T18:00:00Z,FR,cases,1
12459,2020-11-29T18:00:00Z,FR,cases,1
12460,2020-11-28T18:00:00Z,FR,cases,1
12461,2020-11-27T18:00:00Z,FR,cases,1
12462,2020-11-26T18:58:00Z,FR,other,1
12463,2020-11-26T18:00:00Z,FR,cases,1
12464,2020-11-25T18:27:00Z,FR,live,1
12465,2020-11-25T18:00:00Z,FR,cases,1
12466,2020-11-25T18:00:00Z,FR,cases,1
12467,2020-11-24T19:00:00Z,FR,live,1
12468,2020-11-24T18:00:00Z,FR,cases,1
12469,2020-11-23T18:00:00Z,FR,cases,1
12470,2020-11-22T18:00:00Z,FR,cases,1
12471,2020-11-21T18:00:00Z,FR,cases,1
12472,2020-11-16T18:00:00Z,FR,cases,1
12473,2020-11-15T18:00:00Z,FR,cases,1
12474,2020-11-14T18:00:00Z,FR,cases,1
12475,2020-11-14T18:00:00Z,FR,cases,1
12476,2020-11-13T18:00:00Z,FR,cases,1
12477,2020-11-12T18:00:00Z,FR,cases,1
12478,2020-11-11T18:00:00Z,FR,cases,1
12479,2020-11-10T18:00:00Z,FR,cases,1
12480,2020-11-09T18:00:00Z,FR,cases,1
12481,2020-11-09T17:45:00Z,FR,live,1
12482,2020-11-08T18:00:00Z,FR,cases,1
12483,2020-11-07T18:00:00Z,FR,cases,1
12484,2020-11-06T18:00:00Z,FR,cases,1
12485,2020-11-06T15:59:00Z,FR,live,0
12486,2020-11-06T14:28:00Z,FR,live,0
12487,2020-11-05T18:00:00Z,FR,cases,1
12488,2020-11-04T18:00:00Z,FR,cases,1
12489,2020-11-03T18:00:00Z,FR,cases,1
12490,2020-11-02T18:00:00Z,FR,cases,1
12491,2020-11-01T18:00:00Z,FR,cases,1
12492,2020-10-31T18:00:00Z,FR,cases,1
12493,2020-10-30T18:00:00Z,FR,cases,1
12494,2020-10-29T18:00:00Z,FR,cases,1
12495,2020-10-29T17:30:00Z,FR,president speech,0
12496,2020-10-28T18:00:00Z,FR,cases,1
12497,2020-10-27T18:00:00Z,FR,cases,1
12498,2020-10-26T18:00:00Z,FR,cases,1
12499,2020-10-25T18:00:00Z,FR,cases,1
12500,2020-10-24T17:00:00Z,FR,cases,1
12501,2020-10-23T17:00:00Z,FR,cases,1
12502,2020-10-22T17:00:00Z,FR,cases,1
12503,2020-10-22T15:04:00Z,FR,other,0
12504,2020-10-21T17:00:00Z,FR,cases,1
12505,2020-10-20T17:00:00Z,FR,cases,1
12506,2020-10-19T17:00:00Z,FR,cases,1
12507,2020-10-19T07:00:00Z,FR,other,0
12508,2020-10-18T17:00:00Z,FR,cases,1
12509,2020-10-17T17:00:00Z,FR,cases,1
12510,2020-10-16T17:00:00Z,FR,cases,1
12511,2020-10-15T17:00:00Z,FR,cases,1
12512,2020-10-01T16:05:00Z,FR,live,0
12513,2020-09-23T17:24:00Z,FR,live,1
12514,2020-09-22T15:32:00Z,FR,other,0
12515,2020-09-10T17:25:00Z,FR,cases,1
12516,2020-09-09T17:40:00Z,FR,cases,1
12517,2020-09-08T18:10:00Z,FR,cases,1
12518,2020-09-04T16:43:00Z,FR,cases,1
12519,2020-09-03T17:55:00Z,FR,cases,1
12520,2020-09-02T18:27:00Z,FR,cases,1
12521,2020-09-01T20:15:00Z,FR,cases,0
12522,2020-08-31T20:13:00Z,FR,cases,0
12523,2020-08-28T17:42:00Z,FR,cases,1
12524,2020-08-27T18:47:00Z,FR,cases,0
12525,2020-08-26T19:35:00Z,FR,cases,0
12526,2020-08-25T19:13:00Z,FR,cases,0
12527,2020-08-24T18:45:00Z,FR,cases,0
12528,2020-08-21T17:56:00Z,FR,cases,1
12529,2020-08-20T18:12:00Z,FR,cases,1
12530,2020-08-19T18:23:00Z,FR,cases,1
12531,2020-08-18T18:46:00Z,FR,cases,0
12532,2020-08-17T18:57:00Z,FR,cases,0
12533,2020-08-14T18:12:00Z,FR,cases,1
12534,2020-08-11T17:24:00Z,FR,cases,1
12535,2020-08-10T17:12:00Z,FR,cases,1
12536,2020-08-07T18:01:00Z,FR,cases,1
12537,2020-08-06T17:43:00Z,FR,cases,1
12538,2020-08-05T18:13:00Z,FR,cases,1
12539,2020-08-04T18:04:00Z,FR,cases,1
12540,2020-08-03T17:44:00Z,FR,cases,1
12541,2020-07-31T18:01:00Z,FR,cases,1
12542,2020-07-30T17:52:00Z,FR,cases,1
12543,2020-07-29T18:10:00Z,FR,cases,1
12544,2020-07-28T17:16:00Z,FR,cases,1
12545,2020-07-27T18:05:00Z,FR,cases,1
12546,2020-07-24T17:48:00Z,FR,cases,1
12547,2020-07-23T17:42:00Z,FR,cases,1
12548,2020-07-22T18:35:00Z,FR,cases,0
12549,2020-07-21T18:28:00Z,FR,cases,1
12550,2020-07-20T18:33:00Z,FR,cases,0
12551,2020-07-17T18:45:00Z,FR,cases,0
12552,2020-07-09T17:03:00Z,FR,cases,1
12553,2020-07-08T17:07:00Z,FR,cases,1
12554,2020-07-07T17:19:00Z,FR,cases,1
12555,2020-07-06T17:35:00Z,FR,cases,1
12556,2020-07-03T18:22:00Z,FR,cases,1
12557,2020-07-02T18:09:00Z,FR,cases,1
12558,2020-07-01T18:06:00Z,FR,cases,1
12559,2020-06-30T18:07:00Z,FR,cases,1
12560,2020-06-29T16:53:00Z,FR,cases,1
12561,2020-06-26T18:14:00Z,FR,cases,1
12562,2020-06-25T17:49:00Z,FR,cases,1
12563,2020-06-24T18:21:00Z,FR,cases,1
12564,2020-06-23T17:37:00Z,FR,cases,1
12565,2020-06-22T18:03:00Z,FR,cases,1
12566,2020-06-19T17:31:00Z,FR,cases,1
12567,2020-06-18T17:35:00Z,FR,cases,1
12568,2020-06-18T17:35:00Z,FR,cases,1
12569,2020-06-17T17:53:00Z,FR,cases,1
12570,2020-06-16T18:18:00Z,FR,cases,1
12571,2020-06-15T18:09:00Z,FR,cases,1
12572,2020-06-12T17:40:00Z,FR,cases,1
12573,2020-06-11T18:04:00Z,FR,cases,1
12574,2020-06-11T18:04:00Z,FR,cases,1
12575,2020-06-10T17:26:00Z,FR,cases,1
12576,2020-06-10T17:26:00Z,FR,cases,1
12577,2020-06-09T18:06:00Z,FR,cases,1
12578,2020-06-08T16:54:00Z,FR,cases,1
12579,2020-06-05T17:42:00Z,FR,cases,1
12580,2020-06-04T18:45:00Z,FR,cases,0
12581,2020-05-01T17:10:00Z,FR,live,1
12582,2020-04-30T17:03:00Z,FR,live,1
12583,2020-04-29T17:33:00Z,FR,cases,1
12584,2020-04-28T17:44:00Z,FR,cases,1
12585,2020-04-27T17:35:00Z,FR,cases,1
12586,2020-04-26T16:55:00Z,FR,cases,1
12587,2020-04-25T16:52:00Z,FR,cases,1
12588,2020-04-23T17:32:00Z,FR,president speech,1
12589,2020-04-23T17:20:00Z,FR,cases,1
12590,2020-04-23T09:03:00Z,FR,live,0
12591,2020-04-22T17:23:00Z,FR,live,1
12592,2020-04-21T17:18:00Z,FR,live,1
12593,2020-04-20T20:04:00Z,FR,live,0
12594,2020-04-20T17:19:00Z,FR,live,1
12595,2020-04-19T18:39:00Z,FR,cases,0
12596,2020-04-19T15:40:00Z,FR,live,0
12597,2020-04-18T17:31:00Z,FR,cases,1
12598,2020-04-17T17:26:00Z,FR,live,1
12599,2020-04-16T17:20:00Z,FR,live,1
12600,2020-04-15T17:17:00Z,FR,live,1
12601,2020-04-14T17:04:00Z,FR,live,1
12602,2020-04-13T18:04:00Z,FR,president speech,1
12603,2020-04-13T17:45:00Z,FR,cases,1
12604,2020-04-12T17:22:00Z,FR,cases,1
12605,2020-04-11T17:17:00Z,FR,live,1
12606,2020-04-10T17:08:00Z,FR,live,1
12607,2020-04-09T17:24:00Z,FR,live,1
12608,2020-04-08T17:29:00Z,FR,live,1
12609,2020-04-07T17:20:00Z,FR,live,1
12610,2020-04-06T17:02:00Z,FR,live,1
12611,2020-04-05T18:22:00Z,FR,cases,1
12612,2020-04-04T17:34:00Z,FR,live,1
12613,2020-04-04T12:34:00Z,FR,live,0
12614,2020-04-03T17:41:00Z,FR,live,1
12615,2020-04-02T17:28:00Z,FR,live,1
12616,2020-04-01T17:53:00Z,FR,live,1
12617,2020-03-31T17:28:00Z,FR,live,1
12618,2020-03-31T12:00:00Z,FR,president speech,0
12619,2020-03-30T17:27:00Z,FR,live,1
12620,2020-03-29T17:36:00Z,FR,live,1
12621,2020-03-28T17:37:00Z,FR,president speech,1
12622,2020-03-27T18:16:00Z,FR,live,1
12623,2020-03-26T18:26:00Z,FR,live,1
12624,2020-03-25T19:05:00Z,FR,president speech,1
12625,2020-03-25T18:18:00Z,FR,live,1
12626,2020-03-24T18:44:00Z,FR,live,1
12627,2020-03-24T18:07:00Z,FR,live,1
12628,2020-03-24T11:24:00Z,FR,live,0
12629,2020-03-23T18:00:00Z,FR,live,1
12630,2020-03-22T18:32:00Z,FR,live,1
12631,2020-03-21T18:24:00Z,FR,cases,1
12632,2020-03-20T18:23:00Z,FR,live,1
12633,2020-03-19T18:35:00Z,FR,live,1
12634,2020-03-18T23:05:00Z,FR,other,0
12635,2020-03-18T18:15:00Z,FR,live,1
12636,2020-03-17T18:17:00Z,FR,live,1
12637,2020-03-16T16:58:00Z,FR,live,0
12638,2020-03-14T18:38:00Z,FR,president speech,1
12639,2020-03-13T18:08:00Z,FR,live,1
12640,2020-03-12T19:00:00Z,FR,live,1
12641,2020-03-11T18:26:00Z,FR,live,1
12642,2020-03-10T18:57:00Z,FR,president speech,1
12643,2020-03-10T18:05:00Z,FR,live,1
12644,2020-03-10T11:38:00Z,FR,president speech,0
12645,2020-03-09T18:19:00Z,FR,live,1
12646,2020-03-08T19:38:00Z,FR,live,0
12647,2020-03-08T19:37:00Z,FR,live,0
12648,2020-03-07T18:33:00Z,FR,live,1
12649,2020-03-06T18:43:00Z,FR,live,1
12650,2020-03-06T18:31:00Z,FR,live,1
12651,2020-03-06T11:42:00Z,FR,president speech,0
12652,2020-03-05T19:42:00Z,FR,live,0
12653,2020-03-05T17:54:00Z,FR,president speech,1
12654,2020-03-04T19:39:00Z,FR,live,0
12655,2020-03-03T19:53:00Z,FR,live,0
12656,2020-03-03T17:18:00Z,FR,president speech,0
12657,2020-03-02T20:00:00Z,FR,live,0
12658,2020-03-01T19:40:00Z,FR,live,0
12659,2020-02-29T19:33:00Z,FR,live,0
12660,2020-02-29T13:43:00Z,FR,live,0
12661,2020-02-28T18:46:00Z,FR,live,1
12662,2020-02-27T20:17:00Z,FR,live,0
12663,2020-02-26T19:37:00Z,FR,live,0
12664,2020-02-25T18:53:00Z,FR,live,1
12665,2020-02-21T18:45:00Z,FR,live,1
12666,2020-02-19T18:34:00Z,FR,live,1
12667,2020-02-13T20:30:00Z,FR,live,0
12668,2020-02-12T19:28:00Z,FR,live,1
12669,2020-02-09T20:26:00Z,FR,live,0
12670,2020-01-21T19:39:00Z,FR,live,0
12671,2022-02-28T17:18:00Z,IT,cases,1
12672,2022-02-27T16:30:00Z,IT,cases,1
12673,2022-02-26T16:30:00Z,IT,cases,1
12674,2022-02-25T16:56:00Z,IT,cases,1
12675,2022-02-24T16:30:00Z,IT,cases,1
12676,2022-02-23T16:30:00Z,IT,cases,1
12677,2022-02-22T16:46:00Z,IT,cases,1
12678,2022-02-21T16:30:00Z,IT,cases,1
12679,2022-02-20T16:30:00Z,IT,cases,1
12680,2022-02-20T16:23:00Z,IT,cases,1
12681,2022-02-19T16:37:00Z,IT,cases,1
12682,2022-02-18T17:33:00Z,IT,cases,1
12683,2022-02-18T16:30:00Z,IT,cases,1
12684,2022-02-17T16:30:00Z,IT,cases,1
12685,2022-02-16T16:30:00Z,IT,cases,1
12686,2022-02-15T16:47:00Z,IT,cases,1
12687,2022-02-14T16:30:00Z,IT,cases,1
12688,2022-02-13T16:26:00Z,IT,cases,1
12689,2022-02-12T17:42:00Z,IT,cases,1
12690,2022-02-11T17:06:00Z,IT,cases,1
12691,2022-02-10T16:30:00Z,IT,cases,1
12692,2022-02-08T16:30:00Z,IT,cases,1
12693,2022-02-07T16:30:00Z,IT,cases,1
12694,2022-02-06T16:30:00Z,IT,cases,1
12695,2022-02-05T17:27:00Z,IT,cases,1
12696,2022-02-04T16:27:00Z,IT,cases,1
12697,2022-02-03T16:30:00Z,IT,cases,1
12698,2022-02-02T16:54:00Z,IT,cases,1
12699,2022-02-01T16:46:00Z,IT,cases,1
12700,2022-01-31T16:34:00Z,IT,cases,1
12701,2022-01-30T17:07:00Z,IT,cases,1
12702,2022-01-29T17:50:00Z,IT,cases,1
12703,2022-01-28T16:42:00Z,IT,cases,1
12704,2022-01-27T16:36:00Z,IT,cases,1
12705,2022-01-26T16:31:00Z,IT,cases,1
12706,2022-01-25T16:47:00Z,IT,cases,1
12707,2022-01-24T16:57:00Z,IT,cases,1
12708,2022-01-23T16:30:00Z,IT,cases,1
12709,2022-01-22T16:30:00Z,IT,cases,1
12710,2022-01-21T16:30:00Z,IT,cases,1
12711,2022-01-20T16:55:00Z,IT,cases,1
12712,2022-01-19T16:30:00Z,IT,cases,1
12713,2022-01-18T16:30:00Z,IT,cases,1
12714,2022-01-17T16:53:00Z,IT,cases,1
12715,2022-01-16T16:28:00Z,IT,cases,1
12716,2022-01-15T16:59:00Z,IT,cases,1
12717,2022-01-14T16:30:00Z,IT,cases,1
12718,2022-01-13T16:30:00Z,IT,cases,1
12719,2022-01-12T16:30:00Z,IT,cases,1
12720,2022-01-11T16:30:00Z,IT,cases,1
12721,2022-01-10T17:17:00Z,IT,president speech,1
12722,2022-01-10T16:40:00Z,IT,cases,1
12723,2022-01-09T17:05:00Z,IT,cases,1
12724,2022-01-08T17:28:00Z,IT,cases,1
12725,2022-01-07T17:19:00Z,IT,cases,1
12726,2022-01-06T16:42:00Z,IT,cases,1
12727,2022-01-05T16:30:00Z,IT,cases,1
12728,2022-01-04T17:20:00Z,IT,cases,1
12729,2022-01-03T16:41:00Z,IT,cases,1
12730,2022-01-02T17:21:00Z,IT,cases,1
12731,2022-01-01T17:37:00Z,IT,cases,1
12732,2021-12-31T16:34:00Z,IT,cases,1
12733,2021-12-30T17:26:00Z,IT,cases,1
12734,2021-12-29T17:28:00Z,IT,cases,1
12735,2021-12-28T16:45:00Z,IT,cases,1
12736,2021-12-27T17:16:00Z,IT,cases,1
12737,2021-12-26T16:47:00Z,IT,cases,1
12738,2021-12-25T17:56:00Z,IT,cases,1
12739,2021-12-24T19:06:00Z,IT,cases,0
12740,2021-12-23T18:49:00Z,IT,live,0
12741,2021-12-22T16:49:00Z,IT,cases,1
12742,2021-12-21T16:30:00Z,IT,cases,1
12743,2021-12-20T16:30:00Z,IT,cases,1
12744,2021-12-19T16:57:00Z,IT,cases,1
12745,2021-12-18T16:40:00Z,IT,cases,1
12746,2021-12-17T16:30:00Z,IT,cases,1
12747,2021-12-16T17:04:00Z,IT,cases,1
12748,2021-12-15T16:27:00Z,IT,cases,1
12749,2021-12-14T16:30:00Z,IT,cases,1
12750,2021-12-13T17:14:00Z,IT,cases,1
12751,2021-12-12T16:30:00Z,IT,cases,1
12752,2021-12-11T16:45:00Z,IT,cases,1
12753,2021-12-10T16:33:00Z,IT,cases,1
12754,2021-12-09T17:04:00Z,IT,cases,1
12755,2021-12-08T17:32:00Z,IT,cases,1
12756,2021-12-07T16:24:00Z,IT,cases,1
12757,2021-12-06T16:45:00Z,IT,cases,1
12758,2021-12-05T16:30:00Z,IT,cases,1
12759,2021-12-04T16:30:00Z,IT,cases,1
12760,2021-12-03T17:32:00Z,IT,cases,1
12761,2021-12-03T14:23:00Z,IT,live,0
12762,2021-12-02T17:08:00Z,IT,cases,1
12763,2021-12-01T16:30:00Z,IT,cases,1
12764,2021-11-29T17:06:00Z,IT,cases,1
12765,2021-11-28T16:49:00Z,IT,cases,1
12766,2021-11-27T16:30:00Z,IT,cases,1
12767,2021-11-26T16:30:00Z,IT,cases,1
12768,2021-11-25T16:30:00Z,IT,cases,1
12769,2021-11-24T17:41:00Z,IT,president speech,1
12770,2021-11-24T16:30:00Z,IT,cases,1
12771,2021-11-23T16:30:00Z,IT,cases,1
12772,2021-11-22T16:30:00Z,IT,cases,1
12773,2021-11-21T16:30:00Z,IT,cases,1
12774,2021-11-20T16:36:00Z,IT,cases,1
12775,2021-11-19T16:41:00Z,IT,cases,1
12776,2021-11-19T15:17:00Z,IT,live,0
12777,2021-11-18T16:36:00Z,IT,cases,1
12778,2021-11-17T16:55:00Z,IT,cases,1
12779,2021-11-16T17:02:00Z,IT,cases,1
12780,2021-11-15T16:20:00Z,IT,cases,1
12781,2021-11-14T16:30:00Z,IT,cases,1
12782,2021-11-13T16:30:00Z,IT,cases,1
12783,2021-11-12T15:16:00Z,IT,live,0
12784,2021-11-11T16:51:00Z,IT,cases,1
12785,2021-11-10T17:15:00Z,IT,cases,1
12786,2021-11-09T16:30:00Z,IT,cases,1
12787,2021-11-08T16:30:00Z,IT,cases,1
12788,2021-11-07T16:40:00Z,IT,cases,1
12789,2021-11-06T16:32:00Z,IT,cases,1
12790,2021-11-05T16:30:00Z,IT,cases,1
12791,2021-11-05T09:39:00Z,IT,live,0
12792,2021-11-04T16:36:00Z,IT,cases,1
12793,2021-11-03T16:38:00Z,IT,cases,1
12794,2021-11-02T16:27:00Z,IT,cases,1
12795,2021-11-01T16:33:00Z,IT,cases,1
12796,2021-10-31T16:21:00Z,IT,cases,1
12797,2021-10-30T15:45:00Z,IT,cases,1
12798,2021-10-29T15:48:00Z,IT,cases,1
12799,2021-10-28T15:50:00Z,IT,cases,1
12800,2021-10-27T15:02:00Z,IT,cases,1
12801,2021-10-26T15:15:00Z,IT,cases,1
12802,2021-10-25T14:54:00Z,IT,cases,0
12803,2021-10-24T15:31:00Z,IT,cases,1
12804,2021-10-23T15:24:00Z,IT,cases,1
12805,2021-10-22T15:28:00Z,IT,cases,1
12806,2021-10-22T14:16:00Z,IT,live,0
12807,2021-10-21T15:28:00Z,IT,cases,1
12808,2021-10-20T15:28:00Z,IT,cases,1
12809,2021-10-18T15:15:00Z,IT,cases,1
12810,2021-10-17T15:21:00Z,IT,cases,1
12811,2021-10-16T15:32:00Z,IT,cases,1
12812,2021-10-15T16:04:00Z,IT,cases,1
12813,2021-10-15T13:58:00Z,IT,live,0
12814,2021-10-14T15:26:00Z,IT,cases,1
12815,2021-10-13T15:08:00Z,IT,cases,1
12816,2021-10-12T15:12:00Z,IT,cases,1
12817,2021-10-11T15:30:00Z,IT,cases,1
12818,2021-10-10T15:30:00Z,IT,cases,1
12819,2021-10-09T15:42:00Z,IT,cases,1
12820,2021-10-08T15:42:00Z,IT,cases,1
12821,2021-10-08T14:36:00Z,IT,live,0
12822,2021-10-07T15:41:00Z,IT,cases,1
12823,2021-10-06T15:33:00Z,IT,cases,1
12824,2021-10-05T15:30:00Z,IT,cases,1
12825,2021-10-04T15:36:00Z,IT,cases,1
12826,2021-10-03T16:31:00Z,IT,cases,1
12827,2021-10-02T16:12:00Z,IT,cases,1
12828,2021-10-01T16:18:00Z,IT,cases,1
12829,2021-10-01T14:47:00Z,IT,live,0
12830,2021-09-30T17:01:00Z,IT,cases,0
12831,2021-09-29T15:47:00Z,IT,cases,1
12832,2021-09-28T16:35:00Z,IT,cases,1
12833,2021-09-27T15:32:00Z,IT,cases,1
12834,2021-09-26T15:39:00Z,IT,cases,1
12835,2021-09-25T15:55:00Z,IT,cases,1
12836,2021-09-24T16:03:00Z,IT,cases,1
12837,2021-09-23T15:23:00Z,IT,cases,1
12838,2021-09-22T15:44:00Z,IT,cases,1
12839,2021-09-21T15:37:00Z,IT,cases,1
12840,2021-09-20T15:46:00Z,IT,cases,1
12841,2021-09-19T14:55:00Z,IT,cases,0
12842,2021-09-18T15:12:00Z,IT,cases,1
12843,2021-09-17T15:30:00Z,IT,cases,1
12844,2021-09-17T14:33:00Z,IT,live,0
12845,2021-09-16T15:30:00Z,IT,cases,1
12846,2021-09-15T15:53:00Z,IT,cases,1
12847,2021-09-14T14:50:00Z,IT,cases,0
12848,2021-09-13T15:14:00Z,IT,cases,1
12849,2021-09-12T15:30:00Z,IT,cases,1
12850,2021-09-11T15:30:00Z,IT,cases,1
12851,2021-09-10T15:30:00Z,IT,cases,1
12852,2021-09-10T15:14:00Z,IT,live,1
12853,2021-09-09T15:30:00Z,IT,cases,1
12854,2021-09-08T15:30:00Z,IT,cases,1
12855,2021-09-07T15:30:00Z,IT,cases,1
12856,2021-09-06T15:30:00Z,IT,cases,1
12857,2021-09-05T15:30:00Z,IT,cases,1
12858,2021-09-04T15:30:00Z,IT,cases,1
12859,2021-09-03T15:52:00Z,IT,cases,1
12860,2021-09-02T15:30:00Z,IT,cases,1
12861,2021-09-01T15:30:00Z,IT,cases,1
12862,2021-04-11T15:30:00Z,IT,cases,1
12863,2021-04-10T15:30:00Z,IT,cases,1
12864,2021-04-09T15:37:00Z,IT,live,1
12865,2021-04-09T15:30:00Z,IT,cases,1
12866,2021-04-08T16:31:00Z,IT,president speech,1
12867,2021-04-08T15:30:00Z,IT,cases,1
12868,2021-04-07T19:05:00Z,IT,live,0
12869,2021-04-07T15:30:00Z,IT,cases,1
12870,2021-04-06T15:30:00Z,IT,cases,1
12871,2021-04-05T16:21:00Z,IT,cases,1
12872,2021-04-04T15:30:00Z,IT,cases,1
12873,2021-04-03T15:41:00Z,IT,cases,1
12874,2021-04-02T15:30:00Z,IT,cases,1
12875,2021-04-02T13:06:00Z,IT,live,0
12876,2021-04-01T15:30:00Z,IT,cases,1
12877,2021-03-31T15:30:00Z,IT,cases,1
12878,2021-03-30T15:30:00Z,IT,cases,1
12879,2021-03-29T15:30:00Z,IT,cases,1
12880,2021-03-28T15:30:00Z,IT,cases,1
12881,2021-03-27T16:30:00Z,IT,cases,1
12882,2021-03-26T16:30:00Z,IT,cases,1
12883,2021-03-25T16:53:00Z,IT,cases,1
12884,2021-03-24T16:50:00Z,IT,cases,1
12885,2021-03-24T16:30:00Z,IT,cases,1
12886,2021-03-24T14:33:00Z,IT,president speech,0
12887,2021-03-24T08:17:00Z,IT,president speech,0
12888,2021-03-23T16:30:00Z,IT,cases,1
12889,2021-03-22T16:30:00Z,IT,cases,1
12890,2021-03-20T16:30:00Z,IT,cases,1
12891,2021-03-19T19:02:00Z,IT,president speech,0
12892,2021-03-19T11:12:00Z,IT,live,0
12893,2021-03-18T16:30:00Z,IT,cases,1
12894,2021-03-17T16:24:00Z,IT,cases,1
12895,2021-03-16T16:30:00Z,IT,cases,1
12896,2021-03-15T16:49:00Z,IT,cases,1
12897,2021-03-14T16:30:00Z,IT,cases,1
12898,2021-03-13T16:30:00Z,IT,cases,1
12899,2021-03-12T16:30:00Z,IT,cases,1
12900,2021-03-12T15:17:00Z,IT,live,0
12901,2021-03-12T14:21:00Z,IT,president speech,0
12902,2021-03-11T17:33:00Z,IT,cases,1
12903,2021-03-11T16:30:00Z,IT,cases,1
12904,2021-03-10T16:30:00Z,IT,cases,1
12905,2021-03-09T16:30:00Z,IT,cases,1
12906,2021-03-08T17:19:00Z,IT,cases,1
12907,2021-03-07T16:30:00Z,IT,cases,1
12908,2021-03-06T18:17:00Z,IT,cases,0
12909,2021-03-05T16:27:00Z,IT,cases,1
12910,2021-03-05T15:16:00Z,IT,live,0
12911,2021-03-04T16:19:00Z,IT,cases,1
12912,2021-03-03T16:30:00Z,IT,cases,1
12913,2021-03-02T17:54:00Z,IT,live,1
12914,2021-03-02T16:30:00Z,IT,cases,1
12915,2021-03-02T16:25:00Z,IT,cases,1
12916,2021-03-01T16:36:00Z,IT,cases,1
12917,2021-02-28T16:30:00Z,IT,cases,1
12918,2021-02-27T16:29:00Z,IT,cases,1
12919,2021-02-26T16:30:00Z,IT,cases,1
12920,2021-02-26T15:22:00Z,IT,live,0
12921,2021-02-25T16:30:00Z,IT,cases,1
12922,2021-02-24T16:59:00Z,IT,cases,1
12923,2021-02-24T16:03:00Z,IT,live,1
12924,2021-02-24T12:33:00Z,IT,live,0
12925,2021-02-23T16:30:00Z,IT,cases,1
12926,2021-02-22T16:30:00Z,IT,cases,1
12927,2021-02-21T16:30:00Z,IT,cases,1
12928,2021-02-20T16:30:00Z,IT,cases,1
12929,2021-02-19T16:30:00Z,IT,cases,1
12930,2021-02-19T15:07:00Z,IT,live,0
12931,2021-02-18T17:15:00Z,IT,cases,1
12932,2021-02-18T17:03:00Z,IT,president speech,1
12933,2021-02-18T16:30:00Z,IT,cases,1
12934,2021-02-17T19:45:00Z,IT,president speech,0
12935,2021-02-17T16:44:00Z,IT,cases,1
12936,2021-02-17T09:17:00Z,IT,president speech,0
12937,2021-02-16T17:43:00Z,IT,cases,1
12938,2021-02-15T16:37:00Z,IT,cases,1
12939,2021-02-14T16:30:00Z,IT,cases,1
12940,2021-02-13T16:30:00Z,IT,cases,1
12941,2021-02-12T16:55:00Z,IT,cases,1
12942,2021-02-12T15:25:00Z,IT,live,0
12943,2021-02-11T17:04:00Z,IT,cases,1
12944,2021-02-10T16:49:00Z,IT,cases,1
12945,2021-02-09T16:30:00Z,IT,cases,1
12946,2021-02-08T16:30:00Z,IT,cases,1
12947,2021-02-07T16:30:00Z,IT,cases,1
12948,2021-02-06T16:30:00Z,IT,cases,1
12949,2021-02-05T16:30:00Z,IT,cases,1
12950,2021-02-05T15:50:00Z,IT,live,0
12951,2021-02-04T16:51:00Z,IT,cases,1
12952,2021-02-04T12:53:00Z,IT,president speech,0
12953,2021-02-03T17:00:00Z,IT,cases,1
12954,2021-02-02T16:36:00Z,IT,cases,1
12955,2021-02-01T16:44:00Z,IT,cases,1
12956,2021-01-31T16:30:00Z,IT,cases,1
12957,2021-01-30T16:59:00Z,IT,cases,1
12958,2021-01-30T16:30:00Z,IT,cases,1
12959,2021-01-29T17:30:00Z,IT,live,1
12960,2021-01-29T17:05:00Z,IT,cases,1
12961,2021-01-28T17:46:00Z,IT,cases,1
12962,2021-01-27T16:42:00Z,IT,cases,1
12963,2021-01-27T11:18:00Z,IT,live,0
12964,2021-01-26T17:45:00Z,IT,cases,1
12965,2021-01-25T16:53:00Z,IT,cases,1
12966,2021-01-24T16:03:00Z,IT,cases,1
12967,2021-01-22T16:47:00Z,IT,cases,1
12968,2021-01-21T17:19:00Z,IT,cases,1
12969,2021-01-20T17:01:00Z,IT,cases,1
12970,2021-01-19T17:48:00Z,IT,president speech,1
12971,2021-01-19T16:32:00Z,IT,cases,1
12972,2021-01-19T16:30:00Z,IT,cases,1
12973,2021-01-19T08:40:00Z,IT,president speech,0
12974,2021-01-18T16:30:00Z,IT,cases,1
12975,2021-01-18T11:13:00Z,IT,president speech,0
12976,2021-01-17T17:03:00Z,IT,cases,1
12977,2021-01-16T16:30:00Z,IT,cases,1
12978,2021-01-15T16:30:00Z,IT,cases,1
12979,2021-01-15T15:15:00Z,IT,live,0
12980,2021-01-15T14:50:00Z,IT,live,0
12981,2021-01-14T16:43:00Z,IT,cases,1
12982,2021-01-13T16:32:00Z,IT,cases,1
12983,2021-01-13T14:07:00Z,IT,live,0
12984,2021-01-13T08:36:00Z,IT,live,0
12985,2021-01-12T16:38:00Z,IT,cases,1
12986,2021-01-11T16:14:00Z,IT,cases,1
12987,2021-01-10T16:49:00Z,IT,cases,1
12988,2021-01-09T16:30:00Z,IT,cases,1
12989,2021-01-08T17:31:00Z,IT,cases,1
12990,2021-01-08T14:40:00Z,IT,live,0
12991,2021-01-07T16:27:00Z,IT,cases,1
12992,2021-01-06T16:30:00Z,IT,cases,1
12993,2021-01-05T16:32:00Z,IT,cases,1
12994,2021-01-04T16:19:00Z,IT,cases,1
12995,2021-01-03T17:16:00Z,IT,cases,1
12996,2021-01-02T16:29:00Z,IT,cases,1
12997,2021-01-01T16:57:00Z,IT,cases,1
12998,2020-12-31T17:02:00Z,IT,cases,1
12999,2020-12-31T10:13:00Z,IT,live,0
13000,2020-12-30T16:19:00Z,IT,cases,1
13001,2020-12-29T16:18:00Z,IT,cases,1
13002,2020-12-28T16:30:00Z,IT,cases,1
13003,2020-12-27T16:42:00Z,IT,cases,1
13004,2020-12-26T17:02:00Z,IT,cases,1
13005,2020-12-25T16:38:00Z,IT,cases,1
13006,2020-12-24T16:27:00Z,IT,cases,1
13007,2020-12-24T10:24:00Z,IT,live,0
13008,2020-12-23T16:27:00Z,IT,cases,1
13009,2020-12-22T16:18:00Z,IT,cases,1
13010,2020-12-21T16:39:00Z,IT,cases,1
13011,2020-12-20T16:44:00Z,IT,cases,1
13012,2020-12-19T18:28:00Z,IT,cases,0
13013,2020-12-19T16:30:00Z,IT,cases,1
13014,2020-12-18T20:51:00Z,IT,president speech,0
13015,2020-12-18T16:56:00Z,IT,live,1
13016,2020-12-18T16:54:00Z,IT,live,1
13017,2020-12-18T16:21:00Z,IT,cases,1
13018,2020-12-17T16:14:00Z,IT,cases,1
13019,2020-12-16T16:28:00Z,IT,cases,1
13020,2020-12-15T16:35:00Z,IT,cases,1
13021,2020-12-15T15:58:00Z,IT,live,0
13022,2020-12-14T17:06:00Z,IT,cases,1
13023,2020-12-13T16:36:00Z,IT,cases,1
13024,2020-12-12T17:01:00Z,IT,cases,1
13025,2020-12-12T10:11:00Z,IT,live,0
13026,2020-12-11T16:20:00Z,IT,cases,1
13027,2020-12-10T16:22:00Z,IT,cases,1
13028,2020-12-09T16:21:00Z,IT,cases,1
13029,2020-12-08T17:15:00Z,IT,cases,1
13030,2020-12-08T16:31:00Z,IT,live,1
13031,2020-12-07T17:12:00Z,IT,cases,1
13032,2020-12-06T16:30:00Z,IT,cases,1
13033,2020-12-05T16:30:00Z,IT,cases,1
13034,2020-12-04T17:24:00Z,IT,live,1
13035,2020-12-04T16:57:00Z,IT,cases,1
13036,2020-12-03T19:26:00Z,IT,president speech,0
13037,2020-12-03T16:41:00Z,IT,cases,1
13038,2020-12-02T16:47:00Z,IT,cases,1
13039,2020-12-02T08:42:00Z,IT,live,0
13040,2020-12-01T17:02:00Z,IT,cases,1
13041,2020-12-01T16:22:00Z,IT,live,1
13042,2020-11-30T16:26:00Z,IT,cases,1
13043,2020-11-29T16:30:00Z,IT,cases,1
13044,2020-11-28T16:30:00Z,IT,cases,1
13045,2020-11-27T16:26:00Z,IT,cases,1
13046,2020-11-26T16:19:00Z,IT,cases,1
13047,2020-11-25T16:30:00Z,IT,cases,1
13048,2020-11-25T16:30:00Z,IT,cases,1
13049,2020-11-24T16:30:00Z,IT,cases,1
13050,2020-11-24T16:14:00Z,IT,live,1
13051,2020-11-23T16:30:00Z,IT,cases,1
13052,2020-11-22T17:03:00Z,IT,cases,1
13053,2020-11-22T16:30:00Z,IT,cases,1
13054,2020-11-21T16:30:00Z,IT,cases,1
13055,2020-11-16T16:33:00Z,IT,cases,1
13056,2020-11-15T16:17:00Z,IT,cases,1
13057,2020-11-14T16:11:00Z,IT,cases,1
13058,2020-11-14T16:11:00Z,IT,cases,1
13059,2020-11-14T10:12:00Z,IT,cases,0
13060,2020-11-14T10:12:00Z,IT,live,0
13061,2020-11-13T16:20:00Z,IT,cases,1
13062,2020-11-12T16:05:00Z,IT,cases,1
13063,2020-11-11T16:06:00Z,IT,cases,1
13064,2020-11-10T16:30:00Z,IT,cases,1
13065,2020-11-09T16:08:00Z,IT,cases,1
13066,2020-11-08T16:25:00Z,IT,cases,1
13067,2020-11-07T16:16:00Z,IT,cases,1
13068,2020-11-06T16:07:00Z,IT,cases,1
13069,2020-11-05T16:39:00Z,IT,cases,1
13070,2020-11-05T14:30:00Z,IT,live,0
13071,2020-11-04T19:21:00Z,IT,president speech,0
13072,2020-11-04T16:32:00Z,IT,cases,1
13073,2020-11-04T15:58:00Z,IT,live,0
13074,2020-11-03T16:14:00Z,IT,cases,1
13075,2020-11-02T16:13:00Z,IT,cases,1
13076,2020-11-02T11:12:00Z,IT,president speech,0
13077,2020-11-01T16:14:00Z,IT,cases,1
13078,2020-10-31T16:30:00Z,IT,cases,1
13079,2020-10-30T16:16:00Z,IT,cases,1
13080,2020-10-30T15:04:00Z,IT,live,0
13081,2020-10-29T16:37:00Z,IT,cases,1
13082,2020-10-29T08:39:00Z,IT,president speech,0
13083,2020-10-28T16:22:00Z,IT,cases,1
13084,2020-10-27T17:10:00Z,IT,cases,1
13085,2020-10-27T16:30:00Z,IT,cases,1
13086,2020-10-26T16:14:00Z,IT,cases,1
13087,2020-10-25T16:22:00Z,IT,cases,1
13088,2020-10-24T15:40:00Z,IT,cases,1
13089,2020-10-24T15:30:00Z,IT,cases,1
13090,2020-10-23T15:06:00Z,IT,cases,1
13091,2020-10-22T15:09:00Z,IT,cases,1
13092,2020-10-21T15:30:00Z,IT,cases,1
13093,2020-10-20T15:30:00Z,IT,cases,1
13094,2020-10-20T14:18:00Z,IT,president speech,0
13095,2020-10-19T15:30:00Z,IT,cases,1
13096,2020-10-18T18:58:00Z,IT,president speech,0
13097,2020-10-18T15:30:00Z,IT,cases,1
13098,2020-10-17T15:30:00Z,IT,cases,1
13099,2020-10-16T15:30:00Z,IT,cases,1
13100,2020-10-15T15:30:00Z,IT,cases,1
13101,2020-10-10T16:23:00Z,IT,cases,1
13102,2020-10-09T16:53:00Z,IT,cases,1
13103,2020-10-08T16:01:00Z,IT,cases,1
13104,2020-10-07T16:33:00Z,IT,president speech,1
13105,2020-10-07T16:05:00Z,IT,cases,1
13106,2020-10-06T16:03:00Z,IT,cases,1
13107,2020-10-05T16:00:00Z,IT,cases,1
13108,2020-10-04T16:50:00Z,IT,cases,1
13109,2020-10-03T16:23:00Z,IT,cases,1
13110,2020-10-02T16:19:00Z,IT,cases,1
13111,2020-10-01T16:11:00Z,IT,cases,1
13112,2020-09-30T16:01:00Z,IT,cases,1
13113,2020-09-29T16:11:00Z,IT,cases,1
13114,2020-09-28T16:08:00Z,IT,cases,1
13115,2020-09-27T16:14:00Z,IT,cases,1
13116,2020-09-26T17:19:00Z,IT,cases,0
13117,2020-09-26T17:19:00Z,IT,cases,0
13118,2020-09-25T16:23:00Z,IT,cases,1
13119,2020-09-24T16:00:00Z,IT,cases,1
13120,2020-09-23T16:11:00Z,IT,cases,1
13121,2020-09-22T16:44:00Z,IT,cases,1
13122,2020-09-22T15:28:00Z,IT,live,1
13123,2020-09-21T16:28:00Z,IT,cases,1
13124,2020-09-20T18:09:00Z,IT,cases,0
13125,2020-09-16T16:02:00Z,IT,cases,1
13126,2020-09-15T16:14:00Z,IT,cases,1
13127,2020-09-14T16:00:00Z,IT,cases,1
13128,2020-09-13T15:44:00Z,IT,cases,1
13129,2020-09-11T16:06:00Z,IT,cases,1
13130,2020-09-10T16:42:00Z,IT,cases,1
13131,2020-09-09T15:58:00Z,IT,cases,1
13132,2020-09-09T13:44:00Z,IT,president speech,0
13133,2020-09-08T16:52:00Z,IT,cases,1
13134,2020-09-06T16:00:00Z,IT,cases,1
13135,2020-09-05T15:50:00Z,IT,cases,1
13136,2020-09-04T15:55:00Z,IT,cases,1
13137,2020-09-03T16:09:00Z,IT,cases,1
13138,2020-09-02T16:20:00Z,IT,cases,1
13139,2020-09-01T16:10:00Z,IT,cases,1
13140,2020-08-31T16:34:00Z,IT,cases,1
13141,2020-08-30T18:45:00Z,IT,cases,0
13142,2020-08-29T17:39:00Z,IT,cases,0
13143,2020-08-28T15:50:00Z,IT,cases,1
13144,2020-08-27T15:57:00Z,IT,cases,1
13145,2020-08-26T16:04:00Z,IT,cases,1
13146,2020-08-25T15:58:00Z,IT,cases,1
13147,2020-08-24T16:00:00Z,IT,cases,1
13148,2020-08-23T16:00:00Z,IT,cases,1
13149,2020-08-22T16:01:00Z,IT,cases,1
13150,2020-08-21T16:00:00Z,IT,cases,1
13151,2020-08-20T16:00:00Z,IT,cases,1
13152,2020-08-19T15:30:00Z,IT,cases,1
13153,2020-08-18T16:00:00Z,IT,cases,1
13154,2020-08-17T15:30:00Z,IT,cases,1
13155,2020-08-16T16:44:00Z,IT,cases,1
13156,2020-08-15T16:02:00Z,IT,cases,1
13157,2020-08-14T15:56:00Z,IT,cases,1
13158,2020-08-11T16:16:00Z,IT,cases,1
13159,2020-08-10T16:11:00Z,IT,cases,1
13160,2020-08-09T18:15:00Z,IT,cases,0
13161,2020-08-08T16:14:00Z,IT,cases,1
13162,2020-08-07T16:11:00Z,IT,cases,1
13163,2020-08-06T16:09:00Z,IT,cases,1
13164,2020-08-05T16:04:00Z,IT,cases,1
13165,2020-08-04T16:25:00Z,IT,cases,1
13166,2020-08-03T16:26:00Z,IT,cases,1
13167,2020-08-02T16:23:00Z,IT,cases,1
13168,2020-08-01T17:16:00Z,IT,cases,0
13169,2020-07-31T16:20:00Z,IT,cases,1
13170,2020-07-30T16:40:00Z,IT,cases,1
13171,2020-07-29T16:22:00Z,IT,cases,1
13172,2020-07-29T07:49:00Z,IT,president speech,0
13173,2020-07-28T16:38:00Z,IT,cases,1
13174,2020-07-27T16:00:00Z,IT,cases,1
13175,2020-07-25T15:45:00Z,IT,cases,1
13176,2020-07-24T16:31:00Z,IT,cases,1
13177,2020-07-23T16:20:00Z,IT,cases,1
13178,2020-07-22T16:01:00Z,IT,cases,1
13179,2020-07-21T16:20:00Z,IT,cases,1
13180,2020-07-20T16:06:00Z,IT,cases,1
13181,2020-07-17T16:05:00Z,IT,cases,1
13182,2020-07-09T16:10:00Z,IT,cases,1
13183,2020-07-08T16:26:00Z,IT,cases,1
13184,2020-07-08T11:54:00Z,IT,president speech,0
13185,2020-07-07T17:06:00Z,IT,cases,0
13186,2020-07-07T10:28:00Z,IT,president speech,0
13187,2020-07-06T16:10:00Z,IT,cases,1
13188,2020-07-05T16:43:00Z,IT,cases,1
13189,2020-07-04T17:27:00Z,IT,cases,0
13190,2020-07-03T16:17:00Z,IT,cases,1
13191,2020-07-02T16:17:00Z,IT,cases,1
13192,2020-07-01T16:12:00Z,IT,cases,1
13193,2020-06-30T16:47:00Z,IT,cases,1
13194,2020-06-29T16:00:00Z,IT,cases,1
13195,2020-06-28T16:36:00Z,IT,cases,1
13196,2020-06-27T16:01:00Z,IT,cases,1
13197,2020-06-26T17:08:00Z,IT,cases,0
13198,2020-06-25T16:27:00Z,IT,cases,1
13199,2020-06-24T18:01:00Z,IT,cases,0
13200,2020-06-23T16:32:00Z,IT,cases,1
13201,2020-06-22T16:16:00Z,IT,cases,1
13202,2020-06-21T17:48:00Z,IT,president speech,0
13203,2020-06-21T16:00:00Z,IT,cases,1
13204,2020-06-20T16:19:00Z,IT,cases,1
13205,2020-06-19T16:56:00Z,IT,cases,1
13206,2020-06-19T15:10:00Z,IT,president speech,1
13207,2020-06-18T17:01:00Z,IT,cases,0
13208,2020-06-18T16:05:00Z,IT,cases,1
13209,2020-06-17T16:29:00Z,IT,live,1
13210,2020-06-17T16:22:00Z,IT,cases,1
13211,2020-06-16T16:23:00Z,IT,cases,1
13212,2020-06-15T16:31:00Z,IT,cases,1
13213,2020-06-14T16:33:00Z,IT,cases,1
13214,2020-06-13T16:17:00Z,IT,cases,1
13215,2020-06-12T16:13:00Z,IT,cases,1
13216,2020-06-11T19:30:00Z,IT,president speech,0
13217,2020-06-11T16:48:00Z,IT,cases,1
13218,2020-06-11T16:23:00Z,IT,cases,1
13219,2020-06-11T16:23:00Z,IT,cases,1
13220,2020-06-10T17:16:00Z,IT,president speech,0
13221,2020-06-10T16:35:00Z,IT,cases,1
13222,2020-06-10T16:35:00Z,IT,cases,1
13223,2020-06-10T16:25:00Z,IT,cases,1
13224,2020-06-09T16:12:00Z,IT,cases,1
13225,2020-06-08T16:06:00Z,IT,cases,1
13226,2020-06-07T16:14:00Z,IT,cases,1
13227,2020-06-06T16:18:00Z,IT,cases,1
13228,2020-06-05T16:24:00Z,IT,cases,1
13229,2020-06-04T16:21:00Z,IT,cases,1
13230,2020-04-30T16:05:00Z,IT,live,1
13231,2020-04-30T11:38:00Z,IT,president speech,0
13232,2020-04-30T08:25:00Z,IT,president speech,0
13233,2020-04-28T20:46:00Z,IT,president speech,0
13234,2020-04-27T16:12:00Z,IT,live,1
13235,2020-04-26T18:26:00Z,IT,president speech,0
13236,2020-04-23T18:17:00Z,IT,president speech,0
13237,2020-04-23T16:05:00Z,IT,live,1
13238,2020-04-21T15:40:00Z,IT,president speech,1
13239,2020-04-21T13:07:00Z,IT,president speech,0
13240,2020-04-20T16:13:00Z,IT,live,1
13241,2020-04-17T16:16:00Z,IT,live,1
13242,2020-04-16T16:14:00Z,IT,live,1
13243,2020-04-15T16:03:00Z,IT,live,1
13244,2020-04-14T16:07:00Z,IT,live,1
13245,2020-04-13T16:09:00Z,IT,live,1
13246,2020-04-12T16:03:00Z,IT,live,1
13247,2020-04-11T16:08:00Z,IT,live,1
13248,2020-04-10T17:36:00Z,IT,president speech,0
13249,2020-04-10T16:00:00Z,IT,live,1
13250,2020-04-09T16:23:00Z,IT,live,1
13251,2020-04-08T16:09:00Z,IT,live,1
13252,2020-04-07T16:12:00Z,IT,live,1
13253,2020-04-06T18:27:00Z,IT,president speech,0
13254,2020-04-06T16:05:00Z,IT,live,1
13255,2020-04-05T16:09:00Z,IT,live,1
13256,2020-04-04T16:10:00Z,IT,live,1
13257,2020-04-03T16:18:00Z,IT,live,1
13258,2020-04-02T16:07:00Z,IT,live,1
13259,2020-04-01T18:22:00Z,IT,president speech,0
13260,2020-04-01T16:11:00Z,IT,live,1
13261,2020-03-31T16:06:00Z,IT,live,1
13262,2020-03-30T16:10:00Z,IT,live,1
13263,2020-03-29T16:08:00Z,IT,live,1
13264,2020-03-28T18:35:00Z,IT,president speech,0
13265,2020-03-28T17:11:00Z,IT,live,1
13266,2020-03-27T16:32:00Z,IT,live,1
13267,2020-03-26T17:04:00Z,IT,live,1
13268,2020-03-26T09:05:00Z,IT,president speech,0
13269,2020-03-25T17:09:00Z,IT,president speech,1
13270,2020-03-25T16:59:00Z,IT,live,1
13271,2020-03-24T17:37:00Z,IT,president speech,1
13272,2020-03-24T17:03:00Z,IT,live,1
13273,2020-03-23T17:10:00Z,IT,live,1
13274,2020-03-22T17:05:00Z,IT,live,1
13275,2020-03-21T22:25:00Z,IT,president speech,0
13276,2020-03-21T17:07:00Z,IT,live,1
13277,2020-03-20T18:50:00Z,IT,live,0
13278,2020-03-20T17:06:00Z,IT,live,1
13279,2020-03-19T17:11:00Z,IT,live,1
13280,2020-03-18T23:05:00Z,IT,other,0
13281,2020-03-18T17:09:00Z,IT,live,1
13282,2020-03-17T17:09:00Z,IT,live,1
13283,2020-03-16T17:07:00Z,IT,live,1
13284,2020-03-16T13:48:00Z,IT,president speech,0
13285,2020-03-15T17:07:00Z,IT,live,1
13286,2020-03-14T17:02:00Z,IT,live,1
13287,2020-03-13T17:03:00Z,IT,live,1
13288,2020-03-12T17:07:00Z,IT,live,1
13289,2020-03-11T20:45:00Z,IT,president speech,0
13290,2020-03-11T17:06:00Z,IT,live,1
13291,2020-03-11T10:00:00Z,IT,president speech,0
13292,2020-03-10T17:08:00Z,IT,live,1
13293,2020-03-09T20:36:00Z,IT,president speech,0
13294,2020-03-09T17:27:00Z,IT,live,1
13295,2020-03-08T17:18:00Z,IT,live,1
13296,2020-03-08T01:17:00Z,IT,president speech,0
13297,2020-03-07T17:03:00Z,IT,live,1
13298,2020-03-06T20:50:00Z,IT,other,0
13299,2020-03-06T17:08:00Z,IT,live,1
13300,2020-03-05T17:07:00Z,IT,live,1
13301,2020-03-05T15:30:00Z,IT,president speech,0
13302,2020-03-05T11:52:00Z,IT,other,0
13303,2020-03-04T17:13:00Z,IT,president speech,1
13304,2020-03-04T17:01:00Z,IT,live,1
13305,2020-03-03T17:09:00Z,IT,live,1
13306,2020-03-02T17:12:00Z,IT,live,1
13307,2020-03-01T17:07:00Z,IT,live,1
13308,2020-02-29T23:00:00Z,IT,other,0
13309,2020-02-29T17:09:00Z,IT,live,1
13310,2020-02-28T19:22:00Z,IT,live,0
13311,2020-02-28T17:06:00Z,IT,live,1
13312,2020-02-27T17:18:00Z,IT,live,1
13313,2020-02-27T11:31:00Z,IT,live,0
13314,2020-02-26T17:16:00Z,IT,live,1
13315,2020-02-26T11:08:00Z,IT,live,0
13316,2020-02-25T17:13:00Z,IT,live,1
13317,2020-02-25T10:58:00Z,IT,live,0
13318,2020-02-24T19:39:00Z,IT,president speech,0
13319,2020-02-24T17:03:00Z,IT,live,1
13320,2020-02-24T11:06:00Z,IT,live,0
13321,2020-02-22T18:02:00Z,IT,other,0
13322,2020-02-05T16:01:00Z,IT,live,1
13323,2020-01-31T09:15:00Z,IT,other,0
13324,2020-01-30T21:15:00Z,IT,president speech,0
13325,2022-02-28T23:00:00Z,MX,cases,1
13326,2022-02-27T23:00:00Z,MX,cases,1
13327,2022-02-26T23:00:00Z,MX,cases,1
13328,2022-02-25T23:00:00Z,MX,cases,1
13329,2022-02-24T23:00:00Z,MX,cases,1
13330,2022-02-23T23:00:00Z,MX,cases,1
13331,2022-02-22T23:00:00Z,MX,cases,1
13332,2022-02-21T23:00:00Z,MX,cases,1
13333,2022-02-20T23:00:00Z,MX,cases,1
13334,2022-02-19T23:00:00Z,MX,cases,1
13335,2022-02-18T23:00:00Z,MX,cases,1
13336,2022-02-17T23:00:00Z,MX,cases,1
13337,2022-02-16T23:00:00Z,MX,cases,1
13338,2022-02-15T23:00:00Z,MX,cases,1
13339,2022-02-14T23:00:00Z,MX,cases,1
13340,2022-02-13T23:00:00Z,MX,cases,1
13341,2022-02-12T23:00:00Z,MX,cases,1
13342,2022-02-11T23:00:00Z,MX,cases,1
13343,2022-02-10T23:00:00Z,MX,cases,1
13344,2022-02-09T23:00:00Z,MX,cases,1
13345,2022-02-08T23:00:00Z,MX,cases,1
13346,2022-02-07T23:00:00Z,MX,cases,1
13347,2022-02-06T23:00:00Z,MX,cases,1
13348,2022-02-05T23:00:00Z,MX,cases,1
13349,2022-02-04T23:00:00Z,MX,cases,1
13350,2022-02-03T23:00:00Z,MX,cases,1
13351,2022-02-02T23:00:00Z,MX,cases,1
13352,2022-02-01T23:00:00Z,MX,cases,1
13353,2022-01-31T23:00:00Z,MX,cases,1
13354,2022-01-30T23:00:00Z,MX,cases,1
13355,2022-01-29T23:00:00Z,MX,cases,1
13356,2022-01-28T23:00:00Z,MX,cases,1
13357,2022-01-27T23:00:00Z,MX,cases,1
13358,2022-01-26T23:00:00Z,MX,cases,1
13359,2022-01-25T23:00:00Z,MX,cases,1
13360,2022-01-24T23:00:00Z,MX,cases,1
13361,2022-01-23T23:00:00Z,MX,cases,1
13362,2022-01-22T23:00:00Z,MX,cases,1
13363,2022-01-21T23:00:00Z,MX,cases,1
13364,2022-01-20T23:00:00Z,MX,cases,1
13365,2022-01-19T23:00:00Z,MX,cases,1
13366,2022-01-18T23:00:00Z,MX,cases,1
13367,2022-01-17T23:00:00Z,MX,cases,1
13368,2022-01-16T23:00:00Z,MX,cases,1
13369,2022-01-15T23:00:00Z,MX,cases,1
13370,2022-01-14T23:00:00Z,MX,cases,1
13371,2022-01-13T23:00:00Z,MX,cases,1
13372,2022-01-12T23:00:00Z,MX,cases,1
13373,2022-01-11T23:00:00Z,MX,cases,1
13374,2022-01-10T23:00:00Z,MX,cases,1
13375,2022-01-09T23:00:00Z,MX,cases,1
13376,2022-01-08T23:00:00Z,MX,cases,1
13377,2022-01-07T23:00:00Z,MX,cases,1
13378,2022-01-06T23:00:00Z,MX,cases,1
13379,2022-01-05T23:00:00Z,MX,cases,1
13380,2022-01-04T23:00:00Z,MX,cases,1
13381,2022-01-03T23:00:00Z,MX,cases,1
13382,2022-01-02T23:00:00Z,MX,cases,1
13383,2021-12-31T23:00:00Z,MX,cases,1
13384,2021-12-30T23:00:00Z,MX,cases,1
13385,2021-12-29T23:00:00Z,MX,cases,1
13386,2021-12-28T23:00:00Z,MX,cases,1
13387,2021-12-27T23:00:00Z,MX,cases,1
13388,2021-12-26T23:00:00Z,MX,cases,1
13389,2021-12-24T23:00:00Z,MX,cases,1
13390,2021-12-23T23:00:00Z,MX,cases,1
13391,2021-12-22T23:00:00Z,MX,cases,1
13392,2021-12-21T23:00:00Z,MX,cases,1
13393,2021-12-20T23:00:00Z,MX,cases,1
13394,2021-12-19T23:00:00Z,MX,cases,1
13395,2021-12-18T23:00:00Z,MX,cases,1
13396,2021-12-17T23:00:00Z,MX,cases,1
13397,2021-12-16T23:00:00Z,MX,cases,1
13398,2021-12-15T23:00:00Z,MX,cases,1
13399,2021-12-14T23:00:00Z,MX,cases,1
13400,2021-12-13T23:00:00Z,MX,cases,1
13401,2021-12-12T23:00:00Z,MX,cases,1
13402,2021-12-11T23:00:00Z,MX,cases,1
13403,2021-12-10T23:00:00Z,MX,cases,1
13404,2021-12-09T23:00:00Z,MX,cases,1
13405,2021-12-08T23:00:00Z,MX,cases,1
13406,2021-12-07T23:00:00Z,MX,cases,1
13407,2021-12-06T23:00:00Z,MX,cases,1
13408,2021-12-05T23:00:00Z,MX,cases,1
13409,2021-12-04T23:00:00Z,MX,cases,1
13410,2021-12-03T23:00:00Z,MX,cases,1
13411,2021-12-02T23:00:00Z,MX,cases,1
13412,2021-12-01T23:00:00Z,MX,cases,1
13413,2021-11-30T23:00:00Z,MX,cases,1
13414,2021-11-29T23:00:00Z,MX,cases,1
13415,2021-11-28T23:00:00Z,MX,cases,1
13416,2021-11-27T23:00:00Z,MX,cases,1
13417,2021-11-26T23:00:00Z,MX,cases,1
13418,2021-11-25T23:00:00Z,MX,cases,1
13419,2021-11-24T23:00:00Z,MX,cases,1
13420,2021-11-23T23:00:00Z,MX,cases,1
13421,2021-11-22T23:00:00Z,MX,cases,1
13422,2021-11-21T23:00:00Z,MX,cases,1
13423,2021-11-20T23:00:00Z,MX,cases,1
13424,2021-11-19T23:00:00Z,MX,cases,1
13425,2021-11-18T23:00:00Z,MX,cases,1
13426,2021-11-17T23:00:00Z,MX,cases,1
13427,2021-11-16T23:00:00Z,MX,cases,1
13428,2021-11-15T23:00:00Z,MX,cases,1
13429,2021-11-14T23:00:00Z,MX,cases,1
13430,2021-11-13T23:00:00Z,MX,cases,1
13431,2021-11-12T23:00:00Z,MX,cases,1
13432,2021-11-11T23:00:00Z,MX,cases,1
13433,2021-11-10T23:00:00Z,MX,cases,1
13434,2021-11-09T23:00:00Z,MX,cases,1
13435,2021-11-08T23:00:00Z,MX,cases,1
13436,2021-11-07T23:00:00Z,MX,cases,1
13437,2021-11-06T23:00:00Z,MX,cases,1
13438,2021-11-05T23:00:00Z,MX,cases,1
13439,2021-11-04T23:00:00Z,MX,cases,1
13440,2021-11-03T23:00:00Z,MX,cases,1
13441,2021-11-02T23:00:00Z,MX,cases,1
13442,2021-11-01T23:00:00Z,MX,cases,1
13443,2021-10-31T22:00:00Z,MX,cases,0
13444,2021-10-30T22:00:00Z,MX,cases,1
13445,2021-10-29T22:00:00Z,MX,cases,1
13446,2021-10-28T22:00:00Z,MX,cases,1
13447,2021-10-27T22:00:00Z,MX,cases,1
13448,2021-10-26T22:00:00Z,MX,cases,1
13449,2021-10-25T22:00:00Z,MX,cases,1
13450,2021-10-24T22:00:00Z,MX,cases,1
13451,2021-10-23T22:00:00Z,MX,cases,1
13452,2021-10-22T22:00:00Z,MX,cases,1
13453,2021-10-21T22:00:00Z,MX,cases,1
13454,2021-10-20T22:00:00Z,MX,cases,1
13455,2021-10-19T22:00:00Z,MX,cases,1
13456,2021-10-18T22:00:00Z,MX,cases,1
13457,2021-10-17T22:00:00Z,MX,cases,1
13458,2021-10-16T22:00:00Z,MX,cases,1
13459,2021-10-15T22:00:00Z,MX,cases,1
13460,2021-10-14T22:00:00Z,MX,cases,1
13461,2021-10-13T22:00:00Z,MX,cases,1
13462,2021-10-12T22:00:00Z,MX,cases,1
13463,2021-10-11T22:00:00Z,MX,cases,1
13464,2021-10-10T22:00:00Z,MX,cases,1
13465,2021-10-09T22:00:00Z,MX,cases,1
13466,2021-10-08T22:00:00Z,MX,cases,1
13467,2021-10-07T22:00:00Z,MX,cases,1
13468,2021-10-06T22:00:00Z,MX,cases,1
13469,2021-10-05T22:00:00Z,MX,cases,1
13470,2021-10-04T22:00:00Z,MX,cases,1
13471,2021-10-03T22:00:00Z,MX,cases,1
13472,2021-10-02T22:00:00Z,MX,cases,1
13473,2021-10-01T22:00:00Z,MX,cases,1
13474,2021-09-30T22:00:00Z,MX,cases,1
13475,2021-09-29T22:00:00Z,MX,cases,1
13476,2021-09-28T22:00:00Z,MX,cases,1
13477,2021-09-27T22:00:00Z,MX,cases,1
13478,2021-09-26T22:00:00Z,MX,cases,1
13479,2021-09-25T22:00:00Z,MX,cases,1
13480,2021-09-24T22:00:00Z,MX,cases,1
13481,2021-09-23T22:00:00Z,MX,cases,1
13482,2021-09-22T22:00:00Z,MX,cases,1
13483,2021-09-21T22:00:00Z,MX,cases,1
13484,2021-09-20T22:00:00Z,MX,cases,1
13485,2021-09-19T22:00:00Z,MX,cases,1
13486,2021-09-18T22:00:00Z,MX,cases,1
13487,2021-09-17T22:00:00Z,MX,cases,1
13488,2021-09-16T22:00:00Z,MX,cases,1
13489,2021-09-15T22:00:00Z,MX,cases,1
13490,2021-09-14T22:00:00Z,MX,cases,1
13491,2021-09-13T22:00:00Z,MX,cases,1
13492,2021-09-12T22:00:00Z,MX,cases,1
13493,2021-09-11T22:00:00Z,MX,cases,1
13494,2021-09-10T22:00:00Z,MX,cases,1
13495,2021-09-09T22:00:00Z,MX,cases,1
13496,2021-09-08T22:00:00Z,MX,cases,1
13497,2021-09-07T22:00:00Z,MX,cases,1
13498,2021-09-06T22:00:00Z,MX,cases,1
13499,2021-09-05T22:00:00Z,MX,cases,1
13500,2021-09-04T22:00:00Z,MX,cases,1
13501,2021-09-03T22:00:00Z,MX,cases,1
13502,2021-09-02T22:00:00Z,MX,cases,1
13503,2021-09-01T22:00:00Z,MX,cases,1
13504,2021-04-11T23:56:28Z,MX,live,1
13505,2021-04-10T23:56:20Z,MX,live,1
13506,2021-04-09T23:56:40Z,MX,live,1
13507,2021-04-09T12:04:06Z,MX,president speech,0
13508,2021-04-08T23:56:15Z,MX,live,1
13509,2021-04-08T11:55:36Z,MX,president speech,0
13510,2021-04-07T23:56:00Z,MX,live,1
13511,2021-04-07T11:54:48Z,MX,president speech,0
13512,2021-04-06T23:56:27Z,MX,live,1
13513,2021-04-06T11:54:51Z,MX,president speech,0
13514,2021-04-05T23:56:21Z,MX,live,1
13515,2021-04-05T11:46:01Z,MX,president speech,0
13516,2021-04-01T00:56:43Z,MX,live,1
13517,2021-03-31T12:55:10Z,MX,president speech,0
13518,2021-03-31T00:56:38Z,MX,live,1
13519,2021-03-30T12:59:44Z,MX,president speech,0
13520,2021-03-30T00:56:25Z,MX,live,1
13521,2021-03-29T12:44:16Z,MX,president speech,0
13522,2021-03-29T00:56:20Z,MX,live,1
13523,2021-03-28T00:57:17Z,MX,live,1
13524,2021-03-25T12:59:01Z,MX,president speech,0
13525,2021-03-25T00:57:12Z,MX,live,1
13526,2021-03-24T13:14:31Z,MX,president speech,0
13527,2021-03-24T00:56:33Z,MX,live,1
13528,2021-03-23T12:54:17Z,MX,president speech,0
13529,2021-03-23T00:54:48Z,MX,live,1
13530,2021-03-22T12:46:13Z,MX,president speech,0
13531,2021-03-22T00:55:50Z,MX,live,1
13532,2021-03-21T00:57:16Z,MX,live,1
13533,2021-03-20T00:56:52Z,MX,live,1
13534,2021-03-19T12:54:34Z,MX,president speech,0
13535,2021-03-19T00:56:11Z,MX,live,1
13536,2021-03-17T12:53:14Z,MX,president speech,0
13537,2021-03-17T00:56:10Z,MX,live,1
13538,2021-03-16T12:55:20Z,MX,president speech,0
13539,2021-03-16T00:56:30Z,MX,live,1
13540,2021-03-15T12:44:48Z,MX,president speech,0
13541,2021-03-15T00:56:34Z,MX,live,1
13542,2021-03-14T00:56:55Z,MX,live,1
13543,2021-03-13T00:56:35Z,MX,live,1
13544,2021-03-12T12:54:50Z,MX,president speech,0
13545,2021-03-12T00:56:17Z,MX,live,1
13546,2021-03-11T12:52:20Z,MX,president speech,0
13547,2021-03-11T00:56:45Z,MX,live,1
13548,2021-03-09T12:55:55Z,MX,president speech,0
13549,2021-03-09T01:00:12Z,MX,live,1
13550,2021-03-08T12:44:40Z,MX,president speech,0
13551,2021-03-08T00:56:22Z,MX,live,1
13552,2021-03-07T01:38:42Z,MX,live,0
13553,2021-03-06T00:56:37Z,MX,live,1
13554,2021-03-05T12:55:23Z,MX,president speech,0
13555,2021-03-05T00:56:17Z,MX,live,1
13556,2021-03-04T12:57:31Z,MX,president speech,0
13557,2021-03-04T00:56:21Z,MX,live,1
13558,2021-03-03T12:52:03Z,MX,president speech,0
13559,2021-03-02T12:53:23Z,MX,president speech,0
13560,2021-03-02T00:56:30Z,MX,live,1
13561,2021-03-01T12:46:05Z,MX,president speech,0
13562,2021-03-01T00:56:43Z,MX,live,1
13563,2021-02-28T00:57:33Z,MX,live,1
13564,2021-02-27T00:56:11Z,MX,live,1
13565,2021-02-26T12:51:16Z,MX,president speech,0
13566,2021-02-26T00:56:20Z,MX,live,1
13567,2021-02-25T12:55:15Z,MX,president speech,0
13568,2021-02-25T00:56:35Z,MX,live,1
13569,2021-02-24T12:54:22Z,MX,president speech,0
13570,2021-02-24T00:56:28Z,MX,live,1
13571,2021-02-22T12:47:12Z,MX,president speech,0
13572,2021-02-22T00:56:27Z,MX,live,1
13573,2021-02-21T00:56:49Z,MX,live,1
13574,2021-02-20T00:56:37Z,MX,live,1
13575,2021-02-19T12:58:27Z,MX,president speech,0
13576,2021-02-19T00:56:28Z,MX,live,1
13577,2021-02-18T12:51:47Z,MX,president speech,0
13578,2021-02-18T00:56:50Z,MX,live,1
13579,2021-02-17T12:51:37Z,MX,president speech,0
13580,2021-02-17T00:57:16Z,MX,live,1
13581,2021-02-16T12:54:15Z,MX,president speech,0
13582,2021-02-16T00:58:43Z,MX,live,1
13583,2021-02-15T12:46:12Z,MX,president speech,0
13584,2021-02-15T00:56:44Z,MX,live,1
13585,2021-02-14T13:02:54Z,MX,live,0
13586,2021-02-14T00:56:55Z,MX,live,1
13587,2021-02-13T00:56:50Z,MX,live,1
13588,2021-02-12T13:00:33Z,MX,president speech,0
13589,2021-02-12T00:56:54Z,MX,live,1
13590,2021-02-11T12:50:17Z,MX,president speech,0
13591,2021-02-11T00:56:36Z,MX,live,1
13592,2021-02-10T12:47:59Z,MX,president speech,0
13593,2021-02-10T00:56:46Z,MX,live,1
13594,2021-02-09T12:55:36Z,MX,president speech,0
13595,2021-02-07T00:57:51Z,MX,live,1
13596,2021-02-06T00:56:39Z,MX,live,1
13597,2021-02-05T12:54:57Z,MX,president speech,0
13598,2021-02-05T00:56:32Z,MX,live,1
13599,2021-02-04T12:56:03Z,MX,president speech,0
13600,2021-02-04T00:56:48Z,MX,live,1
13601,2021-02-03T12:50:26Z,MX,president speech,0
13602,2021-02-03T00:56:54Z,MX,live,1
13603,2021-02-02T12:58:30Z,MX,president speech,0
13604,2021-02-02T00:56:12Z,MX,live,1
13605,2021-02-01T12:46:09Z,MX,president speech,0
13606,2021-01-30T00:56:26Z,MX,live,1
13607,2021-01-29T12:59:36Z,MX,president speech,0
13608,2021-01-29T00:56:35Z,MX,live,1
13609,2021-01-28T12:56:37Z,MX,president speech,0
13610,2021-01-28T00:56:16Z,MX,live,1
13611,2021-01-27T12:48:49Z,MX,president speech,0
13612,2021-01-27T00:56:43Z,MX,live,1
13613,2021-01-26T12:55:39Z,MX,president speech,0
13614,2021-01-26T00:56:12Z,MX,live,1
13615,2021-01-25T12:55:28Z,MX,president speech,0
13616,2021-01-25T00:54:19Z,MX,live,1
13617,2021-01-24T00:57:23Z,MX,live,1
13618,2021-01-22T12:55:45Z,MX,president speech,0
13619,2021-01-22T00:56:23Z,MX,live,1
13620,2021-01-21T12:56:49Z,MX,president speech,0
13621,2021-01-21T00:56:11Z,MX,live,1
13622,2021-01-20T12:54:35Z,MX,president speech,0
13623,2021-01-20T00:56:21Z,MX,live,1
13624,2021-01-19T12:56:13Z,MX,president speech,0
13625,2021-01-19T00:56:13Z,MX,live,1
13626,2021-01-18T13:08:13Z,MX,president speech,0
13627,2021-01-18T00:56:22Z,MX,live,1
13628,2021-01-17T00:56:39Z,MX,live,1
13629,2021-01-16T00:56:27Z,MX,live,1
13630,2021-01-15T12:53:43Z,MX,president speech,0
13631,2021-01-14T12:56:27Z,MX,president speech,0
13632,2021-01-14T00:56:27Z,MX,live,1
13633,2021-01-13T12:52:21Z,MX,president speech,0
13634,2021-01-13T00:56:17Z,MX,live,1
13635,2021-01-12T15:21:21Z,MX,president speech,0
13636,2021-01-12T00:56:33Z,MX,live,1
13637,2021-01-11T12:44:40Z,MX,president speech,0
13638,2021-01-11T00:56:28Z,MX,live,1
13639,2021-01-10T00:57:17Z,MX,live,1
13640,2021-01-09T00:56:25Z,MX,live,1
13641,2021-01-08T12:54:04Z,MX,president speech,0
13642,2021-01-08T00:56:26Z,MX,live,1
13643,2021-01-07T12:54:39Z,MX,president speech,0
13644,2021-01-07T00:56:14Z,MX,live,1
13645,2021-01-06T12:55:36Z,MX,president speech,0
13646,2021-01-06T00:56:34Z,MX,live,1
13647,2021-01-05T12:57:31Z,MX,president speech,0
13648,2021-01-05T00:56:46Z,MX,live,1
13649,2021-01-04T12:45:31Z,MX,president speech,0
13650,2020-12-31T12:57:29Z,MX,president speech,0
13651,2020-12-31T00:56:08Z,MX,live,1
13652,2020-12-30T12:52:59Z,MX,president speech,0
13653,2020-12-30T00:56:08Z,MX,live,1
13654,2020-12-29T12:55:07Z,MX,president speech,0
13655,2020-12-29T00:56:39Z,MX,live,1
13656,2020-12-28T12:42:05Z,MX,president speech,0
13657,2020-12-25T00:58:09Z,MX,live,1
13658,2020-12-24T12:50:44Z,MX,president speech,0
13659,2020-12-24T00:56:44Z,MX,live,1
13660,2020-12-23T12:55:37Z,MX,president speech,0
13661,2020-12-23T00:56:08Z,MX,live,1
13662,2020-12-22T12:57:01Z,MX,president speech,0
13663,2020-12-22T00:56:23Z,MX,live,1
13664,2020-12-21T12:41:07Z,MX,president speech,0
13665,2020-12-21T00:56:16Z,MX,live,1
13666,2020-12-20T00:56:32Z,MX,live,1
13667,2020-12-19T00:56:23Z,MX,live,1
13668,2020-12-19T00:56:00Z,MX,live,1
13669,2020-12-18T17:34:00Z,MX,live,0
13670,2020-12-18T12:57:00Z,MX,president speech,0
13671,2020-12-18T00:56:00Z,MX,live,1
13672,2020-12-17T13:54:00Z,MX,president speech,0
13673,2020-12-17T00:57:00Z,MX,live,1
13674,2020-12-16T12:54:00Z,MX,president speech,0
13675,2020-12-16T00:56:00Z,MX,live,1
13676,2020-12-15T12:57:00Z,MX,president speech,0
13677,2020-12-15T00:57:00Z,MX,live,1
13678,2020-12-14T12:43:00Z,MX,president speech,0
13679,2020-12-14T00:58:00Z,MX,live,1
13680,2020-12-13T00:58:00Z,MX,live,1
13681,2020-12-12T00:57:00Z,MX,live,1
13682,2020-12-11T12:56:00Z,MX,president speech,0
13683,2020-12-11T00:57:00Z,MX,live,1
13684,2020-12-10T12:56:00Z,MX,president speech,0
13685,2020-12-10T00:57:00Z,MX,live,1
13686,2020-12-09T12:55:00Z,MX,president speech,0
13687,2020-12-09T00:56:00Z,MX,live,1
13688,2020-12-08T12:57:00Z,MX,president speech,0
13689,2020-12-08T00:57:00Z,MX,live,1
13690,2020-12-07T12:45:00Z,MX,president speech,0
13691,2020-12-07T00:56:00Z,MX,live,1
13692,2020-12-06T00:58:00Z,MX,live,1
13693,2020-12-05T00:57:00Z,MX,live,1
13694,2020-12-04T12:56:00Z,MX,president speech,0
13695,2020-12-04T00:58:00Z,MX,live,1
13696,2020-12-03T12:56:00Z,MX,president speech,0
13697,2020-12-03T00:57:00Z,MX,live,1
13698,2020-12-02T12:55:00Z,MX,president speech,0
13699,2020-12-02T00:57:00Z,MX,live,1
13700,2020-12-01T01:02:00Z,MX,live,0
13701,2020-11-30T12:47:00Z,MX,president speech,0
13702,2020-11-30T00:57:00Z,MX,live,1
13703,2020-11-29T00:58:00Z,MX,live,1
13704,2020-11-28T00:57:00Z,MX,live,1
13705,2020-11-27T12:54:00Z,MX,president speech,0
13706,2020-11-27T00:56:00Z,MX,live,1
13707,2020-11-26T12:58:00Z,MX,president speech,0
13708,2020-11-26T00:57:00Z,MX,live,1
13709,2020-11-25T12:54:00Z,MX,president speech,0
13710,2020-11-25T00:57:00Z,MX,live,1
13711,2020-11-25T00:57:00Z,MX,live,1
13712,2020-11-24T12:56:00Z,MX,president speech,0
13713,2020-11-24T00:57:00Z,MX,live,1
13714,2020-11-23T13:00:00Z,MX,president speech,0
13715,2020-11-23T00:57:00Z,MX,live,1
13716,2020-11-22T00:58:00Z,MX,live,1
13717,2020-11-21T00:57:00Z,MX,live,1
13718,2020-11-21T00:57:00Z,MX,live,1
13719,2020-11-20T12:55:00Z,MX,president speech,0
13720,2020-11-20T00:56:00Z,MX,live,1
13721,2020-11-19T12:54:00Z,MX,president speech,0
13722,2020-11-19T00:58:00Z,MX,live,1
13723,2020-11-18T14:02:00Z,MX,president speech,0
13724,2020-11-18T00:57:00Z,MX,live,1
13725,2020-11-17T12:52:00Z,MX,president speech,0
13726,2020-11-17T00:57:00Z,MX,live,1
13727,2020-11-16T12:56:00Z,MX,president speech,0
13728,2020-11-16T00:58:00Z,MX,live,1
13729,2020-11-15T00:56:00Z,MX,live,1
13730,2020-11-14T00:57:00Z,MX,live,1
13731,2020-11-14T00:57:00Z,MX,live,1
13732,2020-11-13T12:55:00Z,MX,president speech,0
13733,2020-11-13T00:58:00Z,MX,live,1
13734,2020-11-12T12:54:00Z,MX,president speech,0
13735,2020-11-12T00:57:00Z,MX,live,1
13736,2020-11-11T12:54:00Z,MX,president speech,0
13737,2020-11-11T00:57:00Z,MX,live,1
13738,2020-11-10T12:55:00Z,MX,president speech,0
13739,2020-11-10T00:57:00Z,MX,live,1
13740,2020-11-09T12:55:00Z,MX,president speech,0
13741,2020-11-09T00:57:00Z,MX,live,1
13742,2020-11-08T00:57:00Z,MX,live,1
13743,2020-11-07T00:57:00Z,MX,live,1
13744,2020-11-06T12:55:00Z,MX,president speech,0
13745,2020-11-06T00:57:00Z,MX,live,1
13746,2020-11-05T13:58:00Z,MX,president speech,0
13747,2020-11-05T00:57:00Z,MX,live,1
13748,2020-11-04T12:55:00Z,MX,president speech,0
13749,2020-11-04T00:57:00Z,MX,live,1
13750,2020-11-03T12:58:00Z,MX,president speech,0
13751,2020-10-31T00:57:00Z,MX,live,1
13752,2020-10-30T12:54:00Z,MX,president speech,0
13753,2020-10-30T00:58:00Z,MX,live,1
13754,2020-10-29T12:56:00Z,MX,president speech,0
13755,2020-10-29T00:58:00Z,MX,live,1
13756,2020-10-28T12:56:00Z,MX,president speech,0
13757,2020-10-28T00:58:00Z,MX,live,1
13758,2020-10-27T12:53:00Z,MX,president speech,0
13759,2020-10-27T00:58:00Z,MX,live,1
13760,2020-10-26T12:53:00Z,MX,president speech,0
13761,2020-10-26T00:56:00Z,MX,live,1
13762,2020-10-24T23:57:00Z,MX,live,1
13763,2020-10-24T23:55:00Z,MX,live,1
13764,2020-10-23T23:59:00Z,MX,live,1
13765,2020-10-23T23:58:00Z,MX,live,1
13766,2020-10-23T11:55:00Z,MX,president speech,0
13767,2020-10-22T23:59:00Z,MX,live,1
13768,2020-10-22T23:59:00Z,MX,live,1
13769,2020-10-22T11:55:00Z,MX,president speech,0
13770,2020-10-21T23:57:00Z,MX,live,1
13771,2020-10-21T23:57:00Z,MX,live,1
13772,2020-10-21T11:54:00Z,MX,president speech,0
13773,2020-10-20T23:57:00Z,MX,live,1
13774,2020-10-20T23:56:00Z,MX,live,1
13775,2020-10-20T11:53:00Z,MX,president speech,0
13776,2020-10-19T23:58:00Z,MX,live,1
13777,2020-10-19T23:58:00Z,MX,live,1
13778,2020-10-19T11:54:00Z,MX,president speech,0
13779,2020-10-18T23:57:00Z,MX,live,1
13780,2020-10-18T23:56:00Z,MX,live,1
13781,2020-10-17T23:58:00Z,MX,live,1
13782,2020-10-17T23:57:00Z,MX,live,1
13783,2020-10-16T23:58:00Z,MX,live,1
13784,2020-10-16T23:57:00Z,MX,live,1
13785,2020-10-16T11:52:00Z,MX,president speech,0
13786,2020-10-15T23:58:00Z,MX,live,1
13787,2020-10-15T23:57:00Z,MX,live,1
13788,2020-10-15T11:53:00Z,MX,president speech,0
13789,2020-10-14T23:57:00Z,MX,live,1
13790,2020-10-14T23:57:00Z,MX,live,1
13791,2020-10-14T11:56:00Z,MX,president speech,0
13792,2020-10-13T23:58:00Z,MX,live,1
13793,2020-10-13T23:57:00Z,MX,live,1
13794,2020-10-13T12:08:00Z,MX,president speech,0
13795,2020-10-12T23:57:00Z,MX,live,1
13796,2020-10-12T23:56:00Z,MX,live,1
13797,2020-10-12T11:52:00Z,MX,president speech,0
13798,2020-10-11T23:58:00Z,MX,live,1
13799,2020-10-11T23:57:00Z,MX,live,1
13800,2020-10-10T23:56:00Z,MX,live,1
13801,2020-10-10T23:55:00Z,MX,live,1
13802,2020-10-10T00:01:00Z,MX,live,0
13803,2020-10-09T23:58:00Z,MX,live,1
13804,2020-10-09T11:55:00Z,MX,president speech,0
13805,2020-10-09T00:00:00Z,MX,live,1
13806,2020-10-08T23:59:00Z,MX,live,1
13807,2020-10-08T11:53:00Z,MX,president speech,0
13808,2020-10-07T23:57:00Z,MX,live,1
13809,2020-10-07T23:56:00Z,MX,live,1
13810,2020-10-07T11:53:00Z,MX,president speech,0
13811,2020-10-06T23:58:00Z,MX,live,1
13812,2020-10-06T23:57:00Z,MX,live,1
13813,2020-10-06T11:55:00Z,MX,president speech,0
13814,2020-10-05T23:57:00Z,MX,live,1
13815,2020-10-05T23:57:00Z,MX,live,1
13816,2020-10-05T11:55:00Z,MX,president speech,0
13817,2020-10-04T23:57:00Z,MX,live,1
13818,2020-10-04T23:56:00Z,MX,live,1
13819,2020-10-03T23:58:00Z,MX,live,1
13820,2020-10-03T23:57:00Z,MX,live,1
13821,2020-10-03T00:58:00Z,MX,live,0
13822,2020-10-02T11:55:00Z,MX,president speech,0
13823,2020-10-01T23:58:00Z,MX,live,1
13824,2020-10-01T23:57:00Z,MX,live,1
13825,2020-10-01T11:55:00Z,MX,president speech,0
13826,2020-09-30T23:57:00Z,MX,live,1
13827,2020-09-30T23:57:00Z,MX,live,1
13828,2020-09-30T11:52:00Z,MX,president speech,0
13829,2020-09-30T00:00:00Z,MX,live,1
13830,2020-09-29T23:57:00Z,MX,live,1
13831,2020-09-29T11:53:00Z,MX,president speech,0
13832,2020-09-28T23:58:00Z,MX,live,1
13833,2020-09-28T23:57:00Z,MX,live,1
13834,2020-09-28T11:52:00Z,MX,president speech,0
13835,2020-09-28T00:00:00Z,MX,live,1
13836,2020-09-27T23:59:00Z,MX,live,1
13837,2020-09-26T23:56:00Z,MX,live,1
13838,2020-09-26T23:56:00Z,MX,live,1
13839,2020-09-26T23:55:00Z,MX,live,1
13840,2020-09-26T23:55:00Z,MX,live,1
13841,2020-09-26T00:02:00Z,MX,live,0
13842,2020-09-26T00:02:00Z,MX,live,0
13843,2020-09-25T23:57:00Z,MX,live,1
13844,2020-09-25T11:56:00Z,MX,president speech,0
13845,2020-09-24T23:59:00Z,MX,live,1
13846,2020-09-24T23:58:00Z,MX,live,1
13847,2020-09-24T11:54:00Z,MX,president speech,0
13848,2020-09-23T23:58:00Z,MX,live,1
13849,2020-09-23T23:57:00Z,MX,live,1
13850,2020-09-23T11:55:00Z,MX,president speech,0
13851,2020-09-23T00:01:00Z,MX,live,0
13852,2020-09-22T23:57:00Z,MX,live,1
13853,2020-09-22T11:54:00Z,MX,president speech,0
13854,2020-09-21T23:58:00Z,MX,live,1
13855,2020-09-21T23:57:00Z,MX,live,1
13856,2020-09-21T11:55:00Z,MX,president speech,0
13857,2020-09-20T23:59:00Z,MX,live,1
13858,2020-09-20T23:58:00Z,MX,live,1
13859,2020-09-20T00:02:00Z,MX,live,0
13860,2020-09-16T00:10:00Z,MX,other,0
13861,2020-09-15T11:53:00Z,MX,president speech,0
13862,2020-09-14T23:58:00Z,MX,live,1
13863,2020-09-14T23:57:00Z,MX,live,1
13864,2020-09-14T11:53:00Z,MX,president speech,0
13865,2020-09-14T00:00:00Z,MX,live,1
13866,2020-09-13T23:58:00Z,MX,live,1
13867,2020-09-12T23:58:00Z,MX,live,1
13868,2020-09-12T23:57:00Z,MX,live,1
13869,2020-09-11T23:56:00Z,MX,live,1
13870,2020-09-11T23:56:00Z,MX,live,1
13871,2020-09-11T11:56:00Z,MX,president speech,0
13872,2020-09-10T23:57:00Z,MX,live,1
13873,2020-09-10T23:56:00Z,MX,live,1
13874,2020-09-10T23:09:00Z,MX,other,0
13875,2020-09-10T11:53:00Z,MX,president speech,0
13876,2020-09-09T23:57:00Z,MX,live,1
13877,2020-09-09T23:57:00Z,MX,live,1
13878,2020-09-09T22:57:00Z,MX,other,1
13879,2020-09-09T11:53:00Z,MX,president speech,0
13880,2020-09-08T23:57:00Z,MX,live,1
13881,2020-09-08T23:56:00Z,MX,live,1
13882,2020-09-08T22:57:00Z,MX,other,1
13883,2020-09-08T12:33:00Z,MX,president speech,0
13884,2020-09-08T00:30:00Z,MX,other,0
13885,2020-09-06T23:57:00Z,MX,live,1
13886,2020-09-06T23:56:00Z,MX,live,1
13887,2020-09-06T22:57:00Z,MX,other,1
13888,2020-09-05T23:58:00Z,MX,live,1
13889,2020-09-05T23:56:00Z,MX,live,1
13890,2020-09-05T22:57:00Z,MX,other,1
13891,2020-09-04T23:58:00Z,MX,live,1
13892,2020-09-04T22:59:00Z,MX,other,1
13893,2020-09-04T11:56:00Z,MX,president speech,0
13894,2020-09-03T23:56:00Z,MX,live,1
13895,2020-09-03T23:55:00Z,MX,live,1
13896,2020-09-03T11:55:00Z,MX,president speech,0
13897,2020-09-02T23:57:00Z,MX,live,1
13898,2020-09-02T23:56:00Z,MX,live,1
13899,2020-09-02T22:56:00Z,MX,other,1
13900,2020-09-02T11:55:00Z,MX,president speech,0
13901,2020-09-01T23:58:00Z,MX,live,1
13902,2020-09-01T23:57:00Z,MX,live,1
13903,2020-09-01T00:00:00Z,MX,live,1
13904,2020-08-31T23:58:00Z,MX,live,1
13905,2020-08-31T22:59:00Z,MX,other,1
13906,2020-08-31T11:54:00Z,MX,president speech,0
13907,2020-08-30T23:56:00Z,MX,live,1
13908,2020-08-30T23:55:00Z,MX,live,1
13909,2020-08-30T22:56:00Z,MX,other,1
13910,2020-08-29T23:58:00Z,MX,live,1
13911,2020-08-29T23:55:00Z,MX,live,1
13912,2020-08-29T22:56:00Z,MX,other,1
13913,2020-08-28T23:57:00Z,MX,live,1
13914,2020-08-28T23:56:00Z,MX,live,1
13915,2020-08-28T22:56:00Z,MX,other,1
13916,2020-08-28T11:54:00Z,MX,president speech,0
13917,2020-08-28T00:13:00Z,MX,live,0
13918,2020-08-27T23:56:00Z,MX,live,1
13919,2020-08-27T22:58:00Z,MX,other,1
13920,2020-08-27T11:53:00Z,MX,president speech,0
13921,2020-08-26T23:58:00Z,MX,live,1
13922,2020-08-26T23:56:00Z,MX,live,1
13923,2020-08-26T22:57:00Z,MX,other,1
13924,2020-08-26T11:52:00Z,MX,president speech,0
13925,2020-08-26T00:14:00Z,MX,live,0
13926,2020-08-25T22:54:00Z,MX,other,1
13927,2020-08-25T11:54:00Z,MX,president speech,0
13928,2020-08-24T23:58:00Z,MX,live,1
13929,2020-08-24T23:56:00Z,MX,live,1
13930,2020-08-24T22:57:00Z,MX,other,1
13931,2020-08-24T11:53:00Z,MX,president speech,0
13932,2020-08-23T23:57:00Z,MX,live,1
13933,2020-08-23T23:56:00Z,MX,live,1
13934,2020-08-23T22:58:00Z,MX,other,1
13935,2020-08-23T00:02:00Z,MX,live,0
13936,2020-08-22T23:56:00Z,MX,live,1
13937,2020-08-22T23:02:00Z,MX,other,0
13938,2020-08-21T23:56:00Z,MX,live,1
13939,2020-08-21T22:58:00Z,MX,other,1
13940,2020-08-21T11:54:00Z,MX,president speech,0
13941,2020-08-20T23:57:00Z,MX,live,1
13942,2020-08-20T23:56:00Z,MX,live,1
13943,2020-08-20T23:00:00Z,MX,other,1
13944,2020-08-20T11:54:00Z,MX,president speech,0
13945,2020-08-20T00:02:00Z,MX,live,0
13946,2020-08-20T00:00:00Z,MX,live,1
13947,2020-08-19T23:01:00Z,MX,other,0
13948,2020-08-19T11:53:00Z,MX,president speech,0
13949,2020-08-18T23:57:00Z,MX,live,1
13950,2020-08-18T23:57:00Z,MX,live,1
13951,2020-08-18T23:00:00Z,MX,other,1
13952,2020-08-18T11:53:00Z,MX,president speech,0
13953,2020-08-17T23:57:00Z,MX,live,1
13954,2020-08-17T23:57:00Z,MX,live,1
13955,2020-08-17T23:01:00Z,MX,other,0
13956,2020-08-17T11:52:00Z,MX,president speech,0
13957,2020-08-16T23:59:00Z,MX,live,1
13958,2020-08-16T23:58:00Z,MX,live,1
13959,2020-08-16T23:00:00Z,MX,other,1
13960,2020-08-15T23:57:00Z,MX,live,1
13961,2020-08-15T23:57:00Z,MX,live,1
13962,2020-08-15T22:59:00Z,MX,other,1
13963,2020-08-14T23:57:00Z,MX,live,1
13964,2020-08-14T23:57:00Z,MX,live,1
13965,2020-08-14T23:00:00Z,MX,other,1
13966,2020-08-14T11:53:00Z,MX,president speech,0
13967,2020-08-13T23:56:00Z,MX,live,1
13968,2020-08-13T23:56:00Z,MX,live,1
13969,2020-08-13T22:59:00Z,MX,other,1
13970,2020-08-13T21:56:00Z,MX,other,1
13971,2020-08-13T11:51:00Z,MX,president speech,0
13972,2020-08-12T23:56:00Z,MX,live,1
13973,2020-08-12T23:56:00Z,MX,live,1
13974,2020-08-12T22:59:00Z,MX,other,1
13975,2020-08-12T21:56:00Z,MX,other,1
13976,2020-08-12T11:59:00Z,MX,president speech,0
13977,2020-08-11T23:57:00Z,MX,live,1
13978,2020-08-11T23:57:00Z,MX,live,1
13979,2020-08-11T22:59:00Z,MX,other,1
13980,2020-08-11T21:56:00Z,MX,other,1
13981,2020-08-11T11:51:00Z,MX,president speech,0
13982,2020-08-10T23:56:00Z,MX,live,1
13983,2020-08-10T23:56:00Z,MX,live,1
13984,2020-08-10T23:00:00Z,MX,other,1
13985,2020-08-10T21:56:00Z,MX,other,1
13986,2020-08-10T11:49:00Z,MX,president speech,0
13987,2020-08-09T23:57:00Z,MX,live,1
13988,2020-08-09T23:56:00Z,MX,live,1
13989,2020-08-09T23:00:00Z,MX,other,1
13990,2020-08-09T21:56:00Z,MX,other,1
13991,2020-08-08T23:56:00Z,MX,live,1
13992,2020-08-08T23:56:00Z,MX,live,1
13993,2020-08-08T23:00:00Z,MX,other,1
13994,2020-08-08T21:56:00Z,MX,other,1
13995,2020-08-07T23:59:00Z,MX,live,1
13996,2020-08-07T23:59:00Z,MX,live,1
13997,2020-08-07T23:00:00Z,MX,other,1
13998,2020-08-07T21:55:00Z,MX,other,1
13999,2020-08-07T12:55:00Z,MX,president speech,0
14000,2020-08-06T23:56:00Z,MX,live,1
14001,2020-08-06T23:56:00Z,MX,live,1
14002,2020-08-06T23:02:00Z,MX,other,0
14003,2020-08-06T13:53:00Z,MX,president speech,0
14004,2020-08-05T23:59:00Z,MX,live,1
14005,2020-08-05T23:59:00Z,MX,live,1
14006,2020-08-05T12:54:00Z,MX,president speech,0
14007,2020-08-04T23:56:00Z,MX,live,1
14008,2020-08-04T23:56:00Z,MX,live,1
14009,2020-08-04T22:58:00Z,MX,other,1
14010,2020-08-04T12:54:00Z,MX,president speech,0
14011,2020-08-03T23:58:00Z,MX,live,1
14012,2020-08-03T23:58:00Z,MX,live,1
14013,2020-08-03T22:59:00Z,MX,other,1
14014,2020-08-03T22:30:00Z,MX,other,0
14015,2020-08-03T21:59:00Z,MX,other,1
14016,2020-08-03T11:53:00Z,MX,president speech,0
14017,2020-08-02T23:56:00Z,MX,live,1
14018,2020-08-02T23:56:00Z,MX,live,1
14019,2020-08-02T22:56:00Z,MX,other,1
14020,2020-08-02T21:56:00Z,MX,other,1
14021,2020-08-01T23:57:00Z,MX,live,1
14022,2020-08-01T23:57:00Z,MX,live,1
14023,2020-08-01T22:57:00Z,MX,other,1
14024,2020-08-01T21:56:00Z,MX,other,1
14025,2020-07-31T23:58:00Z,MX,live,1
14026,2020-07-31T23:58:00Z,MX,live,1
14027,2020-07-31T22:56:00Z,MX,other,1
14028,2020-07-31T21:56:00Z,MX,other,1
14029,2020-07-31T11:55:00Z,MX,president speech,0
14030,2020-07-30T23:55:00Z,MX,live,1
14031,2020-07-30T23:55:00Z,MX,live,1
14032,2020-07-30T22:56:00Z,MX,other,1
14033,2020-07-30T21:57:00Z,MX,other,1
14034,2020-07-30T11:56:00Z,MX,president speech,0
14035,2020-07-30T02:01:00Z,MX,other,0
14036,2020-07-29T23:57:00Z,MX,live,1
14037,2020-07-29T23:57:00Z,MX,live,1
14038,2020-07-29T22:59:00Z,MX,other,1
14039,2020-07-29T21:56:00Z,MX,other,1
14040,2020-07-29T11:55:00Z,MX,president speech,0
14041,2020-07-28T23:57:00Z,MX,live,1
14042,2020-07-28T23:56:00Z,MX,live,1
14043,2020-07-28T22:57:00Z,MX,other,1
14044,2020-07-28T21:56:00Z,MX,other,1
14045,2020-07-28T11:52:00Z,MX,president speech,0
14046,2020-07-27T23:56:00Z,MX,live,1
14047,2020-07-27T23:56:00Z,MX,live,1
14048,2020-07-27T22:57:00Z,MX,other,1
14049,2020-07-27T21:56:00Z,MX,other,1
14050,2020-07-27T11:52:00Z,MX,president speech,0
14051,2020-07-26T23:56:00Z,MX,live,1
14052,2020-07-26T23:56:00Z,MX,live,1
14053,2020-07-26T22:56:00Z,MX,other,1
14054,2020-07-26T21:56:00Z,MX,other,1
14055,2020-07-25T23:59:00Z,MX,live,1
14056,2020-07-25T23:58:00Z,MX,live,1
14057,2020-07-25T22:57:00Z,MX,other,1
14058,2020-07-25T21:56:00Z,MX,other,1
14059,2020-07-24T23:56:00Z,MX,live,1
14060,2020-07-24T23:56:00Z,MX,live,1
14061,2020-07-24T22:56:00Z,MX,other,1
14062,2020-07-24T21:56:00Z,MX,other,1
14063,2020-07-24T11:55:00Z,MX,president speech,0
14064,2020-07-23T23:56:00Z,MX,live,1
14065,2020-07-23T23:56:00Z,MX,live,1
14066,2020-07-23T22:56:00Z,MX,other,1
14067,2020-07-23T21:57:00Z,MX,other,1
14068,2020-07-23T11:55:00Z,MX,president speech,0
14069,2020-07-22T23:57:00Z,MX,live,1
14070,2020-07-22T23:57:00Z,MX,live,1
14071,2020-07-22T22:59:00Z,MX,other,1
14072,2020-07-22T21:58:00Z,MX,other,1
14073,2020-07-22T11:50:00Z,MX,president speech,0
14074,2020-07-21T23:55:00Z,MX,live,1
14075,2020-07-21T23:55:00Z,MX,live,1
14076,2020-07-21T22:57:00Z,MX,other,1
14077,2020-07-21T21:56:00Z,MX,other,1
14078,2020-07-21T11:50:00Z,MX,president speech,0
14079,2020-07-20T23:56:00Z,MX,live,1
14080,2020-07-20T23:56:00Z,MX,live,1
14081,2020-07-20T22:56:00Z,MX,other,1
14082,2020-07-20T21:56:00Z,MX,other,1
14083,2020-07-20T11:51:00Z,MX,president speech,0
14084,2020-07-19T23:56:00Z,MX,live,1
14085,2020-07-19T23:56:00Z,MX,live,1
14086,2020-07-19T22:56:00Z,MX,other,1
14087,2020-07-19T21:56:00Z,MX,other,1
14088,2020-07-18T23:55:00Z,MX,live,1
14089,2020-07-18T23:55:00Z,MX,live,1
14090,2020-07-18T22:54:00Z,MX,other,1
14091,2020-07-18T21:55:00Z,MX,other,1
14092,2020-07-17T23:55:00Z,MX,live,1
14093,2020-07-17T23:55:00Z,MX,live,1
14094,2020-07-17T22:59:00Z,MX,other,1
14095,2020-07-17T22:13:00Z,MX,other,0
14096,2020-07-17T11:52:00Z,MX,president speech,0
14097,2020-07-16T23:56:00Z,MX,live,1
14098,2020-07-16T23:56:00Z,MX,live,1
14099,2020-07-16T22:58:00Z,MX,other,1
14100,2020-07-16T21:56:00Z,MX,other,1
14101,2020-07-16T12:06:00Z,MX,president speech,0
14102,2020-07-15T21:56:00Z,MX,other,1
14103,2020-07-15T11:46:00Z,MX,president speech,0
14104,2020-07-14T23:56:00Z,MX,live,1
14105,2020-07-14T23:56:00Z,MX,live,1
14106,2020-07-14T22:56:00Z,MX,other,1
14107,2020-07-14T21:56:00Z,MX,other,1
14108,2020-07-14T11:53:00Z,MX,president speech,0
14109,2020-07-13T23:56:00Z,MX,live,1
14110,2020-07-13T23:56:00Z,MX,live,1
14111,2020-07-13T22:56:00Z,MX,other,1
14112,2020-07-13T21:56:00Z,MX,other,1
14113,2020-07-13T11:51:00Z,MX,president speech,0
14114,2020-07-13T00:02:00Z,MX,live,0
14115,2020-07-12T23:56:00Z,MX,live,1
14116,2020-07-12T22:57:00Z,MX,other,1
14117,2020-07-12T21:56:00Z,MX,other,1
14118,2020-07-11T23:57:00Z,MX,live,1
14119,2020-07-11T23:57:00Z,MX,live,1
14120,2020-07-11T22:56:00Z,MX,other,1
14121,2020-07-11T21:56:00Z,MX,other,1
14122,2020-07-10T23:56:00Z,MX,live,1
14123,2020-07-10T23:56:00Z,MX,live,1
14124,2020-07-10T22:57:00Z,MX,other,1
14125,2020-07-10T21:55:00Z,MX,other,1
14126,2020-07-10T11:53:00Z,MX,president speech,0
14127,2020-07-09T23:57:00Z,MX,live,1
14128,2020-07-09T23:56:00Z,MX,live,1
14129,2020-07-09T22:58:00Z,MX,other,1
14130,2020-07-09T21:56:00Z,MX,other,1
14131,2020-07-08T23:57:00Z,MX,live,1
14132,2020-07-08T23:56:00Z,MX,live,1
14133,2020-07-08T22:56:00Z,MX,other,1
14134,2020-07-07T23:58:00Z,MX,live,1
14135,2020-07-07T23:57:00Z,MX,live,1
14136,2020-07-07T22:59:00Z,MX,other,1
14137,2020-07-07T22:04:00Z,MX,other,0
14138,2020-07-07T11:52:00Z,MX,president speech,0
14139,2020-07-06T23:56:00Z,MX,live,1
14140,2020-07-06T23:56:00Z,MX,live,1
14141,2020-07-06T22:56:00Z,MX,other,1
14142,2020-07-06T21:56:00Z,MX,other,1
14143,2020-07-06T11:48:00Z,MX,president speech,0
14144,2020-07-05T23:56:00Z,MX,live,1
14145,2020-07-05T23:56:00Z,MX,live,1
14146,2020-07-05T23:00:00Z,MX,other,1
14147,2020-07-05T21:56:00Z,MX,other,1
14148,2020-07-04T23:56:00Z,MX,live,1
14149,2020-07-04T23:56:00Z,MX,live,1
14150,2020-07-04T22:55:00Z,MX,other,1
14151,2020-07-04T21:55:00Z,MX,other,1
14152,2020-07-03T23:57:00Z,MX,live,1
14153,2020-07-03T23:57:00Z,MX,live,1
14154,2020-07-03T22:58:00Z,MX,other,1
14155,2020-07-03T21:56:00Z,MX,other,1
14156,2020-07-03T11:51:00Z,MX,president speech,0
14157,2020-07-02T23:56:00Z,MX,live,1
14158,2020-07-02T23:56:00Z,MX,live,1
14159,2020-07-02T22:58:00Z,MX,other,1
14160,2020-07-02T21:56:00Z,MX,other,1
14161,2020-07-02T11:53:00Z,MX,president speech,0
14162,2020-07-01T23:56:00Z,MX,live,1
14163,2020-07-01T23:56:00Z,MX,live,1
14164,2020-07-01T21:58:00Z,MX,other,1
14165,2020-07-01T11:53:00Z,MX,president speech,0
14166,2020-06-30T23:56:00Z,MX,live,1
14167,2020-06-30T23:56:00Z,MX,live,1
14168,2020-06-30T22:59:00Z,MX,other,1
14169,2020-06-30T21:56:00Z,MX,other,1
14170,2020-06-30T11:51:00Z,MX,president speech,0
14171,2020-06-29T23:57:00Z,MX,live,1
14172,2020-06-29T23:57:00Z,MX,live,1
14173,2020-06-29T22:58:00Z,MX,other,1
14174,2020-06-29T21:56:00Z,MX,other,1
14175,2020-06-29T11:51:00Z,MX,president speech,0
14176,2020-06-28T23:56:00Z,MX,live,1
14177,2020-06-28T23:56:00Z,MX,live,1
14178,2020-06-28T22:57:00Z,MX,other,1
14179,2020-06-28T21:56:00Z,MX,other,1
14180,2020-06-27T23:56:00Z,MX,live,1
14181,2020-06-27T23:56:00Z,MX,live,1
14182,2020-06-27T22:56:00Z,MX,other,1
14183,2020-06-27T21:56:00Z,MX,other,1
14184,2020-06-26T23:56:00Z,MX,live,1
14185,2020-06-26T23:56:00Z,MX,live,1
14186,2020-06-26T22:59:00Z,MX,other,1
14187,2020-06-26T21:56:00Z,MX,other,1
14188,2020-06-26T11:53:00Z,MX,president speech,0
14189,2020-06-25T23:56:00Z,MX,live,1
14190,2020-06-25T23:56:00Z,MX,live,1
14191,2020-06-25T22:59:00Z,MX,other,1
14192,2020-06-25T21:55:00Z,MX,other,1
14193,2020-06-25T16:02:00Z,MX,other,0
14194,2020-06-25T11:50:00Z,MX,president speech,0
14195,2020-06-24T23:57:00Z,MX,live,1
14196,2020-06-24T23:57:00Z,MX,live,1
14197,2020-06-24T22:58:00Z,MX,other,1
14198,2020-06-24T21:55:00Z,MX,other,1
14199,2020-06-24T11:50:00Z,MX,president speech,0
14200,2020-06-23T23:58:00Z,MX,live,1
14201,2020-06-23T23:57:00Z,MX,live,1
14202,2020-06-23T22:58:00Z,MX,other,1
14203,2020-06-23T21:55:00Z,MX,other,1
14204,2020-06-23T11:48:00Z,MX,president speech,0
14205,2020-06-22T23:59:00Z,MX,live,1
14206,2020-06-22T23:59:00Z,MX,live,1
14207,2020-06-22T22:58:00Z,MX,other,1
14208,2020-06-22T21:56:00Z,MX,other,1
14209,2020-06-22T11:48:00Z,MX,president speech,0
14210,2020-06-21T23:57:00Z,MX,live,1
14211,2020-06-21T23:57:00Z,MX,live,1
14212,2020-06-21T22:56:00Z,MX,other,1
14213,2020-06-21T21:56:00Z,MX,other,1
14214,2020-06-20T23:56:00Z,MX,live,1
14215,2020-06-20T23:56:00Z,MX,live,1
14216,2020-06-20T22:56:00Z,MX,other,1
14217,2020-06-20T21:53:00Z,MX,other,1
14218,2020-06-19T23:57:00Z,MX,live,1
14219,2020-06-19T23:57:00Z,MX,live,1
14220,2020-06-19T22:57:00Z,MX,other,1
14221,2020-06-19T21:55:00Z,MX,other,1
14222,2020-06-19T16:17:00Z,MX,other,0
14223,2020-06-19T11:51:00Z,MX,president speech,0
14224,2020-06-18T23:57:00Z,MX,live,1
14225,2020-06-18T23:57:00Z,MX,live,1
14226,2020-06-18T22:57:00Z,MX,other,1
14227,2020-06-18T21:56:00Z,MX,other,1
14228,2020-06-18T11:51:00Z,MX,president speech,0
14229,2020-06-17T23:57:00Z,MX,live,1
14230,2020-06-17T23:57:00Z,MX,live,1
14231,2020-06-17T22:58:00Z,MX,other,1
14232,2020-06-17T21:56:00Z,MX,other,1
14233,2020-06-17T11:50:00Z,MX,president speech,0
14234,2020-06-16T23:55:00Z,MX,live,1
14235,2020-06-16T23:55:00Z,MX,live,1
14236,2020-06-16T22:56:00Z,MX,other,1
14237,2020-06-16T21:54:00Z,MX,other,1
14238,2020-06-16T11:53:00Z,MX,president speech,0
14239,2020-06-15T23:57:00Z,MX,live,1
14240,2020-06-15T23:57:00Z,MX,live,1
14241,2020-06-15T22:58:00Z,MX,other,1
14242,2020-06-15T21:55:00Z,MX,other,1
14243,2020-06-15T11:51:00Z,MX,president speech,0
14244,2020-06-14T23:57:00Z,MX,live,1
14245,2020-06-14T23:57:00Z,MX,live,1
14246,2020-06-14T22:57:00Z,MX,other,1
14247,2020-06-14T21:55:00Z,MX,other,1
14248,2020-06-13T23:57:00Z,MX,live,1
14249,2020-06-13T23:57:00Z,MX,live,1
14250,2020-06-13T22:57:00Z,MX,other,1
14251,2020-06-13T21:55:00Z,MX,other,1
14252,2020-06-12T23:57:00Z,MX,live,1
14253,2020-06-12T23:57:00Z,MX,live,1
14254,2020-06-12T22:58:00Z,MX,other,1
14255,2020-06-12T21:56:00Z,MX,other,1
14256,2020-06-12T11:49:00Z,MX,president speech,0
14257,2020-06-11T23:55:00Z,MX,live,1
14258,2020-06-11T23:55:00Z,MX,live,1
14259,2020-06-11T22:56:00Z,MX,other,1
14260,2020-06-11T21:56:00Z,MX,other,1
14261,2020-06-11T11:54:00Z,MX,president speech,0
14262,2020-06-11T00:01:00Z,MX,live,0
14263,2020-06-10T23:04:00Z,MX,other,0
14264,2020-06-10T11:53:00Z,MX,president speech,0
14265,2020-06-10T00:07:00Z,MX,live,0
14266,2020-06-10T00:05:00Z,MX,live,0
14267,2020-06-09T22:39:00Z,MX,other,1
14268,2020-06-09T22:39:00Z,MX,other,1
14269,2020-06-09T22:39:00Z,MX,other,1
14270,2020-06-09T22:39:00Z,MX,other,1
14271,2020-06-09T22:39:00Z,MX,other,1
14272,2020-06-09T11:51:00Z,MX,president speech,0
14273,2020-06-09T11:51:00Z,MX,president speech,0
14274,2020-06-09T11:51:00Z,MX,president speech,0
14275,2020-06-09T11:51:00Z,MX,president speech,0
14276,2020-06-09T11:51:00Z,MX,president speech,0
14277,2020-06-08T23:57:00Z,MX,live,1
14278,2020-06-08T23:57:00Z,MX,live,1
14279,2020-06-08T23:57:00Z,MX,live,1
14280,2020-06-08T23:57:00Z,MX,live,1
14281,2020-06-08T23:57:00Z,MX,live,1
14282,2020-06-08T23:57:00Z,MX,live,1
14283,2020-06-08T23:57:00Z,MX,live,1
14284,2020-06-08T23:57:00Z,MX,live,1
14285,2020-06-08T23:57:00Z,MX,live,1
14286,2020-06-08T23:57:00Z,MX,live,1
14287,2020-06-08T22:57:00Z,MX,other,1
14288,2020-06-08T22:57:00Z,MX,other,1
14289,2020-06-08T22:57:00Z,MX,other,1
14290,2020-06-08T22:57:00Z,MX,other,1
14291,2020-06-08T22:57:00Z,MX,other,1
14292,2020-06-08T21:56:00Z,MX,other,1
14293,2020-06-08T21:56:00Z,MX,other,1
14294,2020-06-08T21:56:00Z,MX,other,1
14295,2020-06-08T21:56:00Z,MX,other,1
14296,2020-06-08T21:56:00Z,MX,other,1
14297,2020-06-08T11:53:00Z,MX,president speech,0
14298,2020-06-08T11:53:00Z,MX,president speech,0
14299,2020-06-08T11:53:00Z,MX,president speech,0
14300,2020-06-08T11:53:00Z,MX,president speech,0
14301,2020-06-08T11:53:00Z,MX,president speech,0
14302,2020-06-07T23:56:00Z,MX,live,1
14303,2020-06-07T23:56:00Z,MX,live,1
14304,2020-06-07T23:56:00Z,MX,live,1
14305,2020-06-07T23:56:00Z,MX,live,1
14306,2020-06-07T23:56:00Z,MX,live,1
14307,2020-06-07T23:55:00Z,MX,live,1
14308,2020-06-07T23:55:00Z,MX,live,1
14309,2020-06-07T23:55:00Z,MX,live,1
14310,2020-06-07T23:55:00Z,MX,live,1
14311,2020-06-07T23:55:00Z,MX,live,1
14312,2020-06-07T22:56:00Z,MX,other,1
14313,2020-06-07T22:56:00Z,MX,other,1
14314,2020-06-07T22:56:00Z,MX,other,1
14315,2020-06-07T22:56:00Z,MX,other,1
14316,2020-06-07T22:56:00Z,MX,other,1
14317,2020-06-07T21:55:00Z,MX,other,1
14318,2020-06-07T21:55:00Z,MX,other,1
14319,2020-06-07T21:55:00Z,MX,other,1
14320,2020-06-07T21:55:00Z,MX,other,1
14321,2020-06-07T21:55:00Z,MX,other,1
14322,2020-06-06T23:57:00Z,MX,live,1
14323,2020-06-06T23:57:00Z,MX,live,1
14324,2020-06-06T23:57:00Z,MX,live,1
14325,2020-06-06T23:57:00Z,MX,live,1
14326,2020-06-06T23:57:00Z,MX,live,1
14327,2020-06-06T23:57:00Z,MX,live,1
14328,2020-06-06T23:57:00Z,MX,live,1
14329,2020-06-06T23:57:00Z,MX,live,1
14330,2020-06-06T23:57:00Z,MX,live,1
14331,2020-06-06T23:57:00Z,MX,live,1
14332,2020-06-06T22:56:00Z,MX,other,1
14333,2020-06-06T22:56:00Z,MX,other,1
14334,2020-06-06T22:56:00Z,MX,other,1
14335,2020-06-06T22:56:00Z,MX,other,1
14336,2020-06-06T22:56:00Z,MX,other,1
14337,2020-06-06T21:56:00Z,MX,other,1
14338,2020-06-06T21:56:00Z,MX,other,1
14339,2020-06-06T21:56:00Z,MX,other,1
14340,2020-06-06T21:56:00Z,MX,other,1
14341,2020-06-06T21:56:00Z,MX,other,1
14342,2020-06-06T00:01:00Z,MX,live,0
14343,2020-06-06T00:01:00Z,MX,live,0
14344,2020-06-06T00:01:00Z,MX,live,0
14345,2020-06-06T00:01:00Z,MX,live,0
14346,2020-06-06T00:01:00Z,MX,live,0
14347,2020-06-05T23:57:00Z,MX,live,1
14348,2020-06-05T23:57:00Z,MX,live,1
14349,2020-06-05T23:57:00Z,MX,live,1
14350,2020-06-05T23:57:00Z,MX,live,1
14351,2020-06-05T23:57:00Z,MX,live,1
14352,2020-06-05T22:58:00Z,MX,other,1
14353,2020-06-05T22:58:00Z,MX,other,1
14354,2020-06-05T22:58:00Z,MX,other,1
14355,2020-06-05T22:58:00Z,MX,other,1
14356,2020-06-05T22:58:00Z,MX,other,1
14357,2020-06-05T21:56:00Z,MX,other,1
14358,2020-06-05T21:56:00Z,MX,other,1
14359,2020-06-05T21:56:00Z,MX,other,1
14360,2020-06-05T21:56:00Z,MX,other,1
14361,2020-06-05T21:56:00Z,MX,other,1
14362,2020-06-05T11:50:00Z,MX,president speech,0
14363,2020-06-05T11:50:00Z,MX,president speech,0
14364,2020-06-05T11:50:00Z,MX,president speech,0
14365,2020-06-05T11:50:00Z,MX,president speech,0
14366,2020-06-05T11:50:00Z,MX,president speech,0
14367,2020-06-04T23:56:00Z,MX,live,1
14368,2020-06-04T23:56:00Z,MX,live,1
14369,2020-06-04T23:56:00Z,MX,live,1
14370,2020-06-04T23:56:00Z,MX,live,1
14371,2020-06-04T23:56:00Z,MX,live,1
14372,2020-06-04T23:56:00Z,MX,live,1
14373,2020-06-04T23:56:00Z,MX,live,1
14374,2020-06-04T23:56:00Z,MX,live,1
14375,2020-06-04T23:56:00Z,MX,live,1
14376,2020-06-04T23:56:00Z,MX,live,1
14377,2020-06-04T22:56:00Z,MX,other,1
14378,2020-06-04T22:56:00Z,MX,other,1
14379,2020-06-04T22:56:00Z,MX,other,1
14380,2020-06-04T22:56:00Z,MX,other,1
14381,2020-06-04T22:56:00Z,MX,other,1
14382,2020-06-04T21:55:00Z,MX,other,1
14383,2020-06-04T21:55:00Z,MX,other,1
14384,2020-06-04T21:55:00Z,MX,other,1
14385,2020-06-04T21:55:00Z,MX,other,1
14386,2020-06-04T21:55:00Z,MX,other,1
14387,2020-06-04T11:46:00Z,MX,president speech,0
14388,2020-06-04T11:46:00Z,MX,president speech,0
14389,2020-06-04T11:46:00Z,MX,president speech,0
14390,2020-06-04T11:46:00Z,MX,president speech,0
14391,2020-06-04T11:46:00Z,MX,president speech,0
14392,2020-06-03T23:59:00Z,MX,live,1
14393,2020-06-03T23:59:00Z,MX,live,1
14394,2020-06-03T23:59:00Z,MX,live,1
14395,2020-06-03T23:59:00Z,MX,live,1
14396,2020-06-03T23:59:00Z,MX,live,1
14397,2020-06-03T23:59:00Z,MX,live,1
14398,2020-06-03T23:59:00Z,MX,live,1
14399,2020-06-03T23:59:00Z,MX,live,1
14400,2020-06-03T23:59:00Z,MX,live,1
14401,2020-06-03T23:59:00Z,MX,live,1
14402,2020-06-03T23:00:00Z,MX,other,1
14403,2020-06-03T23:00:00Z,MX,other,1
14404,2020-06-03T23:00:00Z,MX,other,1
14405,2020-06-03T23:00:00Z,MX,other,1
14406,2020-06-03T23:00:00Z,MX,other,1
14407,2020-06-03T21:55:00Z,MX,other,1
14408,2020-06-03T21:55:00Z,MX,other,1
14409,2020-06-03T21:55:00Z,MX,other,1
14410,2020-06-03T21:55:00Z,MX,other,1
14411,2020-06-03T21:55:00Z,MX,other,1
14412,2020-06-03T11:50:00Z,MX,president speech,0
14413,2020-06-03T11:50:00Z,MX,president speech,0
14414,2020-06-03T11:50:00Z,MX,president speech,0
14415,2020-06-03T11:50:00Z,MX,president speech,0
14416,2020-06-03T11:50:00Z,MX,president speech,0
14417,2020-06-02T23:56:00Z,MX,live,1
14418,2020-06-02T23:56:00Z,MX,live,1
14419,2020-06-02T23:56:00Z,MX,live,1
14420,2020-06-02T23:56:00Z,MX,live,1
14421,2020-06-02T23:56:00Z,MX,live,1
14422,2020-06-02T23:56:00Z,MX,live,1
14423,2020-06-02T23:56:00Z,MX,live,1
14424,2020-06-02T23:56:00Z,MX,live,1
14425,2020-06-02T23:56:00Z,MX,live,1
14426,2020-06-02T23:56:00Z,MX,live,1
14427,2020-06-02T22:58:00Z,MX,other,1
14428,2020-06-02T22:58:00Z,MX,other,1
14429,2020-06-02T22:58:00Z,MX,other,1
14430,2020-06-02T22:58:00Z,MX,other,1
14431,2020-06-02T22:58:00Z,MX,other,1
14432,2020-06-02T21:56:00Z,MX,other,1
14433,2020-06-02T21:56:00Z,MX,other,1
14434,2020-06-02T21:56:00Z,MX,other,1
14435,2020-06-02T21:56:00Z,MX,other,1
14436,2020-06-02T21:56:00Z,MX,other,1
14437,2020-06-02T11:43:00Z,MX,president speech,0
14438,2020-06-02T11:43:00Z,MX,president speech,0
14439,2020-06-02T11:43:00Z,MX,president speech,0
14440,2020-06-02T11:43:00Z,MX,president speech,0
14441,2020-06-02T11:43:00Z,MX,president speech,0
14442,2020-06-01T23:58:00Z,MX,live,1
14443,2020-06-01T23:58:00Z,MX,live,1
14444,2020-06-01T23:58:00Z,MX,live,1
14445,2020-06-01T23:58:00Z,MX,live,1
14446,2020-06-01T23:58:00Z,MX,live,1
14447,2020-06-01T23:58:00Z,MX,live,1
14448,2020-06-01T23:58:00Z,MX,live,1
14449,2020-06-01T23:58:00Z,MX,live,1
14450,2020-06-01T23:58:00Z,MX,live,1
14451,2020-06-01T23:58:00Z,MX,live,1
14452,2020-06-01T22:58:00Z,MX,other,1
14453,2020-06-01T22:58:00Z,MX,other,1
14454,2020-06-01T22:58:00Z,MX,other,1
14455,2020-06-01T22:58:00Z,MX,other,1
14456,2020-06-01T22:58:00Z,MX,other,1
14457,2020-06-01T21:57:00Z,MX,other,1
14458,2020-06-01T21:57:00Z,MX,other,1
14459,2020-06-01T21:57:00Z,MX,other,1
14460,2020-06-01T21:57:00Z,MX,other,1
14461,2020-06-01T21:57:00Z,MX,other,1
14462,2020-06-01T11:55:00Z,MX,president speech,0
14463,2020-06-01T11:55:00Z,MX,president speech,0
14464,2020-06-01T11:55:00Z,MX,president speech,0
14465,2020-06-01T11:55:00Z,MX,president speech,0
14466,2020-06-01T11:55:00Z,MX,president speech,0
14467,2020-05-31T23:58:00Z,MX,live,1
14468,2020-05-31T23:58:00Z,MX,live,1
14469,2020-05-31T23:58:00Z,MX,live,1
14470,2020-05-31T23:58:00Z,MX,live,1
14471,2020-05-31T23:58:00Z,MX,live,1
14472,2020-05-31T23:58:00Z,MX,live,1
14473,2020-05-31T23:58:00Z,MX,live,1
14474,2020-05-31T23:58:00Z,MX,live,1
14475,2020-05-31T23:58:00Z,MX,live,1
14476,2020-05-31T23:58:00Z,MX,live,1
14477,2020-05-31T22:57:00Z,MX,other,1
14478,2020-05-31T22:57:00Z,MX,other,1
14479,2020-05-31T22:57:00Z,MX,other,1
14480,2020-05-31T22:57:00Z,MX,other,1
14481,2020-05-31T22:57:00Z,MX,other,1
14482,2020-05-31T21:55:00Z,MX,other,1
14483,2020-05-31T21:55:00Z,MX,other,1
14484,2020-05-31T21:55:00Z,MX,other,1
14485,2020-05-31T21:55:00Z,MX,other,1
14486,2020-05-31T21:55:00Z,MX,other,1
14487,2020-05-30T23:57:00Z,MX,live,1
14488,2020-05-30T23:57:00Z,MX,live,1
14489,2020-05-30T23:57:00Z,MX,live,1
14490,2020-05-30T23:57:00Z,MX,live,1
14491,2020-05-30T23:57:00Z,MX,live,1
14492,2020-05-30T23:57:00Z,MX,live,1
14493,2020-05-30T23:57:00Z,MX,live,1
14494,2020-05-30T23:57:00Z,MX,live,1
14495,2020-05-30T23:57:00Z,MX,live,1
14496,2020-05-30T23:57:00Z,MX,live,1
14497,2020-05-30T22:58:00Z,MX,other,1
14498,2020-05-30T22:58:00Z,MX,other,1
14499,2020-05-30T22:58:00Z,MX,other,1
14500,2020-05-30T22:58:00Z,MX,other,1
14501,2020-05-30T22:58:00Z,MX,other,1
14502,2020-05-30T21:55:00Z,MX,other,1
14503,2020-05-30T21:55:00Z,MX,other,1
14504,2020-05-30T21:55:00Z,MX,other,1
14505,2020-05-30T21:55:00Z,MX,other,1
14506,2020-05-30T21:55:00Z,MX,other,1
14507,2020-05-29T23:56:00Z,MX,live,1
14508,2020-05-29T23:56:00Z,MX,live,1
14509,2020-05-29T23:56:00Z,MX,live,1
14510,2020-05-29T23:56:00Z,MX,live,1
14511,2020-05-29T23:56:00Z,MX,live,1
14512,2020-05-29T23:56:00Z,MX,live,1
14513,2020-05-29T23:56:00Z,MX,live,1
14514,2020-05-29T23:56:00Z,MX,live,1
14515,2020-05-29T22:56:00Z,MX,other,1
14516,2020-05-29T22:56:00Z,MX,other,1
14517,2020-05-29T22:56:00Z,MX,other,1
14518,2020-05-29T22:56:00Z,MX,other,1
14519,2020-05-29T21:56:00Z,MX,other,1
14520,2020-05-29T21:56:00Z,MX,other,1
14521,2020-05-29T21:56:00Z,MX,other,1
14522,2020-05-29T21:56:00Z,MX,other,1
14523,2020-05-29T11:48:00Z,MX,president speech,0
14524,2020-05-29T11:48:00Z,MX,president speech,0
14525,2020-05-29T11:48:00Z,MX,president speech,0
14526,2020-05-29T11:48:00Z,MX,president speech,0
14527,2020-05-28T23:56:00Z,MX,live,1
14528,2020-05-28T23:56:00Z,MX,live,1
14529,2020-05-28T23:56:00Z,MX,live,1
14530,2020-05-28T23:56:00Z,MX,live,1
14531,2020-05-28T23:56:00Z,MX,live,1
14532,2020-05-28T23:56:00Z,MX,live,1
14533,2020-05-28T23:56:00Z,MX,live,1
14534,2020-05-28T23:56:00Z,MX,live,1
14535,2020-05-28T22:57:00Z,MX,other,1
14536,2020-05-28T22:57:00Z,MX,other,1
14537,2020-05-28T22:57:00Z,MX,other,1
14538,2020-05-28T22:57:00Z,MX,other,1
14539,2020-05-28T21:57:00Z,MX,other,1
14540,2020-05-28T21:57:00Z,MX,other,1
14541,2020-05-28T21:57:00Z,MX,other,1
14542,2020-05-28T21:57:00Z,MX,other,1
14543,2020-05-28T11:50:00Z,MX,president speech,0
14544,2020-05-28T11:50:00Z,MX,president speech,0
14545,2020-05-28T11:50:00Z,MX,president speech,0
14546,2020-05-28T11:50:00Z,MX,president speech,0
14547,2020-05-27T23:58:00Z,MX,live,1
14548,2020-05-27T23:58:00Z,MX,live,1
14549,2020-05-27T23:58:00Z,MX,live,1
14550,2020-05-27T23:58:00Z,MX,live,1
14551,2020-05-27T23:58:00Z,MX,live,1
14552,2020-05-27T23:58:00Z,MX,live,1
14553,2020-05-27T23:58:00Z,MX,live,1
14554,2020-05-27T23:58:00Z,MX,live,1
14555,2020-05-27T22:57:00Z,MX,other,1
14556,2020-05-27T22:57:00Z,MX,other,1
14557,2020-05-27T22:57:00Z,MX,other,1
14558,2020-05-27T22:57:00Z,MX,other,1
14559,2020-05-27T21:56:00Z,MX,other,1
14560,2020-05-27T21:56:00Z,MX,other,1
14561,2020-05-27T21:56:00Z,MX,other,1
14562,2020-05-27T21:56:00Z,MX,other,1
14563,2020-05-27T13:52:00Z,MX,president speech,0
14564,2020-05-27T13:52:00Z,MX,president speech,0
14565,2020-05-27T13:52:00Z,MX,president speech,0
14566,2020-05-27T13:52:00Z,MX,president speech,0
14567,2020-05-27T11:53:00Z,MX,president speech,0
14568,2020-05-27T11:53:00Z,MX,president speech,0
14569,2020-05-27T11:53:00Z,MX,president speech,0
14570,2020-05-27T11:53:00Z,MX,president speech,0
14571,2020-05-26T23:55:00Z,MX,live,1
14572,2020-05-26T23:55:00Z,MX,live,1
14573,2020-05-26T23:55:00Z,MX,live,1
14574,2020-05-26T23:55:00Z,MX,live,1
14575,2020-05-26T23:55:00Z,MX,live,1
14576,2020-05-26T23:55:00Z,MX,live,1
14577,2020-05-26T23:55:00Z,MX,live,1
14578,2020-05-26T23:55:00Z,MX,live,1
14579,2020-05-26T22:56:00Z,MX,other,1
14580,2020-05-26T22:56:00Z,MX,other,1
14581,2020-05-26T22:56:00Z,MX,other,1
14582,2020-05-26T22:56:00Z,MX,other,1
14583,2020-05-26T21:56:00Z,MX,other,1
14584,2020-05-26T21:56:00Z,MX,other,1
14585,2020-05-26T21:56:00Z,MX,other,1
14586,2020-05-26T21:56:00Z,MX,other,1
14587,2020-05-26T11:53:00Z,MX,president speech,0
14588,2020-05-26T11:53:00Z,MX,president speech,0
14589,2020-05-26T11:53:00Z,MX,president speech,0
14590,2020-05-26T11:53:00Z,MX,president speech,0
14591,2020-05-25T23:59:00Z,MX,live,1
14592,2020-05-25T23:59:00Z,MX,live,1
14593,2020-05-25T23:59:00Z,MX,live,1
14594,2020-05-25T23:59:00Z,MX,live,1
14595,2020-05-25T23:59:00Z,MX,live,1
14596,2020-05-25T23:59:00Z,MX,live,1
14597,2020-05-25T23:59:00Z,MX,live,1
14598,2020-05-25T23:59:00Z,MX,live,1
14599,2020-05-25T22:56:00Z,MX,other,1
14600,2020-05-25T22:56:00Z,MX,other,1
14601,2020-05-25T22:56:00Z,MX,other,1
14602,2020-05-25T22:56:00Z,MX,other,1
14603,2020-05-25T21:55:00Z,MX,other,1
14604,2020-05-25T21:55:00Z,MX,other,1
14605,2020-05-25T21:55:00Z,MX,other,1
14606,2020-05-25T21:55:00Z,MX,other,1
14607,2020-05-25T11:51:00Z,MX,president speech,0
14608,2020-05-25T11:51:00Z,MX,president speech,0
14609,2020-05-25T11:51:00Z,MX,president speech,0
14610,2020-05-25T11:51:00Z,MX,president speech,0
14611,2020-05-24T23:59:00Z,MX,live,1
14612,2020-05-24T23:59:00Z,MX,live,1
14613,2020-05-24T23:59:00Z,MX,live,1
14614,2020-05-24T23:59:00Z,MX,live,1
14615,2020-05-24T23:59:00Z,MX,live,1
14616,2020-05-24T23:59:00Z,MX,live,1
14617,2020-05-24T23:59:00Z,MX,live,1
14618,2020-05-24T23:59:00Z,MX,live,1
14619,2020-05-24T22:57:00Z,MX,other,1
14620,2020-05-24T22:57:00Z,MX,other,1
14621,2020-05-24T22:57:00Z,MX,other,1
14622,2020-05-24T22:57:00Z,MX,other,1
14623,2020-05-24T21:58:00Z,MX,other,1
14624,2020-05-24T21:58:00Z,MX,other,1
14625,2020-05-24T21:58:00Z,MX,other,1
14626,2020-05-24T21:58:00Z,MX,other,1
14627,2020-05-23T23:56:00Z,MX,live,1
14628,2020-05-23T23:56:00Z,MX,live,1
14629,2020-05-23T23:56:00Z,MX,live,1
14630,2020-05-23T23:56:00Z,MX,live,1
14631,2020-05-23T23:56:00Z,MX,live,1
14632,2020-05-23T23:56:00Z,MX,live,1
14633,2020-05-23T23:56:00Z,MX,live,1
14634,2020-05-23T23:56:00Z,MX,live,1
14635,2020-05-23T22:56:00Z,MX,other,1
14636,2020-05-23T22:56:00Z,MX,other,1
14637,2020-05-23T22:56:00Z,MX,other,1
14638,2020-05-23T22:56:00Z,MX,other,1
14639,2020-05-23T21:56:00Z,MX,other,1
14640,2020-05-23T21:56:00Z,MX,other,1
14641,2020-05-23T21:56:00Z,MX,other,1
14642,2020-05-23T21:56:00Z,MX,other,1
14643,2020-05-22T23:56:00Z,MX,live,1
14644,2020-05-22T23:56:00Z,MX,live,1
14645,2020-05-22T23:56:00Z,MX,live,1
14646,2020-05-22T23:56:00Z,MX,live,1
14647,2020-05-22T23:56:00Z,MX,live,1
14648,2020-05-22T23:56:00Z,MX,live,1
14649,2020-05-22T23:56:00Z,MX,live,1
14650,2020-05-22T23:56:00Z,MX,live,1
14651,2020-05-22T22:55:00Z,MX,other,1
14652,2020-05-22T22:55:00Z,MX,other,1
14653,2020-05-22T22:55:00Z,MX,other,1
14654,2020-05-22T22:55:00Z,MX,other,1
14655,2020-05-22T21:55:00Z,MX,other,1
14656,2020-05-22T21:55:00Z,MX,other,1
14657,2020-05-22T21:55:00Z,MX,other,1
14658,2020-05-22T21:55:00Z,MX,other,1
14659,2020-05-22T11:56:00Z,MX,president speech,0
14660,2020-05-22T11:56:00Z,MX,president speech,0
14661,2020-05-22T11:56:00Z,MX,president speech,0
14662,2020-05-22T11:56:00Z,MX,president speech,0
14663,2020-05-21T23:55:00Z,MX,live,1
14664,2020-05-21T23:55:00Z,MX,live,1
14665,2020-05-21T23:55:00Z,MX,live,1
14666,2020-05-21T23:55:00Z,MX,live,1
14667,2020-05-21T23:55:00Z,MX,live,1
14668,2020-05-21T23:55:00Z,MX,live,1
14669,2020-05-21T23:55:00Z,MX,live,1
14670,2020-05-21T23:55:00Z,MX,live,1
14671,2020-05-21T22:56:00Z,MX,other,1
14672,2020-05-21T22:56:00Z,MX,other,1
14673,2020-05-21T22:56:00Z,MX,other,1
14674,2020-05-21T22:56:00Z,MX,other,1
14675,2020-05-21T21:55:00Z,MX,other,1
14676,2020-05-21T21:55:00Z,MX,other,1
14677,2020-05-21T21:55:00Z,MX,other,1
14678,2020-05-21T21:55:00Z,MX,other,1
14679,2020-05-21T13:24:00Z,MX,president speech,0
14680,2020-05-21T13:24:00Z,MX,president speech,0
14681,2020-05-21T13:24:00Z,MX,president speech,0
14682,2020-05-21T13:24:00Z,MX,president speech,0
14683,2020-05-21T00:50:00Z,MX,live,0
14684,2020-05-21T00:50:00Z,MX,live,0
14685,2020-05-21T00:50:00Z,MX,live,0
14686,2020-05-21T00:50:00Z,MX,live,0
14687,2020-05-21T00:44:00Z,MX,live,0
14688,2020-05-21T00:44:00Z,MX,live,0
14689,2020-05-21T00:44:00Z,MX,live,0
14690,2020-05-21T00:44:00Z,MX,live,0
14691,2020-05-21T00:29:00Z,MX,live,0
14692,2020-05-21T00:29:00Z,MX,live,0
14693,2020-05-21T00:29:00Z,MX,live,0
14694,2020-05-21T00:29:00Z,MX,live,0
14695,2020-05-21T00:23:00Z,MX,live,0
14696,2020-05-21T00:23:00Z,MX,live,0
14697,2020-05-21T00:23:00Z,MX,live,0
14698,2020-05-21T00:23:00Z,MX,live,0
14699,2020-05-21T00:22:00Z,MX,live,0
14700,2020-05-21T00:22:00Z,MX,live,0
14701,2020-05-21T00:22:00Z,MX,live,0
14702,2020-05-21T00:22:00Z,MX,live,0
14703,2020-05-21T00:20:00Z,MX,live,0
14704,2020-05-21T00:20:00Z,MX,live,0
14705,2020-05-21T00:20:00Z,MX,live,0
14706,2020-05-21T00:20:00Z,MX,live,0
14707,2020-05-20T23:59:00Z,MX,live,1
14708,2020-05-20T23:59:00Z,MX,live,1
14709,2020-05-20T23:59:00Z,MX,live,1
14710,2020-05-20T23:59:00Z,MX,live,1
14711,2020-05-20T23:59:00Z,MX,live,1
14712,2020-05-20T23:59:00Z,MX,live,1
14713,2020-05-20T23:59:00Z,MX,live,1
14714,2020-05-20T23:59:00Z,MX,live,1
14715,2020-05-20T22:58:00Z,MX,other,1
14716,2020-05-20T22:58:00Z,MX,other,1
14717,2020-05-20T22:58:00Z,MX,other,1
14718,2020-05-20T22:58:00Z,MX,other,1
14719,2020-05-20T21:57:00Z,MX,other,1
14720,2020-05-20T21:57:00Z,MX,other,1
14721,2020-05-20T21:57:00Z,MX,other,1
14722,2020-05-20T21:57:00Z,MX,other,1
14723,2020-05-20T11:53:00Z,MX,president speech,0
14724,2020-05-20T11:53:00Z,MX,president speech,0
14725,2020-05-20T11:53:00Z,MX,president speech,0
14726,2020-05-20T11:53:00Z,MX,president speech,0
14727,2020-05-19T23:58:00Z,MX,live,1
14728,2020-05-19T23:58:00Z,MX,live,1
14729,2020-05-19T23:58:00Z,MX,live,1
14730,2020-05-19T23:58:00Z,MX,live,1
14731,2020-05-19T23:58:00Z,MX,live,1
14732,2020-05-19T23:58:00Z,MX,live,1
14733,2020-05-19T23:58:00Z,MX,live,1
14734,2020-05-19T23:58:00Z,MX,live,1
14735,2020-05-19T23:58:00Z,MX,live,1
14736,2020-05-19T23:58:00Z,MX,live,1
14737,2020-05-19T22:59:00Z,MX,other,1
14738,2020-05-19T22:59:00Z,MX,other,1
14739,2020-05-19T22:59:00Z,MX,other,1
14740,2020-05-19T22:59:00Z,MX,other,1
14741,2020-05-19T22:59:00Z,MX,other,1
14742,2020-05-19T22:08:00Z,MX,other,0
14743,2020-05-19T22:08:00Z,MX,other,0
14744,2020-05-19T22:08:00Z,MX,other,0
14745,2020-05-19T22:08:00Z,MX,other,0
14746,2020-05-19T22:08:00Z,MX,other,0
14747,2020-05-19T11:52:00Z,MX,president speech,0
14748,2020-05-19T11:52:00Z,MX,president speech,0
14749,2020-05-19T11:52:00Z,MX,president speech,0
14750,2020-05-19T11:52:00Z,MX,president speech,0
14751,2020-05-19T11:52:00Z,MX,president speech,0
14752,2020-05-18T23:59:00Z,MX,live,1
14753,2020-05-18T23:59:00Z,MX,live,1
14754,2020-05-18T23:59:00Z,MX,live,1
14755,2020-05-18T23:59:00Z,MX,live,1
14756,2020-05-18T23:59:00Z,MX,live,1
14757,2020-05-18T23:59:00Z,MX,live,1
14758,2020-05-18T23:59:00Z,MX,live,1
14759,2020-05-18T23:59:00Z,MX,live,1
14760,2020-05-18T23:59:00Z,MX,live,1
14761,2020-05-18T23:59:00Z,MX,live,1
14762,2020-05-18T22:59:00Z,MX,other,1
14763,2020-05-18T22:59:00Z,MX,other,1
14764,2020-05-18T22:59:00Z,MX,other,1
14765,2020-05-18T22:59:00Z,MX,other,1
14766,2020-05-18T22:59:00Z,MX,other,1
14767,2020-05-18T22:04:00Z,MX,other,0
14768,2020-05-18T22:04:00Z,MX,other,0
14769,2020-05-18T22:04:00Z,MX,other,0
14770,2020-05-18T22:04:00Z,MX,other,0
14771,2020-05-18T22:04:00Z,MX,other,0
14772,2020-05-18T11:53:00Z,MX,president speech,0
14773,2020-05-18T11:53:00Z,MX,president speech,0
14774,2020-05-18T11:53:00Z,MX,president speech,0
14775,2020-05-18T11:53:00Z,MX,president speech,0
14776,2020-05-18T11:53:00Z,MX,president speech,0
14777,2020-05-17T23:59:00Z,MX,live,1
14778,2020-05-17T23:59:00Z,MX,live,1
14779,2020-05-17T23:59:00Z,MX,live,1
14780,2020-05-17T23:59:00Z,MX,live,1
14781,2020-05-17T23:59:00Z,MX,live,1
14782,2020-05-17T23:59:00Z,MX,live,1
14783,2020-05-17T23:59:00Z,MX,live,1
14784,2020-05-17T23:59:00Z,MX,live,1
14785,2020-05-17T23:59:00Z,MX,live,1
14786,2020-05-17T23:59:00Z,MX,live,1
14787,2020-05-17T22:59:00Z,MX,other,1
14788,2020-05-17T22:59:00Z,MX,other,1
14789,2020-05-17T22:59:00Z,MX,other,1
14790,2020-05-17T22:59:00Z,MX,other,1
14791,2020-05-17T22:59:00Z,MX,other,1
14792,2020-05-17T21:59:00Z,MX,other,1
14793,2020-05-17T21:59:00Z,MX,other,1
14794,2020-05-17T21:59:00Z,MX,other,1
14795,2020-05-17T21:59:00Z,MX,other,1
14796,2020-05-17T21:59:00Z,MX,other,1
14797,2020-05-16T23:58:00Z,MX,live,1
14798,2020-05-16T23:58:00Z,MX,live,1
14799,2020-05-16T23:58:00Z,MX,live,1
14800,2020-05-16T23:58:00Z,MX,live,1
14801,2020-05-16T23:58:00Z,MX,live,1
14802,2020-05-16T23:58:00Z,MX,live,1
14803,2020-05-16T23:58:00Z,MX,live,1
14804,2020-05-16T23:58:00Z,MX,live,1
14805,2020-05-16T23:58:00Z,MX,live,1
14806,2020-05-16T23:58:00Z,MX,live,1
14807,2020-05-16T22:59:00Z,MX,other,1
14808,2020-05-16T22:59:00Z,MX,other,1
14809,2020-05-16T22:59:00Z,MX,other,1
14810,2020-05-16T22:59:00Z,MX,other,1
14811,2020-05-16T22:59:00Z,MX,other,1
14812,2020-05-16T21:59:00Z,MX,other,1
14813,2020-05-16T21:59:00Z,MX,other,1
14814,2020-05-16T21:59:00Z,MX,other,1
14815,2020-05-16T21:59:00Z,MX,other,1
14816,2020-05-16T21:59:00Z,MX,other,1
14817,2020-05-15T23:57:00Z,MX,live,1
14818,2020-05-15T23:57:00Z,MX,live,1
14819,2020-05-15T23:57:00Z,MX,live,1
14820,2020-05-15T23:57:00Z,MX,live,1
14821,2020-05-15T23:57:00Z,MX,live,1
14822,2020-05-15T23:57:00Z,MX,live,1
14823,2020-05-15T23:57:00Z,MX,live,1
14824,2020-05-15T23:57:00Z,MX,live,1
14825,2020-05-15T23:57:00Z,MX,live,1
14826,2020-05-15T23:57:00Z,MX,live,1
14827,2020-05-15T22:58:00Z,MX,other,1
14828,2020-05-15T22:58:00Z,MX,other,1
14829,2020-05-15T22:58:00Z,MX,other,1
14830,2020-05-15T22:58:00Z,MX,other,1
14831,2020-05-15T22:58:00Z,MX,other,1
14832,2020-05-15T21:58:00Z,MX,other,1
14833,2020-05-15T21:58:00Z,MX,other,1
14834,2020-05-15T21:58:00Z,MX,other,1
14835,2020-05-15T21:58:00Z,MX,other,1
14836,2020-05-15T21:58:00Z,MX,other,1
14837,2020-05-15T11:54:00Z,MX,president speech,0
14838,2020-05-15T11:54:00Z,MX,president speech,0
14839,2020-05-15T11:54:00Z,MX,president speech,0
14840,2020-05-15T11:54:00Z,MX,president speech,0
14841,2020-05-15T11:54:00Z,MX,president speech,0
14842,2020-05-14T23:59:00Z,MX,live,1
14843,2020-05-14T23:59:00Z,MX,live,1
14844,2020-05-14T23:59:00Z,MX,live,1
14845,2020-05-14T23:59:00Z,MX,live,1
14846,2020-05-14T23:59:00Z,MX,live,1
14847,2020-05-14T23:59:00Z,MX,live,1
14848,2020-05-14T23:59:00Z,MX,live,1
14849,2020-05-14T23:59:00Z,MX,live,1
14850,2020-05-14T23:59:00Z,MX,live,1
14851,2020-05-14T23:59:00Z,MX,live,1
14852,2020-05-14T22:59:00Z,MX,other,1
14853,2020-05-14T22:59:00Z,MX,other,1
14854,2020-05-14T22:59:00Z,MX,other,1
14855,2020-05-14T22:59:00Z,MX,other,1
14856,2020-05-14T22:59:00Z,MX,other,1
14857,2020-05-14T21:59:00Z,MX,live,1
14858,2020-05-14T21:59:00Z,MX,live,1
14859,2020-05-14T21:59:00Z,MX,live,1
14860,2020-05-14T21:59:00Z,MX,live,1
14861,2020-05-14T21:59:00Z,MX,live,1
14862,2020-05-14T11:52:00Z,MX,president speech,0
14863,2020-05-14T11:52:00Z,MX,president speech,0
14864,2020-05-14T11:52:00Z,MX,president speech,0
14865,2020-05-14T11:52:00Z,MX,president speech,0
14866,2020-05-14T11:52:00Z,MX,president speech,0
14867,2020-05-13T23:58:00Z,MX,live,1
14868,2020-05-13T23:58:00Z,MX,live,1
14869,2020-05-13T23:58:00Z,MX,live,1
14870,2020-05-13T23:58:00Z,MX,live,1
14871,2020-05-13T23:58:00Z,MX,live,1
14872,2020-05-13T23:58:00Z,MX,live,1
14873,2020-05-13T23:58:00Z,MX,live,1
14874,2020-05-13T23:58:00Z,MX,live,1
14875,2020-05-13T23:58:00Z,MX,live,1
14876,2020-05-13T23:58:00Z,MX,live,1
14877,2020-05-13T22:58:00Z,MX,other,1
14878,2020-05-13T22:58:00Z,MX,other,1
14879,2020-05-13T22:58:00Z,MX,other,1
14880,2020-05-13T22:58:00Z,MX,other,1
14881,2020-05-13T22:58:00Z,MX,other,1
14882,2020-05-13T21:59:00Z,MX,live,1
14883,2020-05-13T21:59:00Z,MX,live,1
14884,2020-05-13T21:59:00Z,MX,live,1
14885,2020-05-13T21:59:00Z,MX,live,1
14886,2020-05-13T21:59:00Z,MX,live,1
14887,2020-05-13T11:54:00Z,MX,president speech,0
14888,2020-05-13T11:54:00Z,MX,president speech,0
14889,2020-05-13T11:54:00Z,MX,president speech,0
14890,2020-05-13T11:54:00Z,MX,president speech,0
14891,2020-05-13T11:54:00Z,MX,president speech,0
14892,2020-05-12T23:59:00Z,MX,live,1
14893,2020-05-12T23:59:00Z,MX,live,1
14894,2020-05-12T23:59:00Z,MX,live,1
14895,2020-05-12T23:59:00Z,MX,live,1
14896,2020-05-12T23:59:00Z,MX,live,1
14897,2020-05-12T23:59:00Z,MX,live,1
14898,2020-05-12T23:59:00Z,MX,live,1
14899,2020-05-12T23:59:00Z,MX,live,1
14900,2020-05-12T23:59:00Z,MX,live,1
14901,2020-05-12T23:59:00Z,MX,live,1
14902,2020-05-12T22:59:00Z,MX,other,1
14903,2020-05-12T22:59:00Z,MX,other,1
14904,2020-05-12T22:59:00Z,MX,other,1
14905,2020-05-12T22:59:00Z,MX,other,1
14906,2020-05-12T22:59:00Z,MX,other,1
14907,2020-05-12T11:54:00Z,MX,president speech,0
14908,2020-05-12T11:54:00Z,MX,president speech,0
14909,2020-05-12T11:54:00Z,MX,president speech,0
14910,2020-05-12T11:54:00Z,MX,president speech,0
14911,2020-05-12T11:54:00Z,MX,president speech,0
14912,2020-05-11T23:57:00Z,MX,live,1
14913,2020-05-11T23:57:00Z,MX,live,1
14914,2020-05-11T23:57:00Z,MX,live,1
14915,2020-05-11T23:57:00Z,MX,live,1
14916,2020-05-11T23:57:00Z,MX,live,1
14917,2020-05-11T23:57:00Z,MX,live,1
14918,2020-05-11T23:57:00Z,MX,live,1
14919,2020-05-11T23:57:00Z,MX,live,1
14920,2020-05-11T23:57:00Z,MX,live,1
14921,2020-05-11T23:57:00Z,MX,live,1
14922,2020-05-11T22:58:00Z,MX,other,1
14923,2020-05-11T22:58:00Z,MX,other,1
14924,2020-05-11T22:58:00Z,MX,other,1
14925,2020-05-11T22:58:00Z,MX,other,1
14926,2020-05-11T22:58:00Z,MX,other,1
14927,2020-05-11T11:51:00Z,MX,president speech,0
14928,2020-05-11T11:51:00Z,MX,president speech,0
14929,2020-05-11T11:51:00Z,MX,president speech,0
14930,2020-05-11T11:51:00Z,MX,president speech,0
14931,2020-05-11T11:51:00Z,MX,president speech,0
14932,2020-05-10T23:59:00Z,MX,live,1
14933,2020-05-10T23:59:00Z,MX,live,1
14934,2020-05-10T22:59:00Z,MX,other,1
14935,2020-05-10T00:00:00Z,MX,live,1
14936,2020-05-10T00:00:00Z,MX,live,1
14937,2020-05-09T22:58:00Z,MX,other,1
14938,2020-05-08T23:59:00Z,MX,live,1
14939,2020-05-08T23:59:00Z,MX,live,1
14940,2020-05-08T22:59:00Z,MX,other,1
14941,2020-05-08T11:53:00Z,MX,president speech,0
14942,2020-05-07T23:57:00Z,MX,live,1
14943,2020-05-07T23:57:00Z,MX,live,1
14944,2020-05-07T22:58:00Z,MX,other,1
14945,2020-05-07T11:53:00Z,MX,president speech,0
14946,2020-05-06T23:59:00Z,MX,live,1
14947,2020-05-06T23:59:00Z,MX,live,1
14948,2020-05-06T22:59:00Z,MX,other,1
14949,2020-05-06T11:54:00Z,MX,president speech,0
14950,2020-05-05T23:59:00Z,MX,live,1
14951,2020-05-05T23:59:00Z,MX,live,1
14952,2020-05-05T22:59:00Z,MX,other,1
14953,2020-05-05T11:52:00Z,MX,president speech,0
14954,2020-05-04T23:57:00Z,MX,live,1
14955,2020-05-04T23:57:00Z,MX,live,1
14956,2020-05-04T22:57:00Z,MX,other,1
14957,2020-05-04T11:51:00Z,MX,president speech,0
14958,2020-05-03T23:57:00Z,MX,live,1
14959,2020-05-03T23:57:00Z,MX,live,1
14960,2020-05-03T22:57:00Z,MX,other,1
14961,2020-05-02T23:59:00Z,MX,live,1
14962,2020-05-02T23:59:00Z,MX,live,1
14963,2020-05-02T22:59:00Z,MX,other,1
14964,2020-05-01T23:59:00Z,MX,live,1
14965,2020-05-01T23:59:00Z,MX,live,1
14966,2020-05-01T22:59:00Z,MX,other,1
14967,2020-05-01T12:08:00Z,MX,president speech,0
14968,2020-04-30T23:57:00Z,MX,live,1
14969,2020-04-30T23:57:00Z,MX,live,1
14970,2020-04-30T22:58:00Z,MX,other,1
14971,2020-04-30T11:54:00Z,MX,president speech,0
14972,2020-04-29T23:59:00Z,MX,live,1
14973,2020-04-29T23:59:00Z,MX,live,1
14974,2020-04-29T22:59:00Z,MX,other,1
14975,2020-04-29T11:53:00Z,MX,president speech,0
14976,2020-04-28T23:57:00Z,MX,live,1
14977,2020-04-28T23:57:00Z,MX,live,1
14978,2020-04-28T23:00:00Z,MX,other,1
14979,2020-04-28T11:53:00Z,MX,president speech,0
14980,2020-04-27T23:59:00Z,MX,live,1
14981,2020-04-27T23:59:00Z,MX,live,1
14982,2020-04-27T23:00:00Z,MX,other,1
14983,2020-04-27T11:51:00Z,MX,president speech,0
14984,2020-04-26T23:59:00Z,MX,live,1
14985,2020-04-26T23:59:00Z,MX,live,1
14986,2020-04-26T23:00:00Z,MX,other,1
14987,2020-04-25T23:58:00Z,MX,live,1
14988,2020-04-25T23:58:00Z,MX,live,1
14989,2020-04-24T23:57:00Z,MX,live,1
14990,2020-04-24T23:57:00Z,MX,live,1
14991,2020-04-24T23:01:00Z,MX,other,0
14992,2020-04-24T11:50:00Z,MX,president speech,0
14993,2020-04-23T23:59:00Z,MX,live,1
14994,2020-04-23T23:59:00Z,MX,live,1
14995,2020-04-23T11:50:00Z,MX,president speech,0
14996,2020-04-22T23:56:00Z,MX,live,1
14997,2020-04-22T23:56:00Z,MX,live,1
14998,2020-04-22T11:54:00Z,MX,president speech,0
14999,2020-04-21T23:59:00Z,MX,live,1
15000,2020-04-21T23:59:00Z,MX,live,1
15001,2020-04-21T11:51:00Z,MX,president speech,0
15002,2020-04-20T23:57:00Z,MX,live,1
15003,2020-04-20T23:57:00Z,MX,live,1
15004,2020-04-20T11:51:00Z,MX,president speech,0
15005,2020-04-19T23:57:00Z,MX,live,1
15006,2020-04-19T23:57:00Z,MX,live,1
15007,2020-04-18T23:59:00Z,MX,live,1
15008,2020-04-18T23:59:00Z,MX,live,1
15009,2020-04-17T23:59:00Z,MX,live,1
15010,2020-04-17T11:54:00Z,MX,president speech,0
15011,2020-04-16T23:58:00Z,MX,live,1
15012,2020-04-16T11:54:00Z,MX,president speech,0
15013,2020-04-15T23:59:00Z,MX,live,1
15014,2020-04-15T11:50:00Z,MX,president speech,0
15015,2020-04-14T23:58:00Z,MX,live,1
15016,2020-04-14T11:48:00Z,MX,president speech,0
15017,2020-04-13T23:59:00Z,MX,live,1
15018,2020-04-13T11:48:00Z,MX,president speech,0
15019,2020-04-12T23:59:00Z,MX,live,1
15020,2020-04-12T00:16:00Z,MX,live,0
15021,2020-04-10T23:59:00Z,MX,live,1
15022,2020-04-10T11:46:00Z,MX,president speech,0
15023,2020-04-09T23:58:00Z,MX,live,1
15024,2020-04-09T11:52:00Z,MX,president speech,0
15025,2020-04-08T23:58:00Z,MX,live,1
15026,2020-04-08T12:13:00Z,MX,president speech,0
15027,2020-04-07T23:59:00Z,MX,live,1
15028,2020-04-07T11:52:00Z,MX,president speech,0
15029,2020-04-07T00:00:00Z,MX,live,1
15030,2020-04-06T11:58:00Z,MX,president speech,0
15031,2020-04-06T00:01:00Z,MX,live,0
15032,2020-04-05T21:58:00Z,MX,other,1
15033,2020-04-05T00:00:00Z,MX,live,1
15034,2020-04-04T11:48:00Z,MX,president speech,0
15035,2020-04-04T00:00:00Z,MX,live,1
15036,2020-04-03T11:46:00Z,MX,president speech,0
15037,2020-04-03T00:00:00Z,MX,live,1
15038,2020-04-02T11:49:00Z,MX,president speech,0
15039,2020-04-02T00:00:00Z,MX,live,1
15040,2020-04-01T11:44:00Z,MX,president speech,0
15041,2020-04-01T00:00:00Z,MX,live,1
15042,2020-03-31T11:50:00Z,MX,president speech,0
15043,2020-03-31T00:04:00Z,MX,live,0
15044,2020-03-30T12:00:00Z,MX,president speech,0
15045,2020-03-30T00:00:00Z,MX,live,1
15046,2020-03-29T00:00:00Z,MX,live,1
15047,2020-03-28T00:00:00Z,MX,live,1
15048,2020-03-27T11:47:00Z,MX,president speech,0
15049,2020-03-27T00:00:00Z,MX,other,1
15050,2020-03-26T12:41:00Z,MX,president speech,0
15051,2020-03-26T00:00:00Z,MX,live,1
15052,2020-03-25T11:49:00Z,MX,president speech,0
15053,2020-03-25T00:01:00Z,MX,live,0
15054,2020-03-24T11:47:00Z,MX,president speech,0
15055,2020-03-24T00:00:00Z,MX,live,1
15056,2020-03-23T11:49:00Z,MX,president speech,0
15057,2020-03-23T00:00:00Z,MX,live,1
15058,2020-03-22T00:00:00Z,MX,live,1
15059,2020-03-21T00:00:00Z,MX,live,1
15060,2020-03-20T11:47:00Z,MX,president speech,0
15061,2020-03-20T00:00:00Z,MX,live,1
15062,2020-03-19T11:47:00Z,MX,president speech,0
15063,2020-03-19T02:35:00Z,MX,other,0
15064,2020-03-19T00:00:00Z,MX,live,1
15065,2020-03-18T11:42:00Z,MX,president speech,0
15066,2020-03-18T00:00:00Z,MX,live,1
15067,2020-03-17T12:00:00Z,MX,president speech,0
15068,2020-03-17T00:00:00Z,MX,live,1
15069,2020-03-16T11:57:00Z,MX,president speech,0
15070,2020-03-16T00:00:00Z,MX,live,1
15071,2020-03-15T00:03:00Z,MX,live,0
15072,2020-03-14T00:01:00Z,MX,live,0
15073,2020-03-13T11:48:00Z,MX,president speech,0
15074,2020-03-13T00:00:00Z,MX,live,1
15075,2020-03-12T11:45:00Z,MX,president speech,0
15076,2020-03-12T00:00:00Z,MX,live,1
15077,2020-03-11T11:51:00Z,MX,president speech,0
15078,2020-03-11T00:00:00Z,MX,live,1
15079,2020-03-10T20:02:00Z,MX,live,0
15080,2020-03-10T11:40:00Z,MX,president speech,0
15081,2020-03-10T00:00:00Z,MX,live,1
15082,2020-03-09T11:45:00Z,MX,president speech,0
15083,2020-03-08T00:00:00Z,MX,live,1
15084,2020-03-07T00:01:00Z,MX,live,0
15085,2020-03-06T11:43:00Z,MX,president speech,0
15086,2020-03-06T00:00:00Z,MX,live,1
15087,2020-03-05T11:47:00Z,MX,president speech,0
15088,2020-03-05T00:00:00Z,MX,live,1
15089,2020-03-04T11:50:00Z,MX,president speech,0
15090,2020-03-04T00:00:00Z,MX,live,1
15091,2020-03-03T11:50:00Z,MX,president speech,0
15092,2020-03-03T00:01:00Z,MX,live,0
15093,2020-03-02T11:52:00Z,MX,president speech,0
15094,2020-03-02T02:00:00Z,MX,live,0
15095,2020-03-01T02:00:00Z,MX,live,0
15096,2020-02-28T14:46:00Z,MX,other,0
15097,2020-02-28T11:53:00Z,MX,president speech,0
15098,2020-02-27T11:45:00Z,MX,president speech,0
15099,2020-02-26T11:47:00Z,MX,president speech,0
15100,2020-02-25T14:03:00Z,MX,other,0
15101,2020-02-25T11:51:00Z,MX,president speech,0
15102,2020-02-24T11:51:00Z,MX,president speech,0
15103,2020-02-21T12:52:00Z,MX,president speech,0
15104,2020-02-20T11:48:00Z,MX,president speech,0
15105,2020-02-19T13:04:00Z,MX,president speech,0
15106,2020-02-18T11:50:00Z,MX,president speech,0
15107,2020-02-17T11:54:00Z,MX,president speech,0
15108,2020-02-14T11:57:00Z,MX,president speech,0
15109,2020-02-13T12:05:00Z,MX,president speech,0
15110,2020-02-12T11:58:00Z,MX,president speech,0
15111,2020-02-11T11:49:00Z,MX,president speech,0
15112,2020-02-10T11:52:00Z,MX,president speech,0
15113,2020-02-07T12:13:00Z,MX,president speech,0
15114,2020-02-06T11:50:00Z,MX,president speech,0
15115,2020-02-05T11:49:00Z,MX,president speech,0
15116,2020-02-04T11:52:00Z,MX,president speech,0
15117,2020-02-03T11:50:00Z,MX,president speech,0
15118,2020-01-31T20:27:00Z,MX,other,0
15119,2020-01-31T11:49:00Z,MX,president speech,0
15120,2020-01-30T11:52:00Z,MX,president speech,0
15121,2020-01-29T11:55:00Z,MX,president speech,0
15122,2020-01-28T11:53:00Z,MX,president speech,0
15123,2020-01-27T11:53:00Z,MX,president speech,0
15124,2020-01-24T12:08:00Z,MX,president speech,0
15125,2020-01-23T11:50:00Z,MX,president speech,0
15126,2020-01-22T11:49:00Z,MX,president speech,0
15127,2020-01-21T11:46:00Z,MX,president speech,0
15128,2022-02-27T16:00:00Z,UK,cases,1
15129,2022-02-26T16:00:00Z,UK,cases,1
15130,2022-02-25T16:00:00Z,UK,cases,1
15131,2022-02-24T16:00:00Z,UK,cases,1
15132,2022-02-23T16:00:00Z,UK,cases,1
15133,2022-02-22T16:00:00Z,UK,cases,1
15134,2022-02-21T18:57:00Z,UK,president speech,0
15135,2022-02-21T16:00:00Z,UK,cases,1
15136,2022-02-20T16:00:00Z,UK,cases,1
15137,2022-02-19T16:00:00Z,UK,cases,1
15138,2022-02-18T16:00:00Z,UK,cases,1
15139,2022-02-17T16:00:00Z,UK,cases,1
15140,2022-02-16T16:00:00Z,UK,cases,1
15141,2022-02-14T16:04:00Z,UK,cases,1
15142,2022-02-13T16:06:00Z,UK,cases,1
15143,2022-02-12T16:09:00Z,UK,cases,1
15144,2022-02-11T16:07:00Z,UK,cases,1
15145,2022-02-10T16:11:00Z,UK,cases,1
15146,2022-02-09T16:07:00Z,UK,cases,1
15147,2022-02-08T16:07:00Z,UK,cases,1
15148,2022-02-07T16:06:00Z,UK,cases,1
15149,2022-02-06T16:15:00Z,UK,cases,1
15150,2022-02-05T16:12:00Z,UK,cases,1
15151,2022-02-04T16:20:00Z,UK,cases,1
15152,2022-02-03T16:37:00Z,UK,cases,1
15153,2022-02-02T16:05:00Z,UK,cases,1
15154,2022-02-01T17:27:00Z,UK,cases,0
15155,2022-01-30T16:13:00Z,UK,cases,1
15156,2022-01-29T16:08:00Z,UK,cases,1
15157,2022-01-28T16:38:00Z,UK,cases,1
15158,2022-01-27T16:10:00Z,UK,cases,1
15159,2022-01-26T17:00:00Z,UK,cases,1
15160,2022-01-25T16:07:00Z,UK,cases,1
15161,2022-01-24T16:04:00Z,UK,cases,1
15162,2022-01-23T16:21:00Z,UK,cases,1
15163,2022-01-22T16:10:00Z,UK,cases,1
15164,2022-01-21T16:07:00Z,UK,cases,1
15165,2022-01-20T16:14:00Z,UK,cases,1
15166,2022-01-19T16:58:00Z,UK,live,1
15167,2022-01-19T16:08:00Z,UK,cases,1
15168,2022-01-19T12:36:00Z,UK,president speech,0
15169,2022-01-18T16:03:00Z,UK,cases,1
15170,2022-01-17T16:04:00Z,UK,cases,1
15171,2022-01-16T16:18:00Z,UK,cases,1
15172,2022-01-15T16:07:00Z,UK,cases,1
15173,2022-01-14T16:04:00Z,UK,cases,1
15174,2022-01-13T16:15:00Z,UK,cases,1
15175,2022-01-12T16:04:00Z,UK,cases,1
15176,2022-01-11T16:29:00Z,UK,cases,1
15177,2022-01-10T16:32:00Z,UK,cases,1
15178,2022-01-09T16:08:00Z,UK,cases,1
15179,2022-01-08T16:05:00Z,UK,cases,1
15180,2022-01-07T16:35:00Z,UK,cases,1
15181,2022-01-06T16:11:00Z,UK,cases,1
15182,2022-01-05T16:16:00Z,UK,cases,1
15183,2022-01-05T15:36:00Z,UK,president speech,1
15184,2022-01-04T16:57:00Z,UK,president speech,1
15185,2022-01-04T16:04:00Z,UK,cases,1
15186,2021-12-31T16:09:00Z,UK,cases,1
15187,2021-12-30T20:36:00Z,UK,cases,0
15188,2021-12-29T18:04:00Z,UK,cases,0
15189,2021-12-28T17:24:00Z,UK,cases,0
15190,2021-12-27T16:14:00Z,UK,cases,1
15191,2021-12-24T16:34:00Z,UK,cases,1
15192,2021-12-24T16:23:00Z,UK,cases,1
15193,2021-12-23T16:08:00Z,UK,cases,1
15194,2021-12-22T16:32:00Z,UK,cases,1
15195,2021-12-21T16:05:00Z,UK,cases,1
15196,2021-12-20T16:05:00Z,UK,cases,1
15197,2021-12-19T16:04:00Z,UK,cases,1
15198,2021-12-18T16:06:00Z,UK,cases,1
15199,2021-12-17T20:32:00Z,UK,cases,0
15200,2021-12-16T16:31:00Z,UK,cases,1
15201,2021-12-15T17:05:00Z,UK,president speech,0
15202,2021-12-15T16:07:00Z,UK,cases,1
15203,2021-12-14T16:04:00Z,UK,cases,1
15204,2021-12-13T16:09:00Z,UK,cases,1
15205,2021-12-12T19:00:00Z,UK,cases,0
15206,2021-12-12T16:04:00Z,UK,cases,1
15207,2021-12-11T17:16:00Z,UK,cases,0
15208,2021-12-10T16:06:00Z,UK,cases,1
15209,2021-12-09T16:06:00Z,UK,cases,1
15210,2021-12-08T18:00:00Z,UK,president speech,0
15211,2021-12-08T16:10:00Z,UK,cases,1
15212,2021-12-07T16:08:00Z,UK,cases,1
15213,2021-12-06T17:00:00Z,UK,cases,1
15214,2021-12-05T17:00:00Z,UK,cases,1
15215,2021-12-04T16:08:00Z,UK,cases,1
15216,2021-12-03T16:06:00Z,UK,cases,1
15217,2021-12-02T16:19:00Z,UK,cases,1
15218,2021-12-01T17:27:00Z,UK,cases,0
15219,2021-11-30T17:48:00Z,UK,cases,0
15220,2021-11-30T16:02:00Z,UK,president speech,1
15221,2021-11-29T16:53:00Z,UK,cases,1
15222,2021-11-29T15:00:00Z,UK,live,0
15223,2021-11-28T16:05:00Z,UK,cases,1
15224,2021-11-27T20:00:00Z,UK,cases,0
15225,2021-11-27T16:56:00Z,UK,president speech,1
15226,2021-11-26T16:10:00Z,UK,cases,1
15227,2021-11-25T16:07:00Z,UK,cases,1
15228,2021-11-24T16:05:00Z,UK,cases,1
15229,2021-11-23T16:09:00Z,UK,cases,1
15230,2021-11-22T16:08:00Z,UK,cases,1
15231,2021-11-21T16:35:00Z,UK,cases,1
15232,2021-11-20T17:36:00Z,UK,cases,0
15233,2021-11-19T16:06:00Z,UK,cases,1
15234,2021-11-18T16:06:00Z,UK,cases,1
15235,2021-11-17T16:08:00Z,UK,cases,1
15236,2021-11-16T16:39:00Z,UK,cases,1
15237,2021-11-15T16:03:00Z,UK,cases,1
15238,2021-11-15T14:57:00Z,UK,president speech,0
15239,2021-11-15T09:28:00Z,UK,live,0
15240,2021-11-14T16:07:00Z,UK,cases,1
15241,2021-11-13T16:23:00Z,UK,cases,1
15242,2021-11-12T16:20:00Z,UK,cases,1
15243,2021-11-11T16:30:00Z,UK,cases,1
15244,2021-11-10T16:09:00Z,UK,cases,1
15245,2021-11-09T16:43:00Z,UK,cases,1
15246,2021-11-08T17:48:00Z,UK,cases,0
15247,2021-11-07T16:07:00Z,UK,cases,1
15248,2021-11-06T16:06:00Z,UK,cases,1
15249,2021-11-05T16:05:00Z,UK,cases,1
15250,2021-11-04T16:52:00Z,UK,cases,1
15251,2021-11-03T16:37:00Z,UK,cases,1
15252,2021-11-02T17:13:00Z,UK,cases,0
15253,2021-11-01T19:16:00Z,UK,cases,0
15254,2021-10-31T16:07:00Z,UK,cases,1
15255,2021-10-30T15:16:00Z,UK,cases,1
15256,2021-10-29T15:05:00Z,UK,cases,1
15257,2021-10-28T17:50:00Z,UK,cases,0
15258,2021-10-27T15:08:00Z,UK,cases,1
15259,2021-10-26T16:20:00Z,UK,cases,0
15260,2021-10-25T15:13:00Z,UK,cases,1
15261,2021-10-24T15:09:00Z,UK,cases,1
15262,2021-10-23T15:33:00Z,UK,cases,1
15263,2021-10-22T15:07:00Z,UK,cases,1
15264,2021-10-21T15:15:00Z,UK,cases,1
15265,2021-10-20T16:08:00Z,UK,live,0
15266,2021-10-20T15:10:00Z,UK,cases,1
15267,2021-10-19T15:11:00Z,UK,cases,1
15268,2021-10-14T15:54:00Z,UK,cases,1
15269,2021-10-13T16:07:00Z,UK,cases,0
15270,2021-10-12T15:01:00Z,UK,cases,1
15271,2021-10-11T15:03:00Z,UK,cases,1
15272,2021-10-10T15:21:00Z,UK,cases,1
15273,2021-10-09T15:23:00Z,UK,cases,1
15274,2021-10-08T15:07:00Z,UK,cases,1
15275,2021-10-07T15:14:00Z,UK,cases,1
15276,2021-10-06T15:13:00Z,UK,cases,1
15277,2021-10-05T15:06:00Z,UK,cases,1
15278,2021-10-04T15:54:00Z,UK,cases,1
15279,2021-10-03T15:01:00Z,UK,cases,1
15280,2021-10-02T16:00:00Z,UK,cases,1
15281,2021-09-30T15:30:00Z,UK,cases,1
15282,2021-09-29T15:05:00Z,UK,cases,1
15283,2021-09-28T15:05:00Z,UK,cases,1
15284,2021-09-27T15:03:00Z,UK,cases,1
15285,2021-09-26T15:10:00Z,UK,cases,1
15286,2021-09-25T15:30:00Z,UK,cases,1
15287,2021-09-24T15:27:00Z,UK,cases,1
15288,2021-09-23T15:10:00Z,UK,cases,1
15289,2021-09-22T15:05:00Z,UK,cases,1
15290,2021-09-21T15:03:00Z,UK,cases,1
15291,2021-09-20T15:06:00Z,UK,cases,1
15292,2021-09-19T15:07:00Z,UK,cases,1
15293,2021-09-18T15:02:00Z,UK,cases,1
15294,2021-09-17T15:19:00Z,UK,cases,1
15295,2021-09-16T15:02:00Z,UK,cases,1
15296,2021-09-15T15:05:00Z,UK,cases,1
15297,2021-09-14T15:45:00Z,UK,cases,1
15298,2021-09-14T14:31:00Z,UK,president speech,1
15299,2021-09-13T16:06:00Z,UK,cases,0
15300,2021-09-13T14:59:00Z,UK,live,1
15301,2021-09-12T15:04:00Z,UK,cases,1
15302,2021-09-11T15:03:00Z,UK,cases,1
15303,2021-09-10T15:07:00Z,UK,cases,1
15304,2021-09-09T15:06:00Z,UK,cases,1
15305,2021-09-08T15:10:00Z,UK,cases,1
15306,2021-09-07T16:30:00Z,UK,cases,0
15307,2021-09-07T15:00:00Z,UK,cases,1
15308,2021-09-06T20:30:00Z,UK,cases,0
15309,2021-09-06T17:30:00Z,UK,cases,0
15310,2021-09-06T15:09:00Z,UK,cases,1
15311,2021-09-05T15:06:00Z,UK,cases,1
15312,2021-09-04T15:07:00Z,UK,cases,1
15313,2021-09-03T15:01:00Z,UK,cases,1
15314,2021-09-02T15:06:00Z,UK,cases,1
15315,2021-09-01T15:03:00Z,UK,cases,1
15316,2021-04-11T15:00:00Z,UK,cases,1
15317,2021-04-10T15:00:00Z,UK,cases,1
15318,2021-04-09T15:00:00Z,UK,cases,1
15319,2021-04-09T07:30:00Z,UK,cases,0
15320,2021-04-08T15:11:00Z,UK,cases,1
15321,2021-04-08T15:00:00Z,UK,cases,1
15322,2021-04-07T15:11:00Z,UK,cases,1
15323,2021-04-07T15:00:00Z,UK,cases,1
15324,2021-04-06T15:16:00Z,UK,cases,1
15325,2021-04-06T15:00:00Z,UK,cases,1
15326,2021-04-05T15:57:00Z,UK,president speech,1
15327,2021-04-05T15:08:00Z,UK,cases,1
15328,2021-04-05T15:00:00Z,UK,cases,1
15329,2021-04-04T15:00:00Z,UK,cases,1
15330,2021-04-03T15:16:00Z,UK,cases,1
15331,2021-04-03T15:00:00Z,UK,cases,1
15332,2021-04-02T15:10:00Z,UK,cases,1
15333,2021-04-02T15:00:00Z,UK,cases,1
15334,2021-04-01T17:01:00Z,UK,cases,0
15335,2021-04-01T15:00:00Z,UK,cases,1
15336,2021-03-31T15:19:00Z,UK,cases,1
15337,2021-03-31T15:00:00Z,UK,cases,1
15338,2021-03-30T15:31:00Z,UK,cases,1
15339,2021-03-30T15:00:00Z,UK,cases,1
15340,2021-03-29T15:58:00Z,UK,president speech,1
15341,2021-03-29T15:41:00Z,UK,cases,1
15342,2021-03-29T15:00:00Z,UK,cases,1
15343,2021-03-28T15:04:00Z,UK,cases,1
15344,2021-03-28T15:00:00Z,UK,cases,1
15345,2021-03-27T16:00:00Z,UK,cases,1
15346,2021-03-25T17:26:00Z,UK,cases,0
15347,2021-03-25T16:00:00Z,UK,cases,1
15348,2021-03-24T17:21:00Z,UK,cases,0
15349,2021-03-24T16:00:00Z,UK,cases,1
15350,2021-03-23T16:58:00Z,UK,president speech,1
15351,2021-03-23T16:08:00Z,UK,cases,1
15352,2021-03-23T16:00:00Z,UK,cases,1
15353,2021-03-22T16:11:00Z,UK,cases,1
15354,2021-03-22T16:00:00Z,UK,cases,1
15355,2021-03-22T08:27:00Z,UK,cases,0
15356,2021-03-21T16:05:00Z,UK,cases,1
15357,2021-03-21T16:00:00Z,UK,cases,1
15358,2021-03-20T16:03:00Z,UK,cases,1
15359,2021-03-20T16:00:00Z,UK,cases,1
15360,2021-03-19T16:15:00Z,UK,cases,1
15361,2021-03-19T16:00:00Z,UK,cases,1
15362,2021-03-18T16:00:00Z,UK,cases,1
15363,2021-03-17T16:59:00Z,UK,live,1
15364,2021-03-17T16:15:00Z,UK,cases,1
15365,2021-03-17T16:00:00Z,UK,cases,1
15366,2021-03-16T16:39:00Z,UK,cases,1
15367,2021-03-16T16:00:00Z,UK,cases,1
15368,2021-03-15T16:15:00Z,UK,cases,1
15369,2021-03-15T16:00:00Z,UK,cases,1
15370,2021-03-14T16:09:00Z,UK,cases,1
15371,2021-03-13T16:01:00Z,UK,cases,1
15372,2021-03-13T16:00:00Z,UK,cases,1
15373,2021-03-12T16:05:00Z,UK,cases,1
15374,2021-03-12T16:00:00Z,UK,cases,1
15375,2021-03-11T16:04:00Z,UK,cases,1
15376,2021-03-11T16:00:00Z,UK,cases,1
15377,2021-03-10T16:00:00Z,UK,cases,1
15378,2021-03-09T16:12:00Z,UK,cases,1
15379,2021-03-09T16:00:00Z,UK,cases,1
15380,2021-03-08T16:20:00Z,UK,cases,1
15381,2021-03-08T16:01:00Z,UK,president speech,1
15382,2021-03-08T16:00:00Z,UK,cases,1
15383,2021-03-07T16:01:00Z,UK,cases,1
15384,2021-03-07T16:00:00Z,UK,cases,1
15385,2021-03-06T16:05:00Z,UK,cases,1
15386,2021-03-06T16:00:00Z,UK,cases,1
15387,2021-03-05T20:46:00Z,UK,cases,0
15388,2021-03-05T16:58:00Z,UK,live,1
15389,2021-03-05T16:00:00Z,UK,cases,1
15390,2021-03-04T16:07:00Z,UK,cases,1
15391,2021-03-04T16:00:00Z,UK,cases,1
15392,2021-03-03T19:31:00Z,UK,cases,0
15393,2021-03-03T16:00:00Z,UK,cases,1
15394,2021-03-02T16:11:00Z,UK,cases,1
15395,2021-03-02T16:00:00Z,UK,cases,1
15396,2021-03-02T16:00:00Z,UK,cases,1
15397,2021-03-01T17:07:00Z,UK,live,0
15398,2021-03-01T16:09:00Z,UK,cases,1
15399,2021-03-01T16:00:00Z,UK,cases,1
15400,2021-02-28T18:30:00Z,UK,cases,0
15401,2021-02-28T16:04:00Z,UK,cases,1
15402,2021-02-28T16:00:00Z,UK,cases,1
15403,2021-02-28T09:42:00Z,UK,cases,0
15404,2021-02-27T16:06:00Z,UK,cases,1
15405,2021-02-27T16:00:00Z,UK,cases,1
15406,2021-02-26T16:58:00Z,UK,live,1
15407,2021-02-26T16:05:00Z,UK,cases,1
15408,2021-02-26T16:00:00Z,UK,cases,1
15409,2021-02-26T10:59:00Z,UK,live,0
15410,2021-02-25T16:12:00Z,UK,cases,1
15411,2021-02-25T16:00:00Z,UK,cases,1
15412,2021-02-25T15:38:00Z,UK,cases,1
15413,2021-02-24T16:58:00Z,UK,live,1
15414,2021-02-24T16:06:00Z,UK,cases,1
15415,2021-02-24T16:00:00Z,UK,cases,1
15416,2021-02-23T16:00:00Z,UK,cases,1
15417,2021-02-22T18:59:00Z,UK,president speech,0
15418,2021-02-22T16:09:00Z,UK,cases,1
15419,2021-02-22T16:00:00Z,UK,cases,1
15420,2021-02-21T16:04:00Z,UK,cases,1
15421,2021-02-21T16:00:00Z,UK,cases,1
15422,2021-02-20T16:02:00Z,UK,cases,1
15423,2021-02-20T16:00:00Z,UK,cases,1
15424,2021-02-19T16:11:00Z,UK,cases,1
15425,2021-02-19T16:00:00Z,UK,cases,1
15426,2021-02-18T16:06:00Z,UK,cases,1
15427,2021-02-18T16:00:00Z,UK,cases,1
15428,2021-02-17T16:08:00Z,UK,cases,1
15429,2021-02-17T16:00:00Z,UK,cases,1
15430,2021-02-16T16:10:00Z,UK,cases,1
15431,2021-02-16T16:00:00Z,UK,cases,1
15432,2021-02-15T16:58:00Z,UK,president speech,1
15433,2021-02-15T16:08:00Z,UK,cases,1
15434,2021-02-15T16:00:00Z,UK,cases,1
15435,2021-02-14T21:21:00Z,UK,cases,0
15436,2021-02-14T16:04:00Z,UK,cases,1
15437,2021-02-14T16:00:00Z,UK,cases,1
15438,2021-02-13T16:14:00Z,UK,cases,1
15439,2021-02-13T16:00:00Z,UK,cases,1
15440,2021-02-12T16:13:00Z,UK,cases,1
15441,2021-02-12T16:00:00Z,UK,cases,1
15442,2021-02-11T18:27:00Z,UK,cases,0
15443,2021-02-11T16:00:00Z,UK,cases,1
15444,2021-02-10T23:01:00Z,UK,cases,0
15445,2021-02-10T17:00:00Z,UK,president speech,1
15446,2021-02-10T16:09:00Z,UK,cases,1
15447,2021-02-10T16:00:00Z,UK,cases,1
15448,2021-02-09T16:08:00Z,UK,cases,1
15449,2021-02-09T16:00:00Z,UK,cases,1
15450,2021-02-08T16:00:00Z,UK,cases,1
15451,2021-02-07T16:04:00Z,UK,cases,1
15452,2021-02-07T16:00:00Z,UK,cases,1
15453,2021-02-07T10:30:00Z,UK,cases,0
15454,2021-02-06T16:04:00Z,UK,cases,1
15455,2021-02-06T16:00:00Z,UK,cases,1
15456,2021-02-05T16:11:00Z,UK,cases,1
15457,2021-02-05T16:00:00Z,UK,cases,1
15458,2021-02-04T16:06:00Z,UK,cases,1
15459,2021-02-04T16:00:00Z,UK,cases,1
15460,2021-02-03T16:59:00Z,UK,president speech,1
15461,2021-02-03T16:31:00Z,UK,cases,1
15462,2021-02-03T16:00:00Z,UK,cases,1
15463,2021-02-02T16:16:00Z,UK,cases,1
15464,2021-02-02T16:00:00Z,UK,cases,1
15465,2021-02-01T20:25:00Z,UK,cases,0
15466,2021-02-01T16:59:00Z,UK,live,1
15467,2021-02-01T16:15:00Z,UK,cases,1
15468,2021-02-01T16:00:00Z,UK,cases,1
15469,2021-02-01T11:31:00Z,UK,cases,0
15470,2021-01-31T16:00:00Z,UK,cases,1
15471,2021-01-30T16:07:00Z,UK,cases,1
15472,2021-01-30T16:00:00Z,UK,cases,1
15473,2021-01-30T16:00:00Z,UK,cases,1
15474,2021-01-29T16:23:00Z,UK,cases,1
15475,2021-01-29T16:00:00Z,UK,cases,1
15476,2021-01-28T16:18:00Z,UK,cases,1
15477,2021-01-28T16:00:00Z,UK,cases,1
15478,2021-01-27T16:58:00Z,UK,president speech,1
15479,2021-01-27T16:33:00Z,UK,cases,1
15480,2021-01-27T16:00:00Z,UK,cases,1
15481,2021-01-26T17:03:00Z,UK,president speech,0
15482,2021-01-26T16:42:00Z,UK,cases,1
15483,2021-01-26T16:00:00Z,UK,cases,1
15484,2021-01-25T17:03:00Z,UK,live,0
15485,2021-01-25T16:16:00Z,UK,cases,1
15486,2021-01-25T16:00:00Z,UK,cases,1
15487,2021-01-24T16:32:00Z,UK,cases,1
15488,2021-01-24T16:00:00Z,UK,cases,1
15489,2021-01-23T16:00:00Z,UK,cases,1
15490,2021-01-22T16:59:00Z,UK,president speech,1
15491,2021-01-22T16:13:00Z,UK,cases,1
15492,2021-01-22T16:00:00Z,UK,cases,1
15493,2021-01-21T16:57:00Z,UK,live,1
15494,2021-01-21T16:24:00Z,UK,cases,1
15495,2021-01-21T16:00:00Z,UK,cases,1
15496,2021-01-20T16:09:00Z,UK,cases,1
15497,2021-01-20T16:00:00Z,UK,cases,1
15498,2021-01-19T17:36:00Z,UK,cases,0
15499,2021-01-19T16:00:00Z,UK,cases,1
15500,2021-01-18T17:40:00Z,UK,cases,0
15501,2021-01-18T17:00:00Z,UK,live,1
15502,2021-01-18T16:00:00Z,UK,cases,1
15503,2021-01-17T16:05:00Z,UK,cases,1
15504,2021-01-17T16:00:00Z,UK,cases,1
15505,2021-01-16T16:05:00Z,UK,cases,1
15506,2021-01-16T16:00:00Z,UK,cases,1
15507,2021-01-15T17:00:00Z,UK,president speech,1
15508,2021-01-15T16:13:00Z,UK,cases,1
15509,2021-01-15T16:00:00Z,UK,cases,1
15510,2021-01-14T16:00:00Z,UK,cases,1
15511,2021-01-14T16:00:00Z,UK,cases,1
15512,2021-01-13T16:13:00Z,UK,cases,1
15513,2021-01-13T16:00:00Z,UK,cases,1
15514,2021-01-12T23:29:00Z,UK,cases,0
15515,2021-01-12T17:58:00Z,UK,cases,0
15516,2021-01-12T17:00:00Z,UK,live,1
15517,2021-01-12T16:00:00Z,UK,cases,1
15518,2021-01-11T21:45:00Z,UK,cases,0
15519,2021-01-11T17:03:00Z,UK,live,0
15520,2021-01-11T16:00:00Z,UK,cases,1
15521,2021-01-10T16:00:00Z,UK,cases,1
15522,2021-01-09T16:00:00Z,UK,cases,1
15523,2021-01-08T16:00:00Z,UK,cases,1
15524,2021-01-07T16:58:00Z,UK,president speech,1
15525,2021-01-07T16:00:00Z,UK,cases,1
15526,2021-01-06T16:00:00Z,UK,cases,1
15527,2021-01-05T16:00:00Z,UK,cases,1
15528,2021-01-04T19:56:00Z,UK,president speech,0
15529,2021-01-04T18:14:00Z,UK,cases,0
15530,2021-01-04T16:00:00Z,UK,cases,1
15531,2021-01-03T16:00:00Z,UK,cases,1
15532,2021-01-02T16:00:00Z,UK,cases,1
15533,2021-01-01T16:00:00Z,UK,cases,1
15534,2020-12-31T16:00:00Z,UK,cases,1
15535,2020-12-30T16:00:00Z,UK,cases,1
15536,2020-12-30T10:42:00Z,UK,live,0
15537,2020-12-29T16:00:00Z,UK,cases,1
15538,2020-12-28T16:00:00Z,UK,cases,1
15539,2020-12-27T16:00:00Z,UK,cases,1
15540,2020-12-26T16:00:00Z,UK,cases,1
15541,2020-12-25T16:00:00Z,UK,cases,1
15542,2020-12-24T16:00:00Z,UK,cases,1
15543,2020-12-23T16:00:00Z,UK,cases,1
15544,2020-12-23T15:01:00Z,UK,live,0
15545,2020-12-22T16:00:00Z,UK,cases,1
15546,2020-12-21T17:06:00Z,UK,president speech,0
15547,2020-12-21T16:00:00Z,UK,cases,1
15548,2020-12-20T16:00:00Z,UK,cases,1
15549,2020-12-19T16:01:00Z,UK,president speech,1
15550,2020-12-19T16:01:00Z,UK,president speech,1
15551,2020-12-19T16:00:00Z,UK,cases,1
15552,2020-12-19T16:00:00Z,UK,cases,1
15553,2020-12-18T16:00:00Z,UK,cases,1
15554,2020-12-17T16:00:00Z,UK,cases,1
15555,2020-12-16T16:00:00Z,UK,cases,1
15556,2020-12-16T15:29:00Z,UK,president speech,0
15557,2020-12-15T16:00:00Z,UK,cases,1
15558,2020-12-14T17:58:00Z,UK,live,0
15559,2020-12-14T16:00:00Z,UK,cases,1
15560,2020-12-14T13:30:00Z,UK,cases,0
15561,2020-12-13T16:00:00Z,UK,cases,1
15562,2020-12-12T16:00:00Z,UK,cases,1
15563,2020-12-12T08:14:00Z,UK,cases,0
15564,2020-12-11T16:00:00Z,UK,cases,1
15565,2020-12-10T20:09:00Z,UK,cases,0
15566,2020-12-10T17:04:00Z,UK,live,0
15567,2020-12-10T16:00:00Z,UK,cases,1
15568,2020-12-09T16:00:00Z,UK,cases,1
15569,2020-12-08T16:00:00Z,UK,cases,1
15570,2020-12-07T16:00:00Z,UK,cases,1
15571,2020-12-07T16:00:00Z,UK,cases,1
15572,2020-12-06T16:00:00Z,UK,cases,1
15573,2020-12-05T16:00:00Z,UK,cases,1
15574,2020-12-04T16:00:00Z,UK,cases,1
15575,2020-12-03T16:00:00Z,UK,cases,1
15576,2020-12-02T16:59:00Z,UK,president speech,1
15577,2020-12-02T16:00:00Z,UK,cases,1
15578,2020-12-02T11:02:00Z,UK,cases,0
15579,2020-12-02T09:59:00Z,UK,live,0
15580,2020-12-01T16:00:00Z,UK,cases,1
15581,2020-11-30T16:00:00Z,UK,cases,1
15582,2020-11-29T16:00:00Z,UK,cases,1
15583,2020-11-28T16:00:00Z,UK,cases,1
15584,2020-11-27T16:00:00Z,UK,cases,1
15585,2020-11-26T16:00:00Z,UK,cases,1
15586,2020-11-25T16:00:00Z,UK,cases,1
15587,2020-11-25T16:00:00Z,UK,cases,1
15588,2020-11-24T16:00:00Z,UK,cases,1
15589,2020-11-23T20:22:00Z,UK,cases,0
15590,2020-11-23T16:00:00Z,UK,cases,1
15591,2020-11-22T16:00:00Z,UK,cases,1
15592,2020-11-21T17:00:00Z,UK,cases,1
15593,2020-11-21T16:00:00Z,UK,cases,1
15594,2020-11-16T23:10:00Z,UK,cases,0
15595,2020-11-16T16:00:00Z,UK,cases,1
15596,2020-11-16T16:00:00Z,UK,cases,1
15597,2020-11-16T10:27:00Z,UK,cases,0
15598,2020-11-15T16:00:00Z,UK,cases,1
15599,2020-11-14T16:00:00Z,UK,cases,1
15600,2020-11-14T16:00:00Z,UK,cases,1
15601,2020-11-13T16:00:00Z,UK,cases,1
15602,2020-11-12T16:00:00Z,UK,cases,1
15603,2020-11-11T16:00:00Z,UK,cases,1
15604,2020-11-10T16:00:00Z,UK,cases,1
15605,2020-11-09T16:00:00Z,UK,cases,1
15606,2020-11-08T16:00:00Z,UK,cases,1
15607,2020-11-07T16:00:00Z,UK,cases,1
15608,2020-11-06T16:00:00Z,UK,cases,1
15609,2020-11-06T11:02:00Z,UK,cases,0
15610,2020-11-05T16:00:00Z,UK,cases,1
15611,2020-11-04T16:00:00Z,UK,cases,1
15612,2020-11-03T16:00:00Z,UK,cases,1
15613,2020-11-03T10:47:00Z,UK,cases,0
15614,2020-11-02T16:00:00Z,UK,cases,1
15615,2020-11-01T16:00:00Z,UK,cases,1
15616,2020-10-31T16:00:00Z,UK,cases,1
15617,2020-10-30T16:00:00Z,UK,cases,1
15618,2020-10-29T16:00:00Z,UK,cases,1
15619,2020-10-28T16:00:00Z,UK,cases,1
15620,2020-10-27T16:00:00Z,UK,cases,1
15621,2020-10-26T16:00:00Z,UK,cases,1
15622,2020-10-25T16:00:00Z,UK,cases,1
15623,2020-10-24T15:00:00Z,UK,cases,1
15624,2020-10-23T15:00:00Z,UK,cases,1
15625,2020-10-22T15:00:00Z,UK,cases,1
15626,2020-10-21T15:00:00Z,UK,cases,1
15627,2020-10-20T15:00:00Z,UK,cases,1
15628,2020-10-19T15:00:00Z,UK,cases,1
15629,2020-10-18T15:00:00Z,UK,cases,1
15630,2020-10-17T15:00:00Z,UK,cases,1
15631,2020-10-16T15:00:00Z,UK,cases,1
15632,2020-10-15T15:00:00Z,UK,cases,1
15633,2020-10-09T09:00:00Z,UK,cases,0
15634,2020-10-07T16:43:00Z,UK,cases,0
15635,2020-10-06T16:26:00Z,UK,cases,0
15636,2020-09-24T13:57:00Z,UK,live,0
15637,2020-09-21T17:15:00Z,UK,cases,0
15638,2020-09-21T09:58:00Z,UK,live,0
15639,2020-09-11T17:46:00Z,UK,cases,0
15640,2020-09-09T14:58:00Z,UK,president speech,1
15641,2020-09-05T11:30:00Z,UK,cases,0
15642,2020-09-03T10:10:00Z,UK,cases,0
15643,2020-09-03T07:10:00Z,UK,cases,0
15644,2020-08-28T16:24:00Z,UK,cases,0
15645,2020-08-20T15:24:00Z,UK,cases,1
15646,2020-08-19T15:18:00Z,UK,cases,1
15647,2020-08-18T17:15:00Z,UK,cases,0
15648,2020-08-17T15:03:00Z,UK,cases,1
15649,2020-08-16T16:07:00Z,UK,cases,0
15650,2020-08-15T16:52:00Z,UK,cases,0
15651,2020-08-14T17:07:00Z,UK,cases,0
15652,2020-08-11T17:25:00Z,UK,cases,0
15653,2020-08-10T16:01:00Z,UK,cases,0
15654,2020-08-09T13:42:00Z,UK,cases,0
15655,2020-08-08T14:12:00Z,UK,cases,0
15656,2020-08-07T15:30:00Z,UK,cases,1
15657,2020-08-06T15:15:00Z,UK,cases,1
15658,2020-08-05T15:00:00Z,UK,cases,1
15659,2020-08-04T15:25:00Z,UK,cases,1
15660,2020-08-03T17:02:00Z,UK,cases,0
15661,2020-08-02T18:05:00Z,UK,cases,0
15662,2020-08-01T14:00:00Z,UK,cases,0
15663,2020-07-31T15:57:00Z,UK,cases,1
15664,2020-07-31T10:56:00Z,UK,president speech,0
15665,2020-07-30T15:01:00Z,UK,cases,1
15666,2020-07-29T16:58:00Z,UK,cases,0
15667,2020-07-28T16:59:00Z,UK,cases,0
15668,2020-07-27T16:25:00Z,UK,cases,0
15669,2020-07-26T14:51:00Z,UK,cases,1
15670,2020-07-25T15:04:00Z,UK,cases,1
15671,2020-07-24T16:00:00Z,UK,cases,1
15672,2020-07-23T16:13:00Z,UK,cases,0
15673,2020-07-22T14:35:00Z,UK,cases,1
15674,2020-07-21T15:01:00Z,UK,cases,1
15675,2020-07-20T16:23:00Z,UK,cases,0
15676,2020-07-19T15:46:00Z,UK,cases,1
15677,2020-07-18T13:58:00Z,UK,cases,0
15678,2020-07-17T19:59:00Z,UK,cases,0
15679,2020-07-09T15:57:00Z,UK,live,1
15680,2020-07-09T15:34:00Z,UK,cases,1
15681,2020-07-08T15:09:00Z,UK,cases,1
15682,2020-07-07T15:25:00Z,UK,cases,1
15683,2020-07-06T15:03:00Z,UK,cases,1
15684,2020-07-05T16:20:00Z,UK,cases,0
15685,2020-07-03T15:57:00Z,UK,president speech,1
15686,2020-07-02T15:57:00Z,UK,live,1
15687,2020-06-23T15:59:00Z,UK,president speech,1
15688,2020-06-22T15:58:00Z,UK,live,1
15689,2020-06-19T15:57:00Z,UK,live,1
15690,2020-06-19T09:17:00Z,UK,cases,0
15691,2020-06-18T15:58:00Z,UK,live,1
15692,2020-06-18T15:58:00Z,UK,live,1
15693,2020-06-18T11:29:00Z,UK,other,0
15694,2020-06-17T15:55:00Z,UK,live,1
15695,2020-06-16T15:57:00Z,UK,president speech,1
15696,2020-06-15T15:57:00Z,UK,live,1
15697,2020-06-12T15:55:00Z,UK,live,1
15698,2020-06-11T20:00:00Z,UK,cases,0
15699,2020-06-11T15:59:00Z,UK,live,1
15700,2020-06-11T15:59:00Z,UK,live,1
15701,2020-06-11T07:00:00Z,UK,cases,0
15702,2020-06-10T20:00:00Z,UK,cases,0
15703,2020-06-10T17:00:00Z,UK,cases,0
15704,2020-06-10T15:58:00Z,UK,president speech,1
15705,2020-06-10T15:58:00Z,UK,president speech,1
15706,2020-06-09T15:58:00Z,UK,live,1
15707,2020-06-08T15:58:00Z,UK,live,1
15708,2020-06-05T15:58:00Z,UK,live,1
15709,2020-06-04T15:59:00Z,UK,live,1
15710,2020-05-01T15:57:00Z,UK,live,1
15711,2020-04-30T15:58:00Z,UK,president speech,1
15712,2020-04-29T15:57:00Z,UK,live,1
15713,2020-04-28T15:58:00Z,UK,live,1
15714,2020-04-27T16:02:00Z,UK,live,0
15715,2020-04-26T14:58:00Z,UK,live,1
15716,2020-04-25T14:55:00Z,UK,live,1
15717,2020-04-23T16:00:00Z,UK,live,1
15718,2020-04-22T15:55:00Z,UK,live,1
15719,2020-04-21T15:59:00Z,UK,live,1
15720,2020-04-20T15:59:00Z,UK,live,1
15721,2020-04-19T14:59:00Z,UK,live,1
15722,2020-04-18T14:58:00Z,UK,live,1
15723,2020-04-17T15:58:00Z,UK,live,1
15724,2020-04-16T15:57:00Z,UK,live,1
15725,2020-04-15T15:59:00Z,UK,live,1
15726,2020-04-14T15:58:00Z,UK,live,1
15727,2020-04-13T15:58:00Z,UK,live,1
15728,2020-04-12T14:58:00Z,UK,live,1
15729,2020-04-11T15:16:00Z,UK,live,1
15730,2020-04-10T15:58:00Z,UK,live,1
15731,2020-04-09T18:52:00Z,UK,other,0
15732,2020-04-09T15:58:00Z,UK,live,1
15733,2020-04-09T06:34:00Z,UK,other,0
15734,2020-04-08T15:59:00Z,UK,live,1
15735,2020-04-07T15:59:00Z,UK,live,1
15736,2020-04-06T19:31:00Z,UK,other,0
15737,2020-04-06T16:00:00Z,UK,live,1
15738,2020-04-05T14:58:00Z,UK,live,1
15739,2020-04-05T13:26:00Z,UK,cases,0
15740,2020-04-04T14:59:00Z,UK,live,1
15741,2020-04-04T13:01:00Z,UK,cases,0
15742,2020-04-03T15:58:00Z,UK,live,1
15743,2020-04-03T13:03:00Z,UK,cases,0
15744,2020-04-02T16:26:00Z,UK,live,0
15745,2020-04-02T13:01:00Z,UK,cases,0
15746,2020-04-01T15:58:00Z,UK,live,1
15747,2020-04-01T13:08:00Z,UK,cases,0
15748,2020-03-31T16:04:00Z,UK,live,0
15749,2020-03-31T14:41:00Z,UK,cases,1
15750,2020-03-30T16:16:00Z,UK,live,0
15751,2020-03-30T15:42:00Z,UK,cases,1
15752,2020-03-29T14:58:00Z,UK,live,1
15753,2020-03-29T13:00:00Z,UK,cases,0
15754,2020-03-28T15:58:00Z,UK,live,1
15755,2020-03-28T14:05:00Z,UK,cases,0
15756,2020-03-27T17:01:00Z,UK,live,0
15757,2020-03-27T14:12:00Z,UK,cases,0
15758,2020-03-27T11:27:00Z,UK,other,0
15759,2020-03-26T18:03:00Z,UK,cases,0
15760,2020-03-26T16:58:00Z,UK,live,1
15761,2020-03-25T23:02:00Z,UK,cases,0
15762,2020-03-25T18:37:00Z,UK,cases,0
15763,2020-03-25T17:00:00Z,UK,president speech,1
15764,2020-03-24T16:30:00Z,UK,live,1
15765,2020-03-24T15:51:00Z,UK,cases,1
15766,2020-03-24T10:55:00Z,UK,cases,0
15767,2020-03-23T17:46:00Z,UK,cases,0
15768,2020-03-23T14:16:00Z,UK,cases,0
15769,2020-03-22T18:27:00Z,UK,cases,0
15770,2020-03-22T17:10:00Z,UK,president speech,0
15771,2020-03-21T18:14:00Z,UK,cases,0
15772,2020-03-21T16:44:00Z,UK,cases,1
15773,2020-03-20T17:48:00Z,UK,cases,0
15774,2020-03-20T17:00:00Z,UK,president speech,1
15775,2020-03-19T19:10:00Z,UK,cases,0
15776,2020-03-19T17:04:00Z,UK,president speech,0
15777,2020-03-19T14:47:00Z,UK,other,0
15778,2020-03-18T17:19:00Z,UK,president speech,0
15779,2020-03-18T14:09:00Z,UK,cases,0
15780,2020-03-17T17:05:00Z,UK,president speech,0
15781,2020-03-17T14:42:00Z,UK,cases,0
15782,2020-03-16T18:26:00Z,UK,cases,0
15783,2020-03-16T16:50:00Z,UK,president speech,1
15784,2020-03-15T15:40:00Z,UK,cases,1
15785,2020-03-14T14:41:00Z,UK,cases,0
15786,2020-03-13T14:00:00Z,UK,cases,0
15787,2020-03-12T16:55:00Z,UK,president speech,1
15788,2020-03-12T14:22:00Z,UK,cases,0
15789,2020-03-11T14:00:00Z,UK,cases,0
15790,2020-03-10T14:20:00Z,UK,cases,0
15791,2020-03-09T16:52:00Z,UK,president speech,1
15792,2020-03-09T14:00:00Z,UK,cases,0
15793,2020-03-08T14:00:00Z,UK,cases,0
15794,2020-03-07T14:37:00Z,UK,cases,0
15795,2020-03-06T14:31:00Z,UK,cases,0
15796,2020-03-05T16:00:00Z,UK,cases,1
15797,2020-03-04T14:15:00Z,UK,cases,0
15798,2020-03-03T14:00:00Z,UK,cases,0
15799,2020-03-03T10:46:00Z,UK,president speech,0
15800,2020-03-02T14:02:00Z,UK,cases,0
15801,2020-03-01T14:00:00Z,UK,cases,0
15802,2020-02-29T14:02:00Z,UK,cases,0
15803,2020-02-28T19:19:00Z,UK,cases,0
15804,2020-02-27T14:04:00Z,UK,cases,0
15805,2020-02-26T14:18:00Z,UK,cases,0
15806,2020-02-25T16:15:00Z,UK,cases,1
15807,2020-02-25T14:03:00Z,UK,cases,0
15808,2020-02-24T14:06:00Z,UK,cases,0
15809,2020-02-23T16:16:00Z,UK,cases,1
15810,2020-02-22T14:29:00Z,UK,cases,0
15811,2020-02-21T14:00:00Z,UK,cases,0
15812,2020-02-20T14:00:00Z,UK,cases,0
15813,2020-02-19T14:00:00Z,UK,cases,0
15814,2020-02-18T14:00:00Z,UK,cases,0
15815,2020-02-17T14:00:00Z,UK,cases,0
15816,2020-02-16T14:00:00Z,UK,cases,0
15817,2020-02-15T14:00:00Z,UK,cases,0
15818,2020-02-14T14:00:00Z,UK,cases,0
15819,2020-02-13T14:12:00Z,UK,cases,0
15820,2020-02-12T14:00:00Z,UK,cases,0
15821,2020-02-11T14:00:00Z,UK,cases,0
15822,2020-02-10T14:00:00Z,UK,cases,0
15823,2020-02-09T14:00:00Z,UK,cases,0
15824,2020-02-08T14:00:00Z,UK,cases,0
15825,2020-02-07T14:00:00Z,UK,cases,0
15826,2020-02-06T14:30:00Z,UK,cases,0
15827,2020-02-05T14:00:00Z,UK,cases,0
15828,2020-02-04T14:00:00Z,UK,cases,0
15829,2020-02-03T14:00:00Z,UK,cases,0
15830,2020-02-02T14:00:00Z,UK,cases,0
15831,2020-02-01T14:00:00Z,UK,cases,0
15832,2020-01-31T14:00:00Z,UK,cases,0
15833,2020-01-30T14:04:00Z,UK,cases,0
15834,2020-01-29T14:34:00Z,UK,cases,0
15835,2020-01-28T14:00:00Z,UK,cases,0
15836,2020-01-27T14:00:00Z,UK,cases,0
15837,2020-01-26T14:01:00Z,UK,cases,0
15838,2020-01-25T14:23:00Z,UK,cases,0
